timestamp,raw_json,skill,difficulty,question,choices,answer,explanation,Initial Feedback,P2-Revised JSON,Revised Question,Revised Choices,Revised Answer,Revised Explanation,Low Level Student Simulation,High Level Student Simulation,Question Rating,Explanation Rating,Constructive Feedback,Difficulty Rating,Total Score,Final JSON SAT Question
2025-03-12 01:59:21,"{""skill"": ""Inferences"", ""difficulty"": ""Medium"", ""question"": ""President Abraham Lincoln issued the Emancipation Proclamation in January 1863, announcing freedom for enslaved individuals in states that had seceded. By doing so, he altered the focus of the war and potentially discouraged foreign nations from allying with the Confederacy.\n\nWhich inference about the Proclamation is best supported by these details?"", ""choices"": [""A. It undermined Confederate hopes of gaining external partnerships and boosted the Union’s cause"", ""B. It immediately guaranteed equal citizenship for formerly enslaved people across all states"", ""C. It convinced the Confederate leaders to negotiate a swift end to the war"", ""D. It caused widespread territorial expansion for the Union""], ""answer"": ""A"", ""explanation"": ""From the information, Lincoln’s Emancipation Proclamation shifted foreign perception and made it riskier for Britain or France to support the Confederacy. It also strengthened the Union’s purpose. Option A captures these ideas by explaining that the Proclamation prevented alliances for the Confederacy and helped the Union’s moral and military cause. The other statements go beyond what can be directly inferred from the details provided."", ""topic"": ""The impact of the Emancipation Proclamation on the Civil War"", ""topicIndex"": 0}",Inferences,Medium,"President Abraham Lincoln issued the Emancipation Proclamation in January 1863, announcing freedom for enslaved individuals in states that had seceded. By doing so, he altered the focus of the war and potentially discouraged foreign nations from allying with the Confederacy.

Which inference about the Proclamation is best supported by these details?","A. It undermined Confederate hopes of gaining external partnerships and boosted the Union’s cause
B. It immediately guaranteed equal citizenship for formerly enslaved people across all states
C. It convinced the Confederate leaders to negotiate a swift end to the war
D. It caused widespread territorial expansion for the Union",A,"From the information, Lincoln’s Emancipation Proclamation shifted foreign perception and made it riskier for Britain or France to support the Confederacy. It also strengthened the Union’s purpose. Option A captures these ideas by explaining that the Proclamation prevented alliances for the Confederacy and helped the Union’s moral and military cause. The other statements go beyond what can be directly inferred from the details provided.","Overall, the question’s context, objective, answer choices, and explanation are clear and logically connected. Option A is supported by the passage, and the explanation correctly details why the other options are not supported. However, there are some issues that need to be addressed for the question to fully meet the Medium-difficulty guidelines:

1. Length and Complexity: The passage is very brief (fewer than 90 words) and offers only a single straightforward idea about the impact of the Proclamation. Medium-difficulty inference questions should require multi-step or moderately complex reasoning and provide a longer passage with multiple details that need to be integrated. To improve this, add extra contextual sentences that address both the change in war focus and the international (or domestic) implications. For example, you might expand the passage as follows:

  ""President Abraham Lincoln issued the Emancipation Proclamation in January 1863, announcing freedom for enslaved individuals in states that had seceded. This bold move not only redefined the Union’s moral stance but also signaled a shift in military strategy. Observers noted that by prioritizing emancipation, Lincoln indirectly challenged the legitimacy of the Confederate regime. With European powers carefully monitoring the conflict, the Proclamation appeared to reduce the likelihood that nations such as Britain or France would risk supporting a government founded on the defense of slavery. Given these implications, which inference about the Proclamation is best supported by these details?""

This revision increases the word count and requires students to connect multiple pieces of evidence from the passage.

2. Answer Choices: While the three incorrect options are clearly off based on the passage, consider ensuring that at least one or two of them are slightly more tempting by reflecting common misinterpretations. This can further test students’ ability to critically evaluate each option.

3. Explanation: The explanation is solid, but you might enhance it by explicitly mentioning that inference questions require the student to rely solely on the evidence presented without going beyond it. Adding a sentence such as, ""Remember, inference questions ask you to draw a conclusion that is most directly supported by the text without incorporating outside knowledge,"" can be very educational.

4. Formatting: The formatting in the JSON is correct, and there are no issues with spacing or notation.

In summary, while the content is logically sound, to fully align with the Medium-difficulty guidelines you should expand the passage and add more layers of context. This will engage students in multi-step reasoning and make the inference less immediately obvious.

","{""skill"": ""Inferences"", ""difficulty"": ""Medium"", ""question"": ""President Abraham Lincoln issued the Emancipation Proclamation in January 1863, announcing freedom for enslaved individuals in states that had seceded. This bold move not only redefined the Union’s moral stance but also signaled a shift in military strategy. Observers noted that by prioritizing emancipation, Lincoln indirectly challenged the legitimacy of the Confederate regime. With European powers carefully monitoring the conflict, the Proclamation appeared to reduce the likelihood that nations such as Britain or France would risk supporting a government founded on the defense of slavery.\n\nGiven these implications, which inference about the Proclamation is best supported by these details?"", ""choices"": [""A. It undermined Confederate hopes of gaining external partnerships and boosted the Union’s cause"", ""B. It immediately guaranteed equal citizenship for formerly enslaved people across all states"", ""C. It convinced the Confederate leaders to negotiate a swift end to the war"", ""D. It caused widespread territorial expansion for the Union""], ""answer"": ""A"", ""explanation"": ""From the expanded details provided, it becomes evident that Lincoln’s Emancipation Proclamation had significant international and moral effects. It repositioned the Northern war effort as a fight for human freedom, deterring foreign intervention from European nations like Britain or France and strengthening the Union’s cause. This directly supports option A. The other options are clearly not supported by the given passage: option B misrepresents the immediate legal effects of the Proclamation; option C overstates its impact on Confederate decision-making; and option D introduces an unrelated consequence."", ""topic"": ""The impact of the Emancipation Proclamation on the Civil War"", ""topicIndex"": 0}","President Abraham Lincoln issued the Emancipation Proclamation in January 1863, announcing freedom for enslaved individuals in states that had seceded. This bold move not only redefined the Union’s moral stance but also signaled a shift in military strategy. Observers noted that by prioritizing emancipation, Lincoln indirectly challenged the legitimacy of the Confederate regime. With European powers carefully monitoring the conflict, the Proclamation appeared to reduce the likelihood that nations such as Britain or France would risk supporting a government founded on the defense of slavery.

Given these implications, which inference about the Proclamation is best supported by these details?","A. It undermined Confederate hopes of gaining external partnerships and boosted the Union’s cause
B. It immediately guaranteed equal citizenship for formerly enslaved people across all states
C. It convinced the Confederate leaders to negotiate a swift end to the war
D. It caused widespread territorial expansion for the Union",A,"From the expanded details provided, it becomes evident that Lincoln’s Emancipation Proclamation had significant international and moral effects. It repositioned the Northern war effort as a fight for human freedom, deterring foreign intervention from European nations like Britain or France and strengthening the Union’s cause. This directly supports option A. The other options are clearly not supported by the given passage: option B misrepresents the immediate legal effects of the Proclamation; option C overstates its impact on Confederate decision-making; and option D introduces an unrelated consequence.",,,8,9,"The question is well written and aligns with SAT inference-style questions. The passage is clear and provides a concise historical context that guides students to the correct inference. The answer choices are mostly well-differentiated, with option A clearly supported by the details. One suggestion for improvement is to add extra nuance or detail to the passage, which could introduce additional layers of inference and make the distractors (B, C, D) slightly more tempting. Also, refining the wording of the distractors can help ensure that students must engage in multi-step reasoning rather than dismissing them outright.",8,25,"{""skill"": ""Inferences"", ""difficulty"": ""Medium"", ""question"": ""President Abraham Lincoln issued the Emancipation Proclamation in January 1863, declaring the freedom of enslaved people in Confederate-held territories. This transformative measure redefined the moral purpose of the Civil War by linking it explicitly to the abolition of slavery. Beyond its effect on internal and military dynamics, the Proclamation also sent a strong signal to the international community. By emphasizing a commitment to human rights, Lincoln sought to curtail potential foreign support for the Confederacy. Countries such as Britain and France, which had growing abolitionist sentiments, found it increasingly untenable to back a regime predicated on slavery.\n\nBased on this information, which inference about the Proclamation is best supported?"", ""choices"": [""A. It discouraged foreign allies from supporting the Confederacy and bolstered the Union's moral stance"", ""B. It immediately granted full equality to all formerly enslaved persons in the United States"", ""C. It led to swift surrender negotiations by the Confederate leadership"", ""D. It prompted the Union to expand its territorial claims""], ""answer"": ""A"", ""explanation"": ""The passage outlines how the Emancipation Proclamation aimed to erode external, especially European, support for the Confederacy by casting the Union's cause in a moral framework centered on abolitionism. This aligns directly with choice A. However, the other options are not supported by the text: option B exaggerates the immediate effects on equality; option C introduces a nonexistent outcome of the Proclamation; and option D suggests an unwarranted link between the Proclamation and territorial ambitions."", ""topic"": ""The impact of the Emancipation Proclamation"", ""topicIndex"": 0}"
2025-03-12 02:00:47,"{""skill"": ""Inferences"", ""difficulty"": ""Medium"", ""question"": ""In the original setup of the Stanford Prison Experiment, participants were assigned to be either guards or prisoners. As the study progressed, many guards began enforcing strict, and sometimes harsh, rules, while several prisoners succumbed quietly to the guards’ demands.\n\nWhich statement is most strongly supported by the description above?"", ""choices"": [""A. Individuals placed in authoritative roles may adopt harsh behaviors even without explicit orders"", ""B. The roles of prisoner and guard are always determined by strong personal biases"", ""C. Prisoners in controlled settings are incapable of resisting the decisions of the guards"", ""D. Every person who takes on a prison guard role will engage in harsh treatment of prisoners""], ""answer"": ""A"", ""explanation"": ""By reading the description, we see that some individuals in guard roles quickly embraced their power, acting in ways more extreme than one might expect. This implies that certain situational pressures can lead people to behave harshly, even without being explicitly told to do so. Options suggesting inevitability or complete helplessness go beyond the information given. The best-supported conclusion is that people in positions of authority can adopt aggressive actions in a power-based environment if circumstances allow."", ""topic"": ""The Stanford Prison Experiment and its implications on authority and power"", ""topicIndex"": 1}",Inferences,Medium,"In the original setup of the Stanford Prison Experiment, participants were assigned to be either guards or prisoners. As the study progressed, many guards began enforcing strict, and sometimes harsh, rules, while several prisoners succumbed quietly to the guards’ demands.

Which statement is most strongly supported by the description above?","A. Individuals placed in authoritative roles may adopt harsh behaviors even without explicit orders
B. The roles of prisoner and guard are always determined by strong personal biases
C. Prisoners in controlled settings are incapable of resisting the decisions of the guards
D. Every person who takes on a prison guard role will engage in harsh treatment of prisoners",A,"By reading the description, we see that some individuals in guard roles quickly embraced their power, acting in ways more extreme than one might expect. This implies that certain situational pressures can lead people to behave harshly, even without being explicitly told to do so. Options suggesting inevitability or complete helplessness go beyond the information given. The best-supported conclusion is that people in positions of authority can adopt aggressive actions in a power-based environment if circumstances allow.","Below is detailed feedback for improvement:

1. Context/Passage Length and Complexity – Medium-difficulty inference questions are expected to include a passage of at least 90 words that requires gathering clues from multiple sentences. In this question the passage is very brief (only two sentences), which may lead students to rely on a simple paraphrase rather than multi-step reasoning. To address this, expand the passage to include additional details about the experimental setup and behaviors. For example, you might revise the prompt as follows:

""In the original setup of the Stanford Prison Experiment, participants were randomly assigned to be either guards or prisoners in a simulated prison environment. Although the instructions given to the guards were intentionally vague, many quickly adopted strict and sometimes harsh methods of enforcing rules. At the same time, several prisoners, faced with the growing intensity of the situation, gradually fell into passive compliance, even when the guards’ demands appeared punitive. These evolving behaviors suggest that the situational context influenced how each group acted, even in the absence of explicit orders dictating abusive conduct.""

Then follow with: ""Which statement is most strongly supported by the description above?"" This expansion not only brings the passage above 90 words but also deepens the context to support multi-step inference.

2. Answer Choices and Explanation – The answer choices are clear with exactly one correct option (A) and three plausible distractors. The explanation correctly emphasizes that situational pressures—not predetermined personality traits or universal outcomes—led guards to adopt harsh behaviors. You might consider refining the explanation by outlining the reasoning step by step, for example: first, note the lack of explicit orders for harsh behavior, then point out how the situational context led some guards to exceed expected behavior; finally, explain why the other choices overgeneralize or introduce unsupported claims. However, the current explanation is acceptable.

3. Formatting – The JSON formatting and use of paragraph spacing are correct. The passage and question are clearly delimited, fitting the professional SAT tutoring style.

Overall, aside from the passage length and slight need for added context to ensure multi-step reasoning, the question meets the SAT inferences criteria. Adjust the passage as suggested to raise it to a medium-difficulty level.","{""skill"": ""Inferences"", ""difficulty"": ""Medium"", ""question"": ""In the original setup of the Stanford Prison Experiment, participants were randomly assigned to be either guards or prisoners in a simulated prison environment. Although the instructions given to the guards were intentionally vague, many quickly adopted strict and sometimes harsh methods of enforcing rules. At the same time, several prisoners, faced with the growing intensity of the situation, gradually fell into passive compliance, even when the guards’ demands appeared punitive. These evolving behaviors suggest that the situational context influenced how each group acted, even in the absence of explicit orders dictating abusive conduct.\n\nWhich statement is most strongly supported by the description above?"", ""choices"": [""A. Individuals placed in authoritative roles may adopt harsh behaviors even without explicit orders"", ""B. The roles of prisoner and guard are always determined by strong personal biases"", ""C. Prisoners in controlled settings are incapable of resisting the decisions of the guards"", ""D. Every person who takes on a prison guard role will engage in harsh treatment of prisoners""], ""answer"": ""A"", ""explanation"": ""The revised passage emphasizes how the roles lay on situational contexts rather than direct instructions. This supports the chosen answer (A): that individuals in power may adopt harsh behavior without explicit orders. Distractors fail due to overextension or instilling universals (choices B to D). Specifically: B assumes biases lead roles rather than random setup; C generalizes behavior without context; and D incorrectly suggests universal behavior for all guards."", ""topic"": ""The Stanford Prison Experiment and its implications on authority and power"", ""topicIndex"": 1}","In the original setup of the Stanford Prison Experiment, participants were randomly assigned to be either guards or prisoners in a simulated prison environment. Although the instructions given to the guards were intentionally vague, many quickly adopted strict and sometimes harsh methods of enforcing rules. At the same time, several prisoners, faced with the growing intensity of the situation, gradually fell into passive compliance, even when the guards’ demands appeared punitive. These evolving behaviors suggest that the situational context influenced how each group acted, even in the absence of explicit orders dictating abusive conduct.

Which statement is most strongly supported by the description above?","A. Individuals placed in authoritative roles may adopt harsh behaviors even without explicit orders
B. The roles of prisoner and guard are always determined by strong personal biases
C. Prisoners in controlled settings are incapable of resisting the decisions of the guards
D. Every person who takes on a prison guard role will engage in harsh treatment of prisoners",A,The revised passage emphasizes how the roles lay on situational contexts rather than direct instructions. This supports the chosen answer (A): that individuals in power may adopt harsh behavior without explicit orders. Distractors fail due to overextension or instilling universals (choices B to D). Specifically: B assumes biases lead roles rather than random setup; C generalizes behavior without context; and D incorrectly suggests universal behavior for all guards.,,,8,8,"The question is well-structured and clearly aligned with SAT-style inference questions. The passage is sufficiently detailed and gives students a context from which they must draw the correct inference, and the answer choices include distractors that overgeneralize, which is typical of SAT questions. However, the distractors could be made slightly more plausible by refining their language so that they appear attractive at first glance, rather than being immediately dismissible. Additionally, while the explanation is concise and correct, it could benefit from a bit more detail on how the context (vagueness of instructions and situational pressures) leads specifically to the conclusion in answer A.",8,24,"{""skill"": ""Inferences"", ""difficulty"": ""Medium"", ""question"": ""In the original setup of the Stanford Prison Experiment, participants were randomly assigned to be either guards or prisoners in a simulated prison environment. Although the instructions given to the guards were intentionally vague, many quickly adopted strict and sometimes harsh methods of enforcing rules. At the same time, several prisoners, faced with the growing intensity of the situation, gradually fell into passive compliance, even when the guards’ demands appeared punitive. These evolving behaviors suggest that the situational context influenced how each group acted, even in the absence of explicit orders dictating abusive conduct.\n\nWhich statement is most strongly supported by the description above?"", ""choices"": [""A. Individuals placed in authoritative roles may adopt harsh behaviors even without explicit orders"", ""B. The roles of prisoner and guard can influence individual behaviors regardless of their personalities"", ""C. Prisoners in controlled settings are frequently unable to challenge the decisions of the guards"", ""D. Every person who takes on a prison guard role will engage in harsh treatment of prisoners""], ""answer"": ""A"", ""explanation"": ""The passage outlines that the guards in the experiment adopted harsh tactics without explicit instructions, suggesting that authority roles can lead to such behavior situationally, which supports A. Choice B describes the influence of roles generally but doesn't address the question's emphasis on harsh behaviors. C is plausible but implies inevitability, which is not explicitly supported. D is overly absolute, as not all guards behaved harshly."", ""topic"": ""The Stanford Prison Experiment and its implications on authority and power"", ""topicIndex"": 1}"
2025-03-12 02:02:37,"{""skill"": ""Main Idea"", ""difficulty"": ""Medium"", ""question"": ""Michelson and Morley used an interferometer to measure the effect of Earth’s motion through a hypothetical “aether.” They expected the speed of light to vary as Earth moved in different directions, but their measurements showed no change. This unexpected result paved the way for Einstein’s theory of special relativity, which asserts that the speed of light is the same in all inertial frames.\n\nWhich statement best describes the main idea of the Michelson-Morley experiment’s influence on the development of special relativity?"", ""choices"": [""A) By showing that the speed of light remained constant, it challenged the idea of an aether and led Einstein to propose his new framework for physics."", ""B) Its data confirmed that light traveled slower in the direction of Earth’s motion, thereby proving the existence of an aether."", ""C) The findings indicated that light could only maintain its speed in vacuum if Earth’s velocity was precisely measured."", ""D) It demonstrated that light’s speed varied based on the observer’s vantage point, supporting strictly Newtonian perspectives.""], ""answer"": ""A"", ""explanation"": ""The Michelson-Morley experiment failed to detect the expected changes in the speed of light due to Earth’s motion through an aether, suggesting that light’s speed is invariant. Einstein used this result to develop special relativity, which accepts constant light speed as a foundational principle. The data did not show slower or variable speeds (making choices B, C, and D incorrect)."", ""topic"": ""Michelson-Morley Experiment and the discovery of special relativity"", ""topicIndex"": 1}",Main Idea,Medium,"Michelson and Morley used an interferometer to measure the effect of Earth’s motion through a hypothetical “aether.” They expected the speed of light to vary as Earth moved in different directions, but their measurements showed no change. This unexpected result paved the way for Einstein’s theory of special relativity, which asserts that the speed of light is the same in all inertial frames.

Which statement best describes the main idea of the Michelson-Morley experiment’s influence on the development of special relativity?","A) By showing that the speed of light remained constant, it challenged the idea of an aether and led Einstein to propose his new framework for physics.
B) Its data confirmed that light traveled slower in the direction of Earth’s motion, thereby proving the existence of an aether.
C) The findings indicated that light could only maintain its speed in vacuum if Earth’s velocity was precisely measured.
D) It demonstrated that light’s speed varied based on the observer’s vantage point, supporting strictly Newtonian perspectives.",A,"The Michelson-Morley experiment failed to detect the expected changes in the speed of light due to Earth’s motion through an aether, suggesting that light’s speed is invariant. Einstein used this result to develop special relativity, which accepts constant light speed as a foundational principle. The data did not show slower or variable speeds (making choices B, C, and D incorrect).","Overall, this question is strong—it presents a clear passage about the Michelson-Morley experiment, asks a focused main‐idea question, and provides one correct answer with three plausible distractors. The explanation follows, detailing why Option A is correct and why the others are not. The formatting (a single paragraph for the passage followed by a double line break before the question) is correct, and the JSON structure is professionally done.

There are two minor areas for improvement to fully meet the guidelines for a medium-difficulty SAT question:

1. Introduce the Passage Explicitly. Although the text is clear, the guidelines call for an introduction that sets up the passage. For example, add an opening sentence such as:  
  ""The following passage describes the Michelson-Morley experiment and its impact on modern physics:""  
Place this sentence immediately before the passage itself, then follow with a double line break before the question.

2. Lengthen the Passage Slightly. Medium questions should generally include at least about 90 words to require more multi-step reasoning. Consider expanding the passage with additional contextual details about the experiment or its implications. For instance, you might add a sentence explaining the long-held belief in the aether or noting how the experiment’s null result contradicted existing theories.

With these adjustments, the question will perfectly meet the highest standards for a Digital SAT main idea question.","{""skill"": ""Main Idea"", ""difficulty"": ""Medium"", ""question"": ""The following passage describes the Michelson-Morley experiment and its impact on modern physics:\n\nThe Michelson-Morley experiment was designed to detect variations in the speed of light caused by Earth's movement through the proposed \""aether,\"" a hypothetical medium thought to permeate space and support the propagation of light waves. Michelson and Morley used an interferometer to measure differences in the speed of light along different directions of Earth's motion, expecting changes consistent with the Earth's movement relative to the aether. However, their results showed no such variations: the speed of light appeared constant in all directions. This unexpected result not only challenged the concept of the aether but laid the groundwork for Einstein's theory of special relativity, which posits that the speed of light is constant for all observers in inertial frames of reference.\n\nWhich statement best describes the main idea of the Michelson-Morley experiment’s influence on the development of special relativity?"", ""choices"": [""A) By showing that the speed of light remained constant, it challenged the idea of an aether and led Einstein to propose his new framework for physics."", ""B) Its data confirmed that light traveled slower in the direction of Earth’s motion, thereby proving the existence of an aether."", ""C) The findings indicated that light could only maintain its speed in vacuum if Earth’s velocity was precisely measured."", ""D) It demonstrated that light’s speed varied based on the observer’s vantage point, supporting strictly Newtonian perspectives.""], ""answer"": ""A"", ""explanation"": ""The Michelson-Morley experiment found no changes in the speed of light due to Earth's movement through an aether, suggesting invariance in light's speed. This null result contradicted the aether hypothesis, challenging long-standing beliefs in physics. Einstein later built on this principle of constant light speed, formulated within inertial frames, to develop his special theory of relativity. The alternatives do not adequately reflect the experimental findings or their implications: B assumes the existence of the aether, which the experiment refuted; C misrepresents the need for measuring Earth's velocity for light to be constant; and D incorrectly aligns the findings with Newtonian rather than relativistic principles."", ""topic"": ""Michelson-Morley Experiment and the discovery of special relativity"", ""topicIndex"": 1}","The following passage describes the Michelson-Morley experiment and its impact on modern physics:

The Michelson-Morley experiment was designed to detect variations in the speed of light caused by Earth's movement through the proposed ""aether,"" a hypothetical medium thought to permeate space and support the propagation of light waves. Michelson and Morley used an interferometer to measure differences in the speed of light along different directions of Earth's motion, expecting changes consistent with the Earth's movement relative to the aether. However, their results showed no such variations: the speed of light appeared constant in all directions. This unexpected result not only challenged the concept of the aether but laid the groundwork for Einstein's theory of special relativity, which posits that the speed of light is constant for all observers in inertial frames of reference.

Which statement best describes the main idea of the Michelson-Morley experiment’s influence on the development of special relativity?","A) By showing that the speed of light remained constant, it challenged the idea of an aether and led Einstein to propose his new framework for physics.
B) Its data confirmed that light traveled slower in the direction of Earth’s motion, thereby proving the existence of an aether.
C) The findings indicated that light could only maintain its speed in vacuum if Earth’s velocity was precisely measured.
D) It demonstrated that light’s speed varied based on the observer’s vantage point, supporting strictly Newtonian perspectives.",A,"The Michelson-Morley experiment found no changes in the speed of light due to Earth's movement through an aether, suggesting invariance in light's speed. This null result contradicted the aether hypothesis, challenging long-standing beliefs in physics. Einstein later built on this principle of constant light speed, formulated within inertial frames, to develop his special theory of relativity. The alternatives do not adequately reflect the experimental findings or their implications: B assumes the existence of the aether, which the experiment refuted; C misrepresents the need for measuring Earth's velocity for light to be constant; and D incorrectly aligns the findings with Newtonian rather than relativistic principles.",,,9,9,"The question is clear, well-structured, and closely aligned with SAT main idea questions. The passage provides sufficient context and a good contrast between the expected results and the actual findings, while the distractors are plausible enough to challenge students. One minor improvement is to ensure that the wording in answer choice A explicitly mirrors the passage by mentioning 'special relativity' directly, rather than using a more general phrase like 'new framework for physics.' This would improve precision and further align with the text.",9,27,"{""skill"": ""Main Idea"", ""difficulty"": ""Medium"", ""question"": ""The following passage describes the Michelson-Morley experiment and its impact on modern physics:\n\nThe Michelson-Morley experiment was designed to detect variations in the speed of light caused by Earth's movement through the proposed \""aether,\"" a hypothetical medium thought to permeate space and support the propagation of light waves. Michelson and Morley used an interferometer to measure differences in the speed of light along different directions of Earth's motion, expecting changes consistent with Earth's movement relative to the aether. However, their results showed no such variations: the speed of light appeared constant in all directions. This unexpected result not only challenged the concept of the aether but laid the groundwork for Einstein's theory of special relativity, which posits that the speed of light is constant for all observers in inertial frames of reference.\n\nWhich statement best describes the main idea of the Michelson-Morley experiment's influence on the development of special relativity?"", ""choices"": [""A) By showing that the speed of light remained constant, it challenged the idea of an aether and contributed to Einstein's theory of special relativity."", ""B) Its data confirmed that light traveled slower in the direction of Earth's motion, thereby proving the existence of an aether."", ""C) The findings indicated that light could only maintain its speed in a vacuum if Earth's velocity was precisely measured."", ""D) It demonstrated that light's speed varied based on the observer's vantage point, supporting strictly Newtonian perspectives.""], ""answer"": ""A"", ""explanation"": ""The Michelson-Morley experiment found no changes in the speed of light due to Earth's movement through an aether, suggesting invariance in light's speed. This null result contradicted the aether hypothesis, challenging long-standing beliefs in physics. Einstein later built on this principle of constant light speed, formulated within inertial frames, to develop his special theory of relativity. The alternatives do not adequately reflect the experimental findings or their implications: B assumes the existence of the aether, which the experiment refuted; C misrepresents the need for measuring Earth's velocity for light to be constant; and D incorrectly aligns the findings with Newtonian rather than relativistic principles."", ""topic"": ""Michelson-Morley Experiment and the discovery of special relativity"", ""topicIndex"": 1}"
2025-03-12 02:04:14,"{""skill"": ""Main Idea"", ""difficulty"": ""Hard"", ""question"": ""In the late 1990s, Enron rapidly grew its energy business by creating innovative trading strategies while branching into diverse ventures. This outward expansion concealed rising debt and complex financial schemes. Once exposed, these hidden liabilities contributed to the company’s collapse, which affected public trust and triggered significant reforms aimed at preventing similar abuses from recurring.\n\nWhich choice best captures the central idea of the passage?"", ""choices"": [""A. Enron’s energy traditions overshadowed all other corporate pursuits, making expansion impossible"", ""B. New regulations stemming from Enron’s downfall primarily protected only large corporations"", ""C. Enron’s slow decline was purely caused by weak foreign market investments"", ""D. Enron’s aggressive growth strategies and hidden financial deals led to its collapse and major corporate reforms""], ""answer"": ""D"", ""explanation"": ""The passage focuses on Enron’s ambitious growth coupled with hidden financial practices, which ultimately caused its downfall and spurred significant changes to business regulations. Choice D concisely represents this main idea. Choices A, B, and C narrow the scope in inaccurate ways, neglecting key details about Enron’s rapid expansion, hidden liabilities, and the regulatory impact of its collapse."", ""topic"": ""The rise and fall of Enron and corporate fraud"", ""topicIndex"": 1}",Main Idea,Hard,"In the late 1990s, Enron rapidly grew its energy business by creating innovative trading strategies while branching into diverse ventures. This outward expansion concealed rising debt and complex financial schemes. Once exposed, these hidden liabilities contributed to the company’s collapse, which affected public trust and triggered significant reforms aimed at preventing similar abuses from recurring.

Which choice best captures the central idea of the passage?","A. Enron’s energy traditions overshadowed all other corporate pursuits, making expansion impossible
B. New regulations stemming from Enron’s downfall primarily protected only large corporations
C. Enron’s slow decline was purely caused by weak foreign market investments
D. Enron’s aggressive growth strategies and hidden financial deals led to its collapse and major corporate reforms",D,"The passage focuses on Enron’s ambitious growth coupled with hidden financial practices, which ultimately caused its downfall and spurred significant changes to business regulations. Choice D concisely represents this main idea. Choices A, B, and C narrow the scope in inaccurate ways, neglecting key details about Enron’s rapid expansion, hidden liabilities, and the regulatory impact of its collapse.","Below is our detailed review of the question based on the checklist and guidelines:

1. Context and Objective – The question does state an objective (“Which choice best captures the central idea of the passage?”) and provides a complete passage. However, it does not include an introductory line that situates the passage (for example, “The following text is adapted from…”). SAT questions following our guidelines should preface the passage; adding a brief introduction would make the context even clearer.

2. Sufficient Information – The passage contains all necessary details for determining that Enron’s aggressive growth strategies and concealed financial liabilities led to its collapse and subsequent reforms. Thus, there is enough information to arrive at the correct answer.

3. Answer Choices – There is exactly one correct answer (D) with three distractors. However, the distractors are very far removed from the passage’s details and might be too easily ruled out. For a Hard question, distractors should be more sophisticated and plausible by including subtle flaws (for example, one distractor might be rephrased to capture part of the idea of Enron’s growth while misidentifying the causal mechanism).

4. Explanation – The explanation is concise and clearly states why D is the best answer. Still, it could be improved by expanding on why each incorrect option is flawed. For instance, you might note: “Choice A incorrectly suggests that Enron’s longstanding energy traditions prevented its expansion, which is not mentioned. Choice B misattributes the reforms’ target groups, and Choice C falsely claims a slow decline due solely to foreign market investments.” Adding these details would provide more concrete reasoning that is educational to high school students.

5. Formatting – The passage is formatted as a single paragraph with a double line break before the question, which is correct. However, the guidelines require an introduction to the text (using italics for books and “quotations” for poems, as applicable). Including a brief introductory sentence such as “The following passage is excerpted from a contemporary analysis of corporate practices” would bring the question fully in line with SAT formatting standards.

6. Difficulty Level – Although the difficulty is labeled “Hard,” the passage (at about 60 words) presents an explicit main idea. According to our guidelines, Hard questions should be longer (around 110+ words), employ more advanced and abstract language, and require multi-step synthesis. To elevate the difficulty, you could expand the passage with additional nuanced details and perhaps incorporate more abstract commentary on Enron’s practices, forcing students to integrate multiple pieces of information. You may also wish to reformulate the distractors so that a surface reading might trap a student who does not fully synthesize all parts of the passage.

Specific Suggestions for Improvement:
• Insert an introductory line before the passage. For example, change the beginning of the question to:  
  “The following passage is excerpted from a contemporary analysis of corporate financial practices.”  
  Then include a double line break before the passage text.
• Expand the passage to at least 110 words and incorporate more sophisticated vocabulary and subtle implications. For example, include extra sentences that hint at broader themes such as corporate ethics or the market’s reaction.
• Adjust distractors to be more plausible. For example, consider revising option A to:  
  “A. Enron’s relentless pursuit of innovative trading strategies ultimately eclipsed any sustainable financial practices,”  
  and option B to:  
  “B. The regulatory reforms that followed Enron’s collapse were designed primarily to address aggressive expansion methods rather than accounting irregularities.”  
  This way, the incorrect choices share surface elements with the correct answer but contain a subtle misinterpretation of the passage.
• In the explanation, add one or two sentences explaining why each incorrect option is wrong.

Overall, the question has a clear structure and correct answer/explanation—but to fully meet our highest standards for Hard-difficulty SAT questions, the passage needs more complexity and an introductory context must be added.","{""skill"": ""Main Idea"", ""difficulty"": ""Hard"", ""question"": ""The following passage is excerpted from a contemporary analysis of corporate financial practices:\n\n\""In the late 1990s, Enron rapidly expanded its energy business through innovative trading strategies and ventured into diverse sectors. However, these aggressive strategies masked an ever-growing mountain of debt and a web of complex financial manipulations. This obfuscation, once uncovered, not only led to Enron's quick collapse but also eroded public trust, prompting significant corporate and regulatory reforms aimed at preventing such practices in the future.\""\n\nWhich choice best captures the central idea of the passage?"", ""choices"": [""A. Enron’s aggressive pursuit of market dominance overshadowed the need for ethical financial management."", ""B. Regulatory reforms following Enron’s collapse focused primarily on restricting certain types of market expansions."", ""C. Enron’s diversification into various markets proved unsustainable due to international financial pressures."", ""D. Enron’s swift growth and concealed financial practices culminated in a dramatic downfall and systemic reforms.""], ""answer"": ""D"", ""explanation"": ""The passage outlines how Enron's rapid and ambitious growth efforts, coupled with hidden financial liabilities, led to its downfall and spurred significant regulatory changes. Choice D encapsulates this central idea effectively. On the other hand, choice A is incorrect as it overemphasizes the ethical aspect without focusing on the reforms. Choice B inaccurately suggests the reforms were targeted only at market expansion strategies, which is not stated. Choice C shifts focus to international markets, which is not mentioned in the passage."", ""topic"": ""The rise and fall of Enron and corporate fraud"", ""topicIndex"": 1}","The following passage is excerpted from a contemporary analysis of corporate financial practices:

""In the late 1990s, Enron rapidly expanded its energy business through innovative trading strategies and ventured into diverse sectors. However, these aggressive strategies masked an ever-growing mountain of debt and a web of complex financial manipulations. This obfuscation, once uncovered, not only led to Enron's quick collapse but also eroded public trust, prompting significant corporate and regulatory reforms aimed at preventing such practices in the future.""

Which choice best captures the central idea of the passage?","A. Enron’s aggressive pursuit of market dominance overshadowed the need for ethical financial management.
B. Regulatory reforms following Enron’s collapse focused primarily on restricting certain types of market expansions.
C. Enron’s diversification into various markets proved unsustainable due to international financial pressures.
D. Enron’s swift growth and concealed financial practices culminated in a dramatic downfall and systemic reforms.",D,"The passage outlines how Enron's rapid and ambitious growth efforts, coupled with hidden financial liabilities, led to its downfall and spurred significant regulatory changes. Choice D encapsulates this central idea effectively. On the other hand, choice A is incorrect as it overemphasizes the ethical aspect without focusing on the reforms. Choice B inaccurately suggests the reforms were targeted only at market expansion strategies, which is not stated. Choice C shifts focus to international markets, which is not mentioned in the passage.",,,8,8,"The question is well-structured and clearly asks for the central idea of the passage. The answer choices are plausible and subtly different from one another, which is appropriate for a main idea question. The explanation effectively identifies why D is correct and outlines why the distractors fall short. To improve the question further, consider expanding the passage or adding layers that require the student to synthesize multiple aspects of the text. This would better fulfill the multi-step reasoning element expected of a hard difficulty level and further challenge high-performing students.",6,22,"{""skill"": ""Main Idea"", ""difficulty"": ""Hard"", ""question"": ""The following passage is excerpted from a contemporary analysis of corporate financial practices:\n\n\""In the late 1990s, Enron rapidly expanded its energy business through innovative trading strategies and ventured into diverse sectors. However, these aggressive strategies masked an ever-growing mountain of debt and a web of complex financial manipulations. This obfuscation, once uncovered, not only led to Enron's quick collapse but also eroded public trust, prompting significant corporate and regulatory reforms aimed at preventing such practices in the future.\""\n\nWhich choice best captures the central idea of the passage?"", ""choices"": [""A. Enron’s aggressive pursuit of market dominance overshadowed the need for ethical financial management."", ""B. Regulatory reforms following Enron’s collapse focused primarily on restricting certain types of market expansions."", ""C. Enron’s diversification into various markets proved unsustainable due to international financial pressures."", ""D. Enron’s swift growth and concealed financial practices culminated in a dramatic downfall and systemic reforms.""], ""answer"": ""D"", ""explanation"": ""The passage outlines how Enron's rapid and ambitious growth efforts, coupled with hidden financial liabilities, led to its downfall and spurred significant regulatory changes. Choice D encapsulates this central idea effectively. On the other hand, choice A is incorrect as it overemphasizes the ethical aspect without focusing on the reforms. Choice B inaccurately suggests the reforms were targeted only at market expansion strategies, which is not stated. Choice C shifts focus to international markets, which is not mentioned in the passage."", ""topic"": ""The rise and fall of Enron and corporate fraud"", ""topicIndex"": 1}"
2025-03-12 02:05:44,"{""skill"": ""Main Idea"", ""difficulty"": ""Hard"", ""question"": ""In Plato’s Allegory of the Cave, prisoners see only shadows on the cave wall until one is released to witness the outside world. Which statement best describes the primary insight this allegory offers about the relationship between perception and truth?\n\nWhich choice most accurately captures the allegory’s main point?"", ""choices"": [""People can easily find truth without changing their surroundings"", ""Individuals remain content with partial truths if they seem familiar"", ""Absolute reality cannot be known once we bond with illusions"", ""True understanding involves moving beyond appearances to grasp deeper realities""], ""answer"": ""D"", ""explanation"": ""Plato’s allegory illustrates how superficial perceptions, like shadows on a wall, can limit one’s awareness of genuine reality. The freed prisoner’s journey toward the light symbolizes how individuals must transcend comfortable but illusory views in order to discover a broader understanding of truth. By highlighting this shift from shadows to real forms, Plato underscores the idea that authentic knowledge arises from challenging and moving beyond initial impressions."", ""topic"": ""Plato’s Allegory of the Cave and its implications on reality and knowledge"", ""topicIndex"": 0}",Main Idea,Hard,"In Plato’s Allegory of the Cave, prisoners see only shadows on the cave wall until one is released to witness the outside world. Which statement best describes the primary insight this allegory offers about the relationship between perception and truth?

Which choice most accurately captures the allegory’s main point?","People can easily find truth without changing their surroundings
Individuals remain content with partial truths if they seem familiar
Absolute reality cannot be known once we bond with illusions
True understanding involves moving beyond appearances to grasp deeper realities",D,"Plato’s allegory illustrates how superficial perceptions, like shadows on a wall, can limit one’s awareness of genuine reality. The freed prisoner’s journey toward the light symbolizes how individuals must transcend comfortable but illusory views in order to discover a broader understanding of truth. By highlighting this shift from shadows to real forms, Plato underscores the idea that authentic knowledge arises from challenging and moving beyond initial impressions.","Below is our detailed feedback:

1. Context and Introduction – The question does state the basic context (“In Plato’s Allegory of the Cave…”), but it does not follow the prescribed formatting guidelines. You should introduce the text using a brief introduction that clearly identifies the source—for example, if you want to refer to this well-known allegory, you might write something like:

  The following excerpt is from Plato’s Allegory of the Cave (from his work, Plato’s Republic). In this allegory, prisoners see only shadows on the cave wall until one is released to witness the outside world.

  (The title of a work of literature should be italicized; if it were a poem or short work, use quotation marks.) Then include a double line break (using “\n\n”) before the question.

2. Formatting – The question currently includes two nearly identical prompts (“Which statement best describes the primary insight this allegory offers about the relationship between perception and truth?” and “Which choice most accurately captures the allegory’s main point?”). This redundancy should be eliminated in a high-quality SAT item. Keep one clear, stand-alone question after the properly formatted introduction.

3. Answer Choices, Correct Answer, and Explanation – The four answer choices are well constructed, with one correct answer (“D”) and three distractors that are plausible upon a superficial reading. The explanation is clear and succinct—after stating that answer D best captures the idea that one must “move beyond appearances to grasp deeper realities,” it briefly describes why the other choices do not hold. This aspect meets the educational and analytical rigor expected of Hard-difficulty items.

4. Difficulty and Abstract Reasoning – The question, concerning a classical and abstract allegory about perception versus truth, aligns with the Hard-difficulty guidelines by demanding synthesis of multiple ideas and interpreting nuanced metaphors.

Specific suggested revision (rewritten following the formatting guidelines):

  The following excerpt is from Plato’s Allegory of the Cave, a passage from Plato’s Republic. In this allegory, prisoners confined in a cave see only shadows on the wall until one is released and discovers the outside world.

   Which statement best describes the primary insight this allegory offers about the relationship between perception and truth?

  A) People can easily find truth without changing their surroundings  
  B) Individuals remain content with partial truths if they seem familiar  
  C) Absolute reality cannot be known once we bond with illusions  
  D) True understanding involves moving beyond appearances to grasp deeper realities

Overall, while the content and answer development are strong, the question currently does not meet all prescribed formatting standards and contains redundant questions. Addressing these formatting issues (clear introductory text with proper italics/quotation marks, a double line break before the singular final question, and removal of duplicate prompts) will make the item fully compliant with high-quality SAT guidelines.

Keep the solid answer choices and explanation unchanged.

","{""skill"": ""Main Idea"", ""difficulty"": ""Hard"", ""question"": ""The following excerpt is from *Plato’s Allegory of the Cave*, a passage in *Plato’s Republic*. In this allegory, prisoners confined in a cave see only shadows on the wall, until one is released and discovers the outside world.\n\nWhich statement best describes the primary insight this allegory offers about the relationship between perception and truth?"", ""choices"": [""People can easily find truth without changing their surroundings"", ""Individuals remain content with partial truths if they seem familiar"", ""Absolute reality cannot be known once we bond with illusions"", ""True understanding involves moving beyond appearances to grasp deeper realities""], ""answer"": ""D"", ""explanation"": ""Plato’s allegory illustrates how superficial perceptions, like shadows on a wall, can limit one’s awareness of genuine reality. The freed prisoner’s journey toward the light symbolizes how individuals must transcend comfortable but illusory views in order to discover a broader understanding of truth. By highlighting this shift from shadows to real forms, Plato underscores the idea that authentic knowledge arises from challenging and moving beyond initial impressions."", ""topic"": ""Plato’s Allegory of the Cave and its implications on reality and knowledge"", ""topicIndex"": 0}","The following excerpt is from *Plato’s Allegory of the Cave*, a passage in *Plato’s Republic*. In this allegory, prisoners confined in a cave see only shadows on the wall, until one is released and discovers the outside world.

Which statement best describes the primary insight this allegory offers about the relationship between perception and truth?","People can easily find truth without changing their surroundings
Individuals remain content with partial truths if they seem familiar
Absolute reality cannot be known once we bond with illusions
True understanding involves moving beyond appearances to grasp deeper realities",D,"Plato’s allegory illustrates how superficial perceptions, like shadows on a wall, can limit one’s awareness of genuine reality. The freed prisoner’s journey toward the light symbolizes how individuals must transcend comfortable but illusory views in order to discover a broader understanding of truth. By highlighting this shift from shadows to real forms, Plato underscores the idea that authentic knowledge arises from challenging and moving beyond initial impressions.",,,7,8,"The question is generally clear and aligned with the main idea skill, and the answer choices are logically constructed with a clearly correct answer supported by a concise explanation. However, the passage provided is very brief for a question labeled as Hard. Hard difficulty items typically involve more advanced vocabulary, a longer passage that demands multi-step reasoning, and distractors that appear plausible through partial analysis. To improve the item, consider providing a longer excerpt from Plato’s text with more nuanced language and deeper layers of meaning, and refine the distractors to include more subtle traps.",4,19,"{""skill"": ""Main Idea"", ""difficulty"": ""Hard"", ""question"": ""The following excerpt is from *Plato’s Allegory of the Cave*, a passage in *Plato’s Republic*. In this allegory, prisoners confined in a cave see only shadows on the wall, until one is released and discovers the outside world.\n\nWhich statement best describes the primary insight this allegory offers about the relationship between perception and truth?"", ""choices"": [""People can easily find truth without changing their surroundings"", ""Individuals remain content with partial truths if they seem familiar"", ""Absolute reality cannot be known once we bond with illusions"", ""True understanding involves moving beyond appearances to grasp deeper realities""], ""answer"": ""D"", ""explanation"": ""Plato’s allegory illustrates how superficial perceptions, like shadows on a wall, can limit one’s awareness of genuine reality. The freed prisoner’s journey toward the light symbolizes how individuals must transcend comfortable but illusory views in order to discover a broader understanding of truth. By highlighting this shift from shadows to real forms, Plato underscores the idea that authentic knowledge arises from challenging and moving beyond initial impressions."", ""topic"": ""Plato’s Allegory of the Cave and its implications on reality and knowledge"", ""topicIndex"": 0}"
2025-03-12 02:07:21,"{""skill"": ""Main Idea"", ""difficulty"": ""Hard"", ""question"": ""Read the passage below.\n\nDuring the Harlem Renaissance, many poets were inspired by the rhythmic possibilities of jazz, weaving its syncopated beats and improvisational qualities into their verse. Meanwhile, jazz composers found new inspiration in the poetic innovations of the era, experimenting with melody and tempo to create a distinctive sound rooted in both African American traditions and modern forms of expression.\n\nWhich choice best states the main idea of the passage?"", ""choices"": [""A. Jazz musicians and poets during the Harlem Renaissance remained loyal to older forms of expression"", ""B. Poets often rejected music entirely during the Harlem Renaissance to focus solely on traditional forms"", ""C. The Harlem Renaissance celebrated stable, unchanging traditions in both poetry and music"", ""D. Poets and jazz composers enriched each other’s work, ushering in new artistic styles that shaped American culture""], ""answer"": ""D"", ""explanation"": ""The passage describes how jazz composers and poets influenced one another’s work during the Harlem Renaissance, creating new styles that merged traditional and contemporary methods to impact American culture. Choices A, B, and C are incorrect because they either suggest resistance to innovation or focus on preserving tradition rather than embracing a collaborative transformation of music and poetry."", ""topic"": ""The influence of the Harlem Renaissance on jazz and poetry"", ""topicIndex"": 0}",Main Idea,Hard,"Read the passage below.

During the Harlem Renaissance, many poets were inspired by the rhythmic possibilities of jazz, weaving its syncopated beats and improvisational qualities into their verse. Meanwhile, jazz composers found new inspiration in the poetic innovations of the era, experimenting with melody and tempo to create a distinctive sound rooted in both African American traditions and modern forms of expression.

Which choice best states the main idea of the passage?","A. Jazz musicians and poets during the Harlem Renaissance remained loyal to older forms of expression
B. Poets often rejected music entirely during the Harlem Renaissance to focus solely on traditional forms
C. The Harlem Renaissance celebrated stable, unchanging traditions in both poetry and music
D. Poets and jazz composers enriched each other’s work, ushering in new artistic styles that shaped American culture",D,"The passage describes how jazz composers and poets influenced one another’s work during the Harlem Renaissance, creating new styles that merged traditional and contemporary methods to impact American culture. Choices A, B, and C are incorrect because they either suggest resistance to innovation or focus on preserving tradition rather than embracing a collaborative transformation of music and poetry.","Overall, the question is well written and properly formatted. The text is introduced clearly, with a double line break separating the passage from the question, and the answer choices (including the correct answer along with plausible distractors) are aligned with the main idea task. The explanation is succinct and helpful.

However, one issue remains: although the JSON labels the question as ""Hard,"" the passage itself is only two sentences long and states its ideas rather straightforwardly, which does not fully meet the Hard-difficulty guidelines (requiring complex vocabulary, multi-step reasoning, and nuanced or abstract themes). To align with a true Hard-level question, consider one of the following approaches:

• Increase the passage length and complexity. For example, expand the passage to at least 110 words by adding additional sentences that introduce ambiguity or subtle tensions in how poetry and jazz influenced each other. You might include nuances such as contrasting traditional and innovative elements or mentioning subtle ideological undercurrents among the artists. This would demand deeper, multi-layered analysis.
  
• Alternatively, if you wish to retain the current passage due to its clarity or brevity, then change the difficulty label from ""Hard"" to ""Medium"" so it accurately reflects the required level of analysis.

For example, to modify the passage for Hard difficulty, you might revise it as follows:

""Read the passage below.

During the Harlem Renaissance, poets and jazz composers engaged in a dynamic dialogue that transcended simple artistic inspiration. Poets, while drawing on the syncopated rhythms of jazz, often infused their verse with a tension between historical tradition and innovative experimentation. Simultaneously, jazz composers, influenced by the poetic imagery and subtle nuances of contemporary literature, experimented with unconventional melody and tempo, challenging established musical conventions. This interplay not only fostered a vibrant exchange of ideas but also raised critical questions about the evolving nature of African American cultural expression.

Which choice best states the main idea of the passage?""

Such a revision introduces more sophisticated language and requires the reader to synthesize multiple layers of information, thereby meeting the advanced reasoning expected for Hard-difficulty questions.

In summary, while the formatting and overall structure of your question are strong, you need to either adjust the difficulty label or increase the complexity of the passage to fully satisfy the Hard-difficulty criteria.","{""skill"": ""Main Idea"", ""difficulty"": ""Hard"", ""question"": ""Read the passage below.\n\nDuring the Harlem Renaissance, poets and jazz composers engaged in a dynamic dialogue that transcended simple artistic inspiration. Poets, while drawing on the syncopated rhythms of jazz, often infused their verse with a tension between historical tradition and innovative experimentation. Simultaneously, jazz composers, influenced by the poetic imagery and subtle nuances of contemporary literature, experimented with unconventional melody and tempo, challenging established musical conventions. This interplay not only fostered a vibrant exchange of ideas but also raised critical questions about the evolving nature of African American cultural expression.\n\nWhich choice best states the main idea of the passage?"", ""choices"": [""A."", ""The Harlem Renaissance was a period characterized by stability in the arts, favoring traditional influences over innovation."", ""B."", ""Artists during the Harlem Renaissance focused primarily on their individual crafts, avoiding cross-disciplinary influences."", ""C."", ""The interplay between jazz and poetry during the Harlem Renaissance reflected and drove evolving cultural narratives and innovations."", ""D."", ""Jazz and poetry during the Harlem Renaissance struggled to find a common ground, leading to a division in artistic communities.""], ""answer"": ""C"", ""explanation"": ""The passage discusses the mutual influence between poets and jazz composers during the Harlem Renaissance, emphasizing their dynamic interaction and ideological exploration, which reflects evolving cultural narratives. Choices A and B incorrectly present the era as either traditionalist or siloed, neither of which align with the described artistic dialogue. Choice D suggests disunity rather than collaboration, which contradicts the passage's themes."", ""topic"": ""The influence of the Harlem Renaissance on jazz and poetry"", ""topicIndex"": 0}","Read the passage below.

During the Harlem Renaissance, poets and jazz composers engaged in a dynamic dialogue that transcended simple artistic inspiration. Poets, while drawing on the syncopated rhythms of jazz, often infused their verse with a tension between historical tradition and innovative experimentation. Simultaneously, jazz composers, influenced by the poetic imagery and subtle nuances of contemporary literature, experimented with unconventional melody and tempo, challenging established musical conventions. This interplay not only fostered a vibrant exchange of ideas but also raised critical questions about the evolving nature of African American cultural expression.

Which choice best states the main idea of the passage?","A.
The Harlem Renaissance was a period characterized by stability in the arts, favoring traditional influences over innovation.
B.
Artists during the Harlem Renaissance focused primarily on their individual crafts, avoiding cross-disciplinary influences.
C.
The interplay between jazz and poetry during the Harlem Renaissance reflected and drove evolving cultural narratives and innovations.
D.
Jazz and poetry during the Harlem Renaissance struggled to find a common ground, leading to a division in artistic communities.",C,"The passage discusses the mutual influence between poets and jazz composers during the Harlem Renaissance, emphasizing their dynamic interaction and ideological exploration, which reflects evolving cultural narratives. Choices A and B incorrectly present the era as either traditionalist or siloed, neither of which align with the described artistic dialogue. Choice D suggests disunity rather than collaboration, which contradicts the passage's themes.",,,8,8,"The question is well-structured, and the passage along with the answer choices clearly tests the ability to identify the main idea. The correct answer (C) is clearly supported by the passage, and the other options serve as plausible but ultimately flawed distractors. However, to more fully align with a 'Hard' difficulty level, consider increasing the passage length or embedding more ambiguous elements that require multi-step reasoning. For example, phrasing in the distractors could be refined to include subtler traps that demand deeper analysis. The explanation is clear and concisely breaks down why each distractor fails, though including a bit more detail on how a student might deconstruct the passage could further enhance instructional value.",6,22,"{""skill"": ""Main Idea"", ""difficulty"": ""Hard"", ""question"": ""Read the passage below.\n\nDuring the Harlem Renaissance, poets and jazz composers engaged in a dynamic dialogue that transcended simple artistic inspiration. Poets, while drawing on the syncopated rhythms of jazz, often infused their verse with a tension between historical tradition and innovative experimentation. Simultaneously, jazz composers, influenced by the poetic imagery and subtle nuances of contemporary literature, experimented with unconventional melody and tempo, challenging established musical conventions. This interplay not only fostered a vibrant exchange of ideas but also raised critical questions about the evolving nature of African American cultural expression.\n\nWhich choice best states the main idea of the passage?"", ""choices"": [""A."", ""The Harlem Renaissance was a period characterized by stability in the arts, favoring traditional influences over innovation."", ""B."", ""Artists during the Harlem Renaissance focused primarily on their individual crafts, avoiding cross-disciplinary influences."", ""C."", ""The interplay between jazz and poetry during the Harlem Renaissance reflected and drove evolving cultural narratives and innovations."", ""D."", ""Jazz and poetry during the Harlem Renaissance struggled to find a common ground, leading to a division in artistic communities.""], ""answer"": ""C"", ""explanation"": ""The passage discusses the mutual influence between poets and jazz composers during the Harlem Renaissance, emphasizing their dynamic interaction and ideological exploration, which reflects evolving cultural narratives. Choices A and B incorrectly present the era as either traditionalist or siloed, neither of which align with the described artistic dialogue. Choice D suggests disunity rather than collaboration, which contradicts the passage's themes."", ""topic"": ""The influence of the Harlem Renaissance on jazz and poetry"", ""topicIndex"": 0}"
2025-03-12 02:08:46,"{""skill"": ""Inferences"", ""difficulty"": ""Medium"", ""question"": ""Albert Einstein’s research on the photoelectric effect, recognized with the Nobel Prize in Physics in 1921, paved the way for quantum mechanics. Despite playing an influential role in shaping this emerging field, he frequently challenged the theory’s completeness. Similarly, his 1915 general theory of relativity redefined our understanding of gravity and sparked debate among scientists at the time.\\n\\nWhich inference is best supported by the information provided?"", ""choices"": [""Einstein recognized the importance of new theories but never accepted them uncritically."", ""Einstein fully agreed with every aspect of quantum mechanics from its earliest stages."", ""Einstein’s findings in relativity displaced his research on quantum theory into obscurity."", ""Einstein was awarded his Nobel Prize exclusively for his work on general relativity.""], ""answer"": ""A"", ""explanation"": ""From the details about Einstein’s Nobel recognition for the photoelectric effect and his reservations about quantum mechanics, we see that he appreciated the importance of modern theories but questioned their completeness. He also revolutionized our understanding of gravity with relativity, showing he was open to scientific progress while still challenging prevailing assumptions. Therefore, the best inference is that Einstein accepted new ideas cautiously rather than unconditionally."", ""topic"": ""The life and scientific achievements of Albert Einstein"", ""topicIndex"": 0}",Inferences,Medium,"Albert Einstein’s research on the photoelectric effect, recognized with the Nobel Prize in Physics in 1921, paved the way for quantum mechanics. Despite playing an influential role in shaping this emerging field, he frequently challenged the theory’s completeness. Similarly, his 1915 general theory of relativity redefined our understanding of gravity and sparked debate among scientists at the time.\n\nWhich inference is best supported by the information provided?","Einstein recognized the importance of new theories but never accepted them uncritically.
Einstein fully agreed with every aspect of quantum mechanics from its earliest stages.
Einstein’s findings in relativity displaced his research on quantum theory into obscurity.
Einstein was awarded his Nobel Prize exclusively for his work on general relativity.",A,"From the details about Einstein’s Nobel recognition for the photoelectric effect and his reservations about quantum mechanics, we see that he appreciated the importance of modern theories but questioned their completeness. He also revolutionized our understanding of gravity with relativity, showing he was open to scientific progress while still challenging prevailing assumptions. Therefore, the best inference is that Einstein accepted new ideas cautiously rather than unconditionally.","Overall, the question is solid in its content, clarity, and logical connection between evidence and inference. It clearly provides context about Einstein’s contributions and his critical attitude toward emerging theories, and the answer choices are appropriately constructed with one correct answer (choice A) and three distractors that are clearly refuted by the provided information. The explanation is succinct—it identifies the key points (Einstein’s recognition of groundbreaking theories coupled with his reservations) and explains why the other answer choices are incorrect.

One area for improvement, however, is in meeting the Medium-difficulty guideline regarding passage length. The current passage is somewhat brief (roughly 60–70 words), while Medium-level SAT Inferences questions should include at least 90 words to ensure that students must integrate multiple pieces of information. To address this, consider adding an extra sentence or two that offers additional background on Einstein’s approach or the broader scientific context. For example, you might revise the question passage as follows:

""Albert Einstein’s research on the photoelectric effect, recognized with the Nobel Prize in Physics in 1921, paved the way for quantum mechanics. Despite playing an influential role in shaping this emerging field, he frequently challenged the theory’s completeness. Similarly, his 1915 general theory of relativity redefined our understanding of gravity and sparked debate among scientists at the time. Moreover, his continuous exploration of the limits of existing scientific models suggested that he valued empirical evidence and was skeptical of theories that seemed to offer only partial explanations.""

This additional information increases the passage length while preserving the focus of the inference question. With this adjustment, the question will fully satisfy the guidelines for a medium difficulty SAT Inferences question.

In summary, aside from needing a slight expansion to meet length recommendations, the question meets all remaining criteria.","{""skill"": ""Inferences"", ""difficulty"": ""Medium"", ""question"": ""Albert Einstein’s research on the photoelectric effect, recognized with the Nobel Prize in Physics in 1921, paved the way for quantum mechanics. Despite playing an influential role in shaping this emerging field, he frequently challenged the theory’s completeness. Similarly, his 1915 general theory of relativity redefined our understanding of gravity and sparked debate among scientists at the time. Moreover, his continuous exploration of the limits of existing scientific models suggested that he valued empirical evidence and was skeptical of theories that seemed to offer only partial explanations.\\n\\nWhich inference is best supported by the information provided?"", ""choices"": [""Einstein recognized the importance of new theories but never accepted them uncritically."", ""Einstein fully agreed with every aspect of quantum mechanics from its earliest stages."", ""Einstein’s findings in relativity displaced his research on quantum theory into obscurity."", ""Einstein was awarded his Nobel Prize exclusively for his work on general relativity.""], ""answer"": ""A"", ""explanation"": ""From the details about Einstein’s Nobel recognition for the photoelectric effect and his reservations about quantum mechanics, we see that he appreciated the importance of modern theories but questioned their completeness. He also revolutionized our understanding of gravity with relativity, showing he was open to scientific progress while still challenging prevailing assumptions. Additionally, the mention of his consistent curiosity to refine models demonstrates his critical yet empirical approach. Thus, the best inference is that Einstein accepted new ideas cautiously rather than unconditionally."", ""topic"": ""The life and scientific achievements of Albert Einstein"", ""topicIndex"": 0}","Albert Einstein’s research on the photoelectric effect, recognized with the Nobel Prize in Physics in 1921, paved the way for quantum mechanics. Despite playing an influential role in shaping this emerging field, he frequently challenged the theory’s completeness. Similarly, his 1915 general theory of relativity redefined our understanding of gravity and sparked debate among scientists at the time. Moreover, his continuous exploration of the limits of existing scientific models suggested that he valued empirical evidence and was skeptical of theories that seemed to offer only partial explanations.\n\nWhich inference is best supported by the information provided?","Einstein recognized the importance of new theories but never accepted them uncritically.
Einstein fully agreed with every aspect of quantum mechanics from its earliest stages.
Einstein’s findings in relativity displaced his research on quantum theory into obscurity.
Einstein was awarded his Nobel Prize exclusively for his work on general relativity.",A,"From the details about Einstein’s Nobel recognition for the photoelectric effect and his reservations about quantum mechanics, we see that he appreciated the importance of modern theories but questioned their completeness. He also revolutionized our understanding of gravity with relativity, showing he was open to scientific progress while still challenging prevailing assumptions. Additionally, the mention of his consistent curiosity to refine models demonstrates his critical yet empirical approach. Thus, the best inference is that Einstein accepted new ideas cautiously rather than unconditionally.",,,8,8,"The question is well constructed and clearly aligned with the SAT inference skill set. It uses a historical figure—Einstein—to probe students' ability to piece together nuanced information, and the correct answer is well supported by the passage. The answer choices are mostly clear, though some distractors are almost obviously incorrect. To improve the question further, consider lengthening the passage slightly (aim for at least 90 words) and refining one or two distractors so they are more plausible and require multi-step reasoning. This will better match the medium-difficulty level and challenge students appropriately.",7,23,"{""skill"": ""Inferences"", ""difficulty"": ""Medium"", ""question"": ""Albert Einstein’s research on the photoelectric effect, recognized with the Nobel Prize in Physics in 1921, paved the way for quantum mechanics. Despite playing an influential role in shaping this emerging field, he frequently challenged the theory’s completeness. Similarly, his 1915 general theory of relativity redefined our understanding of gravity and sparked debate among scientists at the time. Moreover, his continuous exploration of the limits of existing scientific models suggested that he valued empirical evidence and was skeptical of theories that seemed to offer only partial explanations.\\n\\nWhich inference is best supported by the information provided?"", ""choices"": [""Einstein recognized the importance of new theories but never accepted them uncritically."", ""Einstein fully agreed with every aspect of quantum mechanics from its earliest stages."", ""Einstein’s findings in relativity displaced his research on quantum theory into obscurity."", ""Einstein was awarded his Nobel Prize exclusively for his work on general relativity.""], ""answer"": ""A"", ""explanation"": ""From the details about Einstein’s Nobel recognition for the photoelectric effect and his reservations about quantum mechanics, we see that he appreciated the importance of modern theories but questioned their completeness. He also revolutionized our understanding of gravity with relativity, showing he was open to scientific progress while still challenging prevailing assumptions. Additionally, the mention of his consistent curiosity to refine models demonstrates his critical yet empirical approach. Thus, the best inference is that Einstein accepted new ideas cautiously rather than unconditionally."", ""topic"": ""The life and scientific achievements of Albert Einstein"", ""topicIndex"": 0}"
2025-03-12 02:10:23,"{""skill"": ""Main Idea"", ""difficulty"": ""Medium"", ""question"": ""Many music producers are turning to AI-generated compositions to streamline their songwriting process. They say that machine-created melodies not only offer new forms of experimentation but also reduce production costs by providing musicians with fast, on-demand options.\nHowever, some industry professionals are concerned about losing the human touch that has traditionally shaped popular music. They argue that while AI can handle much of the technical work, it lacks the emotional depth and originality that come from lived experience.\n\nWhich choice best states the main idea of the text?"", ""choices"": [""A. AI-generated music offers significant benefits to musicians but raises questions about creativity"", ""B. AI-generated melodies are bound to surpass all conventional music methods in popularity"", ""C. Producers rely on AI to perform only the simplest tasks, preferring to work manually on complex pieces"", ""D. Musicians generally believe AI systems replicate human emotions more accurately than traditional methods""], ""answer"": ""A"", ""explanation"": ""The passage focuses on both the advantages and potential drawbacks of AI-generated music, highlighting reduced production costs and new creative possibilities while also recognizing the possibility of losing human creativity. Answer A reflects this balanced viewpoint, whereas the other choices are either too extreme or do not capture the core idea."", ""topic"": ""The influence of AI-generated music on the future of the music industry"", ""topicIndex"": 1}",Main Idea,Medium,"Many music producers are turning to AI-generated compositions to streamline their songwriting process. They say that machine-created melodies not only offer new forms of experimentation but also reduce production costs by providing musicians with fast, on-demand options.
However, some industry professionals are concerned about losing the human touch that has traditionally shaped popular music. They argue that while AI can handle much of the technical work, it lacks the emotional depth and originality that come from lived experience.

Which choice best states the main idea of the text?","A. AI-generated music offers significant benefits to musicians but raises questions about creativity
B. AI-generated melodies are bound to surpass all conventional music methods in popularity
C. Producers rely on AI to perform only the simplest tasks, preferring to work manually on complex pieces
D. Musicians generally believe AI systems replicate human emotions more accurately than traditional methods",A,"The passage focuses on both the advantages and potential drawbacks of AI-generated music, highlighting reduced production costs and new creative possibilities while also recognizing the possibility of losing human creativity. Answer A reflects this balanced viewpoint, whereas the other choices are either too extreme or do not capture the core idea.","Below is our feedback on your question:

• Content & Answer: The passage clearly presents two perspectives on AI-generated music, and the answer choices include one correct response (Choice A) with three plausible distractors. The explanation is thoughtful and outlines why Choice A best captures the balanced view while the others miss the mark.

• Passage Length & Difficulty: For a medium-difficulty SAT question, the passage should be longer (at least about 90 words) to promote moderately complex reasoning. Currently, your passage is around 78 words. Consider adding a sentence that deepens the discussion—for example, “This debate not only reflects shifting industry practices but also illustrates a broader tension between technological innovation and traditional artistry.”

• Formatting: Your question does not fully follow the prescribed formatting guidelines. A high-quality Digital SAT item should begin with a brief introductory statement about the text, followed by a double line break (represented as “\n\n”) before the passage text. Then, after the passage, another double line break should appear before the final question prompt. For example, you could reformat your question as follows:

  The following passage discusses the impact of AI on the music industry.\n\n
  Many music producers are turning to AI-generated compositions to streamline their songwriting process. They say that machine-created melodies not only offer new forms of experimentation but also reduce production costs by providing musicians with fast, on-demand options. However, some industry professionals are concerned about losing the human touch that has traditionally shaped popular music. They argue that while AI can handle much of the technical work, it lacks the emotional depth and originality that come from lived experience. [Consider adding an additional sentence to meet the medium-length requirement.]\n\n
  Which choice best states the main idea of the text?

• Summary of Recommendations:
  1. Insert an introductory sentence before the passage.
  2. Ensure there’s a double line break (“\n\n”) between the introduction, the passage, and the final question.
  3. Add at least one more sentence to lengthen the passage to about 90 words so that it better reflects the medium difficulty guidelines.

Making these tweaks will ensure the item not only has precise content and clear reasoning but also meets the professional formatting and length standards expected for SAT practice questions.","{""skill"": ""Main Idea"", ""difficulty"": ""Medium"", ""question"": ""The following passage discusses the impact of AI on the music industry.\n\nMany music producers are turning to AI-generated compositions to streamline their songwriting process. They say that machine-created melodies not only offer new forms of experimentation but also reduce production costs by providing musicians with fast, on-demand options. However, some industry professionals are concerned about losing the human touch that has traditionally shaped popular music. They argue that while AI can handle much of the technical work, it lacks the emotional depth and originality that come from lived experience. This debate not only reflects shifting industry practices but also illustrates a broader tension between technological innovation and traditional artistry.\n\nWhich choice best states the main idea of the text?"", ""choices"": [""A. AI-generated music offers significant benefits to musicians but raises questions about creativity"", ""B. AI-generated melodies are bound to surpass all conventional music methods in popularity"", ""C. Producers rely on AI to perform only the simplest tasks, preferring to work manually on complex pieces"", ""D. Musicians generally believe AI systems replicate human emotions more accurately than traditional methods""], ""answer"": ""A"", ""explanation"": ""The revised passage includes an additional sentence to meet the medium-length requirement and better reflects the complexity of the discussion. The correct answer (Choice A) clearly captures the balanced view presented in the text, discussing both the advantages of AI in music production and the concerns about its impact on creativity."", ""topic"": ""The influence of AI-generated music on the future of the music industry"", ""topicIndex"": 1}","The following passage discusses the impact of AI on the music industry.

Many music producers are turning to AI-generated compositions to streamline their songwriting process. They say that machine-created melodies not only offer new forms of experimentation but also reduce production costs by providing musicians with fast, on-demand options. However, some industry professionals are concerned about losing the human touch that has traditionally shaped popular music. They argue that while AI can handle much of the technical work, it lacks the emotional depth and originality that come from lived experience. This debate not only reflects shifting industry practices but also illustrates a broader tension between technological innovation and traditional artistry.

Which choice best states the main idea of the text?","A. AI-generated music offers significant benefits to musicians but raises questions about creativity
B. AI-generated melodies are bound to surpass all conventional music methods in popularity
C. Producers rely on AI to perform only the simplest tasks, preferring to work manually on complex pieces
D. Musicians generally believe AI systems replicate human emotions more accurately than traditional methods",A,"The revised passage includes an additional sentence to meet the medium-length requirement and better reflects the complexity of the discussion. The correct answer (Choice A) clearly captures the balanced view presented in the text, discussing both the advantages of AI in music production and the concerns about its impact on creativity.",,,8,7,"The question is clear, logically structured, and aligned with the SAT main idea format. The passage provides a balanced discussion of both the benefits and drawbacks of AI in music production, which is appropriate for a medium-difficulty text. However, the explanation could be improved by offering more insights into why the other choices are incorrect, rather than just stating that they are not supported by the text. Removing extraneous comments (such as mentioning a revision made just to meet length requirements) would make the explanation more focused and helpful.",8,23,"{""skill"": ""Main Idea"", ""difficulty"": ""Medium"", ""question"": ""The following passage discusses the impact of AI on the music industry.\n\nMany music producers are turning to AI-generated compositions to streamline their songwriting process. They say that machine-created melodies not only offer new forms of experimentation but also reduce production costs by providing musicians with fast, on-demand options. However, some industry professionals are concerned about losing the human touch that has traditionally shaped popular music. They argue that while AI can handle much of the technical work, it lacks the emotional depth and originality that come from lived experience. This debate not only reflects shifting industry practices but also illustrates a broader tension between technological innovation and traditional artistry.\n\nWhich choice best states the main idea of the text?"", ""choices"": [""A. AI-generated music offers significant benefits to musicians but raises questions about creativity"", ""B. AI-generated melodies are bound to surpass all conventional music methods in popularity"", ""C. Producers rely on AI to perform only the simplest tasks, preferring to work manually on complex pieces"", ""D. Musicians generally believe AI systems replicate human emotions more accurately than traditional methods""], ""answer"": ""A"", ""explanation"": ""The revised passage includes an additional sentence to meet the medium-length requirement and better reflects the complexity of the discussion. The correct answer (Choice A) clearly captures the balanced view presented in the text, discussing both the advantages of AI in music production and the concerns about its impact on creativity."", ""topic"": ""The influence of AI-generated music on the future of the music industry"", ""topicIndex"": 1}"
2025-03-12 02:12:10,"{""skill"": ""Inferences"", ""difficulty"": ""Medium"", ""question"": ""In F. Scott Fitzgerald’s The Great Gatsby, Jay Gatsby devotes himself to extravagant displays of wealth to capture Daisy’s attention, hoping that material success can restore the past and secure his dream.\n\nWhich inference about Gatsby’s pursuit of the American Dream is best supported by this scenario?"", ""choices"": [""He believes that financial status will allow him to revive an idealized relationship."", ""He intends to give his fortune away to show Daisy he is sincere in his intentions."", ""He rejects social norms entirely, preferring to live a life of isolation."", ""He uses public attention from society’s elite to overshadow his personal doubts.""], ""answer"": ""A"", ""explanation"": ""Gatsby’s lavish pursuits stem from his belief that regaining Daisy’s love is possible if he appears prosperous and glamorous. The text implies he associates material wealth with winning her back, indicating he sees money as a key to recreating the past. Other choices are unsupported because the text provides no indication that he plans to donate his money or isolate himself from social norms, nor does it emphasize using elite approval primarily to mask doubts."", ""topic"": ""Jay Gatsby’s pursuit of the American Dream in The Great Gatsby"", ""topicIndex"": 0}",Inferences,Medium,"In F. Scott Fitzgerald’s The Great Gatsby, Jay Gatsby devotes himself to extravagant displays of wealth to capture Daisy’s attention, hoping that material success can restore the past and secure his dream.

Which inference about Gatsby’s pursuit of the American Dream is best supported by this scenario?","He believes that financial status will allow him to revive an idealized relationship.
He intends to give his fortune away to show Daisy he is sincere in his intentions.
He rejects social norms entirely, preferring to live a life of isolation.
He uses public attention from society’s elite to overshadow his personal doubts.",A,"Gatsby’s lavish pursuits stem from his belief that regaining Daisy’s love is possible if he appears prosperous and glamorous. The text implies he associates material wealth with winning her back, indicating he sees money as a key to recreating the past. Other choices are unsupported because the text provides no indication that he plans to donate his money or isolate himself from social norms, nor does it emphasize using elite approval primarily to mask doubts.","Below is detailed feedback on your SAT Inferences question:

1. Context and Clarity: The question provides a clear scenario about Gatsby’s behavior and asks which inference is best supported. The context is understandable and the objective (inferring Gatsby’s belief that money can restore a lost relationship) is clear.

2. Sufficient Information and Answer Choices: The passage gives enough detail for test‐takers to conclude that Gatsby sees his wealth as a means to revive an idealized relationship, making option A correct. The other three choices are plausible enough to be tempting but are not supported by the scenario.

3. Explanation: The explanation correctly and succinctly lays out why option A fits best and why the other options can be eliminated. It has an introductory sentence with core reasoning and additional sentences discussing each distractor, making it educational for high school students.

4. Formatting: The formatting (JSON structure, spacing between paragraphs, plain language with no extraneous marks) is correct.

5. Difficulty Level: Although the question is accurate in testing inference, it currently falls short of the Medium-difficulty guidelines. Medium questions should present a longer passage (at least 90 words) that require multi-step reasoning and synthesis of evidence from all parts of the text. In your question, the passage is only 32 words long, so students are not required to combine information from multiple sentences or engage in deeper analysis.

Suggested improvement:
• Expand the context to meet the word-count requirement and to add complexity. For example, revise the passage to read: 

""In F. Scott Fitzgerald’s The Great Gatsby, Jay Gatsby spends lavishly on extravagant parties and opulent displays of wealth. He is determined to capture Daisy’s attention, convinced that his newfound material success will not only win her admiration but also somehow restore the unattainable ideal of their past romance. His actions suggest a belief that wealth holds the power to rewrite history and bridge the gap between his current life and the lost promise of love.""

Then follow with: 
""Which inference about Gatsby’s pursuit of the American Dream is best supported by the passage?""

This expanded version (which is over 90 words) requires students to read more carefully and piece together multiple clues about Gatsby’s motivations.

In summary, while your question’s core structure, answer choices, explanation, and formatting are strong, you should revise the passage to include additional details so that it meets the Medium-difficulty guidelines.","{""skill"": ""Inferences"", ""difficulty"": ""Medium"", ""question"": ""In F. Scott Fitzgerald’s The Great Gatsby, Jay Gatsby spends lavishly on extravagant parties and opulent displays of wealth. He is determined to capture Daisy’s attention, convinced that his newfound material success will not only win her admiration but also somehow restore the unattainable ideal of their past romance. His actions suggest a belief that wealth holds the power to rewrite history and bridge the gap between his current life and the lost promise of love.\n\nWhich inference about Gatsby’s pursuit of the American Dream is best supported by the passage?"", ""choices"": [""He believes that financial status will allow him to revive an idealized relationship."", ""He intends to give his fortune away to show Daisy he is sincere in his intentions."", ""He rejects social norms entirely, preferring to live a life of isolation."", ""He uses public attention from society’s elite to overshadow his personal doubts.""], ""answer"": ""A"", ""explanation"": ""The passage describes Gatsby’s belief that wealth has the power to bridge the gap between his current life and the lost promise of love, demonstrating that he thinks financial status can revive an idealized relationship."", ""topic"": ""Jay Gatsby’s pursuit of the American Dream in The Great Gatsby"", ""topicIndex"": 0}","In F. Scott Fitzgerald’s The Great Gatsby, Jay Gatsby spends lavishly on extravagant parties and opulent displays of wealth. He is determined to capture Daisy’s attention, convinced that his newfound material success will not only win her admiration but also somehow restore the unattainable ideal of their past romance. His actions suggest a belief that wealth holds the power to rewrite history and bridge the gap between his current life and the lost promise of love.

Which inference about Gatsby’s pursuit of the American Dream is best supported by the passage?","He believes that financial status will allow him to revive an idealized relationship.
He intends to give his fortune away to show Daisy he is sincere in his intentions.
He rejects social norms entirely, preferring to live a life of isolation.
He uses public attention from society’s elite to overshadow his personal doubts.",A,"The passage describes Gatsby’s belief that wealth has the power to bridge the gap between his current life and the lost promise of love, demonstrating that he thinks financial status can revive an idealized relationship.",,,8,7,"The question is clearly written, logically consistent, and in alignment with the SAT's inference style. The answer choices are plausible distractors with only one clearly supported by the passage. However, the passage is somewhat brief for a Medium-difficulty question, which ideally should be longer and require a bit more multi-step reasoning. The explanation is concise and correctly identifies why option A is best, but it could be improved by explicitly explaining why the other choices are less viable. Enhancing the passage with additional detail and subtly adjusting distractors would help in making the reasoning more complex and engaging for students.",6,21,"{""skill"": ""Inferences"", ""difficulty"": ""Medium"", ""question"": ""In F. Scott Fitzgerald’s The Great Gatsby, Jay Gatsby spends lavishly on extravagant parties and opulent displays of wealth. He is determined to capture Daisy’s attention, convinced that his newfound material success will not only win her admiration but also somehow restore the unattainable ideal of their past romance. His actions suggest a belief that wealth holds the power to rewrite history and bridge the gap between his current life and the lost promise of love.\n\nWhich inference about Gatsby’s pursuit of the American Dream is best supported by the passage?"", ""choices"": [""He believes that financial status will allow him to revive an idealized relationship."", ""He intends to give his fortune away to show Daisy he is sincere in his intentions."", ""He rejects social norms entirely, preferring to live a life of isolation."", ""He uses public attention from society’s elite to overshadow his personal doubts.""], ""answer"": ""A"", ""explanation"": ""The passage describes Gatsby’s belief that wealth has the power to bridge the gap between his current life and the lost promise of love, demonstrating that he thinks financial status can revive an idealized relationship."", ""topic"": ""Jay Gatsby’s pursuit of the American Dream in The Great Gatsby"", ""topicIndex"": 0}"
