timestamp,raw_json,skill,difficulty,question,choices,answer,explanation,Initial Feedback,P2-Revised JSON,Revised Question,Revised Choices,Revised Answer,Revised Explanation,Low Level Student Simulation,High Level Student Simulation,Question Rating,Explanation Rating,Constructive Feedback,Difficulty Rating,Total Score,Final JSON SAT Question
2025-03-12 04:22:29,"{""skill"": ""Word Choice"", ""difficulty"": ""Easy"", ""question"": ""Leonardo da Vinci was praised for his remarkable ability to merge artistic creativity with scientific inquiry. Whether he was studying the anatomy of the human body, conceptualizing flying machines, or refining existing painting and architectural techniques, da Vinci displayed a(n) ______ search for innovation.\n\nWhich choice most effectively completes the sentence?"", ""choices"": [""A) fleeting"", ""B) misguided"", ""C) reluctant"", ""D) unyielding""], ""answer"": ""D"", ""explanation"": ""The word \""unyielding\"" accurately captures Leonardo da Vinci’s unwavering dedication to pursuing new ideas. The alternatives do not convey his consistent commitment: \""fleeting\"" suggests short-lived interest, \""misguided\"" implies confusion, and \""reluctant\"" indicates unwillingness. Da Vinci’s approach remained steady, spurring him to explore art and science with constant passion."", ""topic"": ""The artistic genius of Leonardo da Vinci in multiple disciplines""}",Word Choice,Easy,"Leonardo da Vinci was praised for his remarkable ability to merge artistic creativity with scientific inquiry. Whether he was studying the anatomy of the human body, conceptualizing flying machines, or refining existing painting and architectural techniques, da Vinci displayed a(n) ______ search for innovation.

Which choice most effectively completes the sentence?","A) fleeting
B) misguided
C) reluctant
D) unyielding",D,"The word ""unyielding"" accurately captures Leonardo da Vinci’s unwavering dedication to pursuing new ideas. The alternatives do not convey his consistent commitment: ""fleeting"" suggests short-lived interest, ""misguided"" implies confusion, and ""reluctant"" indicates unwillingness. Da Vinci’s approach remained steady, spurring him to explore art and science with constant passion.",Previous input perfect; don't change anything.,"{""skill"": ""Word Choice"", ""difficulty"": ""Easy"", ""question"": ""Leonardo da Vinci was praised for his remarkable ability to merge artistic creativity with scientific inquiry. Whether he was studying the anatomy of the human body, conceptualizing flying machines, or refining existing painting and architectural techniques, da Vinci displayed a(n) ______ search for innovation.\n\nWhich choice most effectively completes the sentence?"", ""choices"": [""A) fleeting"", ""B) misguided"", ""C) reluctant"", ""D) unyielding""], ""answer"": ""D"", ""explanation"": ""The word \""unyielding\"" accurately captures Leonardo da Vinci’s unwavering dedication to pursuing new ideas. The alternatives do not convey his consistent commitment: \""fleeting\"" suggests short-lived interest, \""misguided\"" implies confusion, and \""reluctant\"" indicates unwillingness. Da Vinci’s approach remained steady, spurring him to explore art and science with constant passion."", ""topic"": ""The artistic genius of Leonardo da Vinci in multiple disciplines""}","Leonardo da Vinci was praised for his remarkable ability to merge artistic creativity with scientific inquiry. Whether he was studying the anatomy of the human body, conceptualizing flying machines, or refining existing painting and architectural techniques, da Vinci displayed a(n) ______ search for innovation.

Which choice most effectively completes the sentence?","A) fleeting
B) misguided
C) reluctant
D) unyielding",D,"The word ""unyielding"" accurately captures Leonardo da Vinci’s unwavering dedication to pursuing new ideas. The alternatives do not convey his consistent commitment: ""fleeting"" suggests short-lived interest, ""misguided"" implies confusion, and ""reluctant"" indicates unwillingness. Da Vinci’s approach remained steady, spurring him to explore art and science with constant passion.",,,9,8,"The question is clearly written, logically sound, and well-aligned with SAT Word Choice standards. The context provided by Leonardo da Vinci’s achievements makes it accessible and relatable, and the answer choices are plausible distractors. The explanation effectively highlights why 'unyielding' is correct while dismissing the other options. To improve further, consider slight refinements to the sentence flow (for example, ensuring that the phrase 'displayed a(n) unyielding search' feels as natural as possible) and perhaps adding a bit more nuance in the explanation to deepen the student’s understanding of why 'unyielding' captures persistence in context.",9,26,"{""skill"": ""Word Choice"", ""difficulty"": ""Easy"", ""question"": ""Leonardo da Vinci was renowned for his exceptional ability to combine artistic creativity with scientific exploration. Whether he was analyzing the structure of the human body, imagining machines capable of flight, or enhancing painting and architectural designs, da Vinci demonstrated a(n) _______ pursuit of innovation.\\n\\nWhich choice best completes the sentence?"", ""choices"": [""A) fleeting"", ""B) misguided"", ""C) reluctant"", ""D) unyielding""], ""answer"": ""D"", ""explanation"": ""The word 'unyielding' effectively conveys Leonardo da Vinci's persistent and determined approach toward discovering and creating new advancements. It underscores his consistent drive and refusal to give up on exploration, making it the best fit. The other options do not align with his remarkable and steadfast efforts: 'fleeting' suggests a lack of consistency, 'misguided' implies an error or misunderstanding, and 'reluctant' denotes hesitation or unwillingness—none of which describe da Vinci's innovative spirit."", ""topic"": ""The artistic and scientific ingenuity of Leonardo da Vinci"", ""total_score"": 26, ""constructive_feedback"": ""The question is clearly written, logically sound, and well-aligned with SAT Word Choice standards. The context provided by Leonardo da Vinci’s achievements makes it accessible and relatable, and the answer choices are plausible distractors. The explanation effectively highlights why 'unyielding' is correct while dismissing the other options. To improve further, consider slight refinements to the sentence flow (for example, ensuring that the phrase 'displayed a(n) unyielding search' feels as natural as possible) and perhaps adding a bit more nuance in the explanation to deepen the student’s understanding of why 'unyielding' captures persistence in context."", ""difficulty_feedback"": ""The question matches the labeled Easy difficulty well since it involves single-step reasoning and uses familiar content. The alternatives are carefully chosen, and only one step of reasoning is needed for elimination. To make it even more appropriate, ensuring that the phrasing is as natural and idiomatic as possible can help prevent any minor misinterpretation by lower-performing students.""}"
2025-03-12 04:24:03,"{""skill"": ""Word Choice"", ""difficulty"": ""Easy"", ""question"": ""Increasing numbers of resourceful entrepreneurs are developing new spacecraft to accommodate paying customers who wish to orbit the Earth. These companies must ensure that space tourists receive the proper preparation to face zero-gravity conditions and handle extended periods in confined quarters.\n\nIn the following sentence, select the word that most precisely and logically completes the statement.\n\n\""As space tourism becomes increasingly popular, participants will need to _______ the unique challenges of microgravity.\"""", ""choices"": [""endure"", ""decorate"", ""forecast"", ""reconfigure""], ""answer"": ""A"", ""explanation"": ""In the sentence, the term that best expresses coping with or withstanding the challenges of microgravity is \""endure.\"" \""Decorate\"" suggests adornment, which does not address dealing with physical stress. \""Forecast\"" implies prediction, and \""reconfigure\"" implies rearranging. Therefore, \""endure\"" is the most fitting choice because it conveys the idea that travelers must physically and mentally withstand the conditions of microgravity."", ""topic"": ""The rise of space tourism and the future of commercial spaceflight""}",Word Choice,Easy,"Increasing numbers of resourceful entrepreneurs are developing new spacecraft to accommodate paying customers who wish to orbit the Earth. These companies must ensure that space tourists receive the proper preparation to face zero-gravity conditions and handle extended periods in confined quarters.

In the following sentence, select the word that most precisely and logically completes the statement.

""As space tourism becomes increasingly popular, participants will need to _______ the unique challenges of microgravity.""","endure
decorate
forecast
reconfigure",A,"In the sentence, the term that best expresses coping with or withstanding the challenges of microgravity is ""endure."" ""Decorate"" suggests adornment, which does not address dealing with physical stress. ""Forecast"" implies prediction, and ""reconfigure"" implies rearranging. Therefore, ""endure"" is the most fitting choice because it conveys the idea that travelers must physically and mentally withstand the conditions of microgravity.",Previous input perfect; don't change anything.,"{""skill"": ""Word Choice"", ""difficulty"": ""Easy"", ""question"": ""Increasing numbers of resourceful entrepreneurs are developing new spacecraft to accommodate paying customers who wish to orbit the Earth. These companies must ensure that space tourists receive the proper preparation to face zero-gravity conditions and handle extended periods in confined quarters.\n\nIn the following sentence, select the word that most precisely and logically completes the statement.\n\n\""As space tourism becomes increasingly popular, participants will need to _______ the unique challenges of microgravity.\"""", ""choices"": [""endure"", ""decorate"", ""forecast"", ""reconfigure""], ""answer"": ""A"", ""explanation"": ""In the sentence, the term that best expresses coping with or withstanding the challenges of microgravity is \""endure.\"" \""Decorate\"" suggests adornment, which does not address dealing with physical stress. \""Forecast\"" implies prediction, and \""reconfigure\"" implies rearranging. Therefore, \""endure\"" is the most fitting choice because it conveys the idea that travelers must physically and mentally withstand the conditions of microgravity."", ""topic"": ""The rise of space tourism and the future of commercial spaceflight""}","Increasing numbers of resourceful entrepreneurs are developing new spacecraft to accommodate paying customers who wish to orbit the Earth. These companies must ensure that space tourists receive the proper preparation to face zero-gravity conditions and handle extended periods in confined quarters.

In the following sentence, select the word that most precisely and logically completes the statement.

""As space tourism becomes increasingly popular, participants will need to _______ the unique challenges of microgravity.""","endure
decorate
forecast
reconfigure",A,"In the sentence, the term that best expresses coping with or withstanding the challenges of microgravity is ""endure."" ""Decorate"" suggests adornment, which does not address dealing with physical stress. ""Forecast"" implies prediction, and ""reconfigure"" implies rearranging. Therefore, ""endure"" is the most fitting choice because it conveys the idea that travelers must physically and mentally withstand the conditions of microgravity.",,,8,8,"The question is well-structured and uses an engaging, modern context by referencing space tourism, which can capture students' interest. The sentence and answer choices are clear and align with SAT-style Word Choice questions. However, the distractors (decorate, forecast, reconfigure) are noticeably distant in meaning from the correct answer 'endure,' which might make them too obviously incorrect. Tweaking the distractors to be more subtly related or potentially closer in nuance could elevate the challenge while still targeting an easy difficulty level. Additionally, minor adjustments to the sentence could enhance clarity further.",9,25,"{""skill"": ""Word Choice"", ""difficulty"": ""Easy"", ""question"": ""Increasing numbers of pioneering entrepreneurs are designing innovative spacecraft to cater to paying customers who wish to orbit the Earth. These companies must ensure that space tourists are adequately prepared to face zero-gravity conditions and to adapt to extended periods in confined quarters.\n\nIn the following sentence, select the word that most precisely and logically completes the statement.\n\n\""As space tourism becomes more prevalent, participants will need to _______ the challenges posed by microgravity.\"""", ""choices"": [""withstand"", ""embrace"", ""anticipate"", ""overcome""], ""answer"": ""A"", ""explanation"": ""In this context, the word 'withstand' most adequately captures the necessity for participants to endure and cope with the challenges posed by microgravity. 'Embrace' may suggest a welcoming attitude, which does not address dealing with physical difficulties. 'Anticipate' means to predict, rather than to deal with, and 'overcome' could be close but implies completely defeating the challenges rather than persisting through them. Therefore, 'withstand' is the most precise and fitting choice."", ""topic"": ""The rise of space tourism and the demands it places on participants"", ""total_score"": 25, ""constructive_feedback"": ""The question is well-structured and uses an engaging, modern context by referencing space tourism, which can capture students' interest. The sentence and answer choices are clear and align with SAT-style Word Choice questions. However, the distractors (decorate, forecast, reconfigure) are noticeably distant in meaning from the correct answer 'endure,' which might make them too obviously incorrect. Tweaking the distractors to be more subtly related or potentially closer in nuance could elevate the challenge while still targeting an easy difficulty level. Additionally, minor adjustments to the sentence could enhance clarity further."", ""difficulty_feedback"": ""The question matches the easy difficulty level as it requires only a single-step reasoning process. It uses a familiar scenario and straightforward reasoning, ensuring that students aiming for the lower end of the SAT scoring range can confidently approach it. For further refinement, consider crafting distractors that require a bit more careful consideration without overcomplicating the task.""}"
2025-03-12 04:26:07,"{""skill"": ""Synthesizing Notes"", ""difficulty"": ""Easy"", ""question"": ""Below are two sets of notes about Atticus Finch’s defense of Tom Robinson in To Kill a Mockingbird:\n\nSet 1:\n• Atticus emphasizes Tom Robinson’s injured limb.\n• Atticus systematically challenges the testimony by highlighting inconsistencies.\n\nSet 2:\n• Social prejudices in Maycomb strongly shape the town’s perspective.\n• Atticus insists that the jury decide solely based on facts.\n\nWhich conclusion best synthesizes these notes to describe Atticus Finch’s approach in defending Tom Robinson?"", ""choices"": [""He uses reason and evidence to underscore Tom’s innocence while urging the jury to overcome stereotypes."", ""He ignores all opposing witnesses and assumes the jury will see Tom’s innocence without further explanation."", ""He relies on emotional statements from the audience to refute every claim made against Tom."", ""He changes his strategy frequently to align with the town’s views rather than present impartial facts.""], ""answer"": ""A"", ""explanation"": ""The first set of notes shows how Atticus highlights Tom’s physical disability and scrutinizes the prosecution’s arguments for inconsistencies. The second set shows that he does so in the face of strong racial bias, emphasizing the need for the jury to remain unbiased and judge the case on the evidence. Combining these ideas leads to the conclusion that Atticus uses facts and reason to guide the jury beyond prejudice."", ""topic"": ""Atticus Finch’s defense of Tom Robinson in To Kill a Mockingbird""}",Synthesizing Notes,Easy,"Below are two sets of notes about Atticus Finch’s defense of Tom Robinson in To Kill a Mockingbird:

Set 1:
• Atticus emphasizes Tom Robinson’s injured limb.
• Atticus systematically challenges the testimony by highlighting inconsistencies.

Set 2:
• Social prejudices in Maycomb strongly shape the town’s perspective.
• Atticus insists that the jury decide solely based on facts.

Which conclusion best synthesizes these notes to describe Atticus Finch’s approach in defending Tom Robinson?","He uses reason and evidence to underscore Tom’s innocence while urging the jury to overcome stereotypes.
He ignores all opposing witnesses and assumes the jury will see Tom’s innocence without further explanation.
He relies on emotional statements from the audience to refute every claim made against Tom.
He changes his strategy frequently to align with the town’s views rather than present impartial facts.",A,"The first set of notes shows how Atticus highlights Tom’s physical disability and scrutinizes the prosecution’s arguments for inconsistencies. The second set shows that he does so in the face of strong racial bias, emphasizing the need for the jury to remain unbiased and judge the case on the evidence. Combining these ideas leads to the conclusion that Atticus uses facts and reason to guide the jury beyond prejudice.",Previous input perfect; don't change anything.,"{""skill"": ""Synthesizing Notes"", ""difficulty"": ""Easy"", ""question"": ""Below are two sets of notes about Atticus Finch’s defense of Tom Robinson in To Kill a Mockingbird:\n\nSet 1:\n• Atticus emphasizes Tom Robinson’s injured limb.\n• Atticus systematically challenges the testimony by highlighting inconsistencies.\n\nSet 2:\n• Social prejudices in Maycomb strongly shape the town’s perspective.\n• Atticus insists that the jury decide solely based on facts.\n\nWhich conclusion best synthesizes these notes to describe Atticus Finch’s approach in defending Tom Robinson?"", ""choices"": [""He uses reason and evidence to underscore Tom’s innocence while urging the jury to overcome stereotypes."", ""He ignores all opposing witnesses and assumes the jury will see Tom’s innocence without further explanation."", ""He relies on emotional statements from the audience to refute every claim made against Tom."", ""He changes his strategy frequently to align with the town’s views rather than present impartial facts.""], ""answer"": ""A"", ""explanation"": ""The first set of notes shows how Atticus highlights Tom’s physical disability and scrutinizes the prosecution’s arguments for inconsistencies. The second set shows that he does so in the face of strong racial bias, emphasizing the need for the jury to remain unbiased and judge the case on the evidence. Combining these ideas leads to the conclusion that Atticus uses facts and reason to guide the jury beyond prejudice."", ""topic"": ""Atticus Finch’s defense of Tom Robinson in To Kill a Mockingbird""}","Below are two sets of notes about Atticus Finch’s defense of Tom Robinson in To Kill a Mockingbird:

Set 1:
• Atticus emphasizes Tom Robinson’s injured limb.
• Atticus systematically challenges the testimony by highlighting inconsistencies.

Set 2:
• Social prejudices in Maycomb strongly shape the town’s perspective.
• Atticus insists that the jury decide solely based on facts.

Which conclusion best synthesizes these notes to describe Atticus Finch’s approach in defending Tom Robinson?","He uses reason and evidence to underscore Tom’s innocence while urging the jury to overcome stereotypes.
He ignores all opposing witnesses and assumes the jury will see Tom’s innocence without further explanation.
He relies on emotional statements from the audience to refute every claim made against Tom.
He changes his strategy frequently to align with the town’s views rather than present impartial facts.",A,"The first set of notes shows how Atticus highlights Tom’s physical disability and scrutinizes the prosecution’s arguments for inconsistencies. The second set shows that he does so in the face of strong racial bias, emphasizing the need for the jury to remain unbiased and judge the case on the evidence. Combining these ideas leads to the conclusion that Atticus uses facts and reason to guide the jury beyond prejudice.",,,8,7,"The question is well-structured and clearly aligns with the SAT 'Synthesizing Notes' format. It provides two sets of notes that students can combine to understand Atticus Finch’s approach, and the answer choices are distinct and plausible. To improve the question further, consider clarifying how each note (for example, emphasizing Tom Robinson’s injured limb) directly contributes to the reasoning behind Atticus’s defense. Also, the explanation could benefit from a brief discussion of why the other options fail to synthesize both sets of notes effectively.",9,24,"{""skill"": ""Synthesizing Notes"", ""difficulty"": ""Easy"", ""question"": ""Below are two sets of notes about Atticus Finch’s defense of Tom Robinson in *To Kill a Mockingbird*:\n\n**Set 1:**\n- Atticus emphasizes Tom Robinson’s injured arm, suggesting he couldn’t have committed the crime as described.\n- Atticus systematically dismantles the prosecutor’s case by pointing out contradictions in their story.\n\n**Set 2:**\n- Recognizing the pervasive racial prejudice of Maycomb society, Atticus urges the jury to focus solely on evidence and discard bias.\n- He states that accurate judgment can only come from applying the law impartially regardless of societal norms.\n\n**Question:** Which conclusion best synthesizes these notes to describe Atticus Finch’s approach in defending Tom Robinson?\n\n**Choices:**\n1. He relies on reason, evidence, and an appeal to justice to illustrate Tom Robinson’s innocence while challenging the jury to rise above prejudice.\n2. He completely avoids addressing societal biases in Maycomb, focusing only on legal technicalities.\n3. He focuses on the emotional appeal of Tom Robinson's plight and prevailing injustices but avoids a direct critique of the evidence.\n4. He argues that prevailing town views are irrelevant, switching tactics frequently to confuse the jury.\n\n**Answer:** A\n\n**Explanation:** The first set of notes demonstrates that Atticus uses logical reasoning and factual evidence (such as highlighting Tom's injury and identifying inconsistencies in the prosecutor's arguments) to argue his case. The second set reveals his acknowledgment of societal biases and his attempt to guide the jury towards making a judgment based solely on evidence and justice, disregarding racial prejudice. This synthesis proves that Atticus’s overall strategy integrates logic, facts, and moral appeals to justice, aligning with answer **A**. Other options ignore or misinterpret his multifaceted strategy by over-emphasizing one aspect or neglecting the stated notes."", ""choices"": [""He relies on reason, evidence, and an appeal to justice to illustrate Tom Robinson’s innocence while challenging the jury to rise above prejudice."", ""He completely avoids addressing societal biases in Maycomb, focusing only on legal technicalities."", ""He focuses on the emotional appeal of Tom Robinson's plight and prevailing injustices but avoids a direct critique of the evidence."", ""He argues that prevailing town views are irrelevant, switching tactics frequently to confuse the jury.""], ""answer"": ""A"", ""explanation"": ""The first set of notes demonstrates that Atticus uses logical reasoning and factual evidence (such as highlighting Tom's injury and identifying inconsistencies in the prosecutor's arguments) to argue his case. The second set reveals his acknowledgment of societal biases and his attempt to guide the jury towards making a judgment based solely on evidence and justice, disregarding racial prejudice. This synthesis proves that Atticus’s overall strategy integrates logic, facts, and moral appeals to justice, aligning with answer **A**. Other options ignore or misinterpret his multifaceted strategy by over-emphasizing one aspect or neglecting the stated notes."", ""topic"": ""Atticus Finch’s defense of Tom Robinson in *To Kill a Mockingbird*"", ""total_score"": 24, ""constructive_feedback"": ""The question is well-structured and clearly aligns with the SAT 'Synthesizing Notes' format. It provides two sets of notes that students can combine to understand Atticus Finch’s approach, and the answer choices are distinct and plausible. To improve the question further, consider clarifying how each note (for example, emphasizing Tom Robinson’s injured limb) directly contributes to the reasoning behind Atticus’s defense. Also, the explanation could benefit from a brief discussion of why the other options fail to synthesize both sets of notes effectively."", ""difficulty_feedback"": ""The question appropriately matches an 'Easy' difficulty level. It requires a straightforward synthesis of information from two sets of notes, and the context (a well-known literary work) is familiar to many students. To further tailor the difficulty, ensure that the distractors are clearly off-target but still plausible, so that they guide students' attention to the precise synthesis needed for the correct answer.""}"
2025-03-12 04:27:49,"{""skill"": ""Synthesizing Notes"", ""difficulty"": ""Medium"", ""question"": ""Historians have put forward different views about the influence of the Treaty of Versailles on the rise of World War II. One historian notes that the treaty imposed harsh economic burdens on Germany, fueling bitterness and a desire to restore national pride. Another historian maintains that the treaty introduced unrealistic demands, leading to widespread feelings of betrayal and a determination to overturn the terms.\n\nWhich statement best synthesizes these perspectives about the treaty’s role in shaping the political atmosphere leading up to World War II?"", ""choices"": [""The calculations behind the reparations were especially severe and extended into other continents."", ""The treaty’s economic demands were relatively lenient but still agreed upon by most European nations."", ""Germany’s resentment of foreign powers began well before the treaty was finalized or enforced."", ""The financial and emotional toll of the treaty caused many Germans to support leaders who promised to undo its terms.""], ""answer"": ""A"", ""explanation"": ""Both historians emphasize how the harsh demands of the treaty stirred deep resentment within Germany. These economic burdens and feelings of betrayal helped cultivate support for leaders who pledged to overturn the treaty, which contributed significantly to the political climate that led to World War II."", ""topic"": ""The role of the Treaty of Versailles in shaping World War II""}",Synthesizing Notes,Medium,"Historians have put forward different views about the influence of the Treaty of Versailles on the rise of World War II. One historian notes that the treaty imposed harsh economic burdens on Germany, fueling bitterness and a desire to restore national pride. Another historian maintains that the treaty introduced unrealistic demands, leading to widespread feelings of betrayal and a determination to overturn the terms.

Which statement best synthesizes these perspectives about the treaty’s role in shaping the political atmosphere leading up to World War II?","The calculations behind the reparations were especially severe and extended into other continents.
The treaty’s economic demands were relatively lenient but still agreed upon by most European nations.
Germany’s resentment of foreign powers began well before the treaty was finalized or enforced.
The financial and emotional toll of the treaty caused many Germans to support leaders who promised to undo its terms.",A,"Both historians emphasize how the harsh demands of the treaty stirred deep resentment within Germany. These economic burdens and feelings of betrayal helped cultivate support for leaders who pledged to overturn the treaty, which contributed significantly to the political climate that led to World War II.","Below is our detailed evaluation and suggested revisions:

• The context and objective are generally clear, and the answer choices provide plausible distractors. However, the question does not follow the prescribed “Synthesizing Notes” formatting. According to our guidelines, the question should present the source information as bullet‐pointed notes (using “•” with two newlines, preceded by an objective statement such as “The student wants to…”). Consider revising the question so that the notes appear in bullet format and the student's objective is explicitly stated.

• There is a critical inconsistency between the answer key and the explanation. The explanation clearly supports option D (“The financial and emotional toll…”), yet the answer key is listed as “A.” (Option A is not supported by the details in the explanation.) The correct answer should be option D. Update the answer key to D so that it is consistent with the explanation.

• The overall word count is a bit low for a medium-difficulty question. Our guidelines ask for at least 90 words in longer questions of moderate complexity. You may wish to expand the context or add another sentence to meet this standard.

For example, a revised version might read:

------------------------------------------------------------
While researching a topic, a student has taken the following notes:

\n\n• One historian noted that the Treaty of Versailles imposed harsh economic burdens on Germany, which fueled lingering bitterness and a strong desire to restore national pride.\n\n• Another historian maintained that the treaty introduced unrealistic demands, generating widespread feelings of betrayal and a determination among Germans to overturn its terms.

The student wants to synthesize these perspectives to explain how the treaty’s provisions contributed to the political atmosphere leading to World War II. Which statement best synthesizes these views?

Choices:
A) The calculations behind the reparations were especially severe and extended into other continents.
B) The treaty’s economic demands were relatively lenient but still agreed upon by most European nations.
C) Germany’s resentment of foreign powers began well before the treaty was finalized or enforced.
D) The financial and emotional toll of the treaty caused many Germans to support leaders who promised to undo its terms.

Answer: D

Explanation: Both historians emphasize that the economic burdens and unrealistic demands imposed by the treaty stirred deep resentment in Germany. These factors led to emotional and financial grievances that helped cultivate support for leaders promising to overturn the treaty, thereby contributing to the turbulent political atmosphere preceding World War II.
------------------------------------------------------------

Implementing these changes will ensure the question meets the digital SAT guidelines for medium-difficulty Synthesizing Notes questions both in content and formatting.

","{""skill"": ""Synthesizing Notes"", ""difficulty"": ""Medium"", ""question"": ""While studying the Treaty of Versailles and its role in shaping the political atmosphere leading to World War II, a student has taken the following notes:\n\n• One historian observed that the Treaty of Versailles imposed severe economic hardships on Germany, fostering national resentment and a desire to reclaim lost pride. \n\n• Another historian pointed out that the treaty placed unrealistic and humiliating demands on Germany, leading to widespread feelings of betrayal and a strong drive to overturn its provisions. \n\nThe student wants to synthesize these historical perspectives to explain the treaty's effect on Germany and its political trajectory in the interwar period. Which statement best synthesizes these views?"", ""choices"": [""The calculations behind the reparations were especially severe and extended into other continents."", ""The treaty’s economic demands were relatively lenient but still agreed upon by most European nations."", ""Germany’s resentment of foreign powers began well before the treaty was finalized or enforced."", ""The financial and emotional toll of the treaty caused many Germans to support leaders who promised to undo its terms.""], ""answer"": ""D"", ""explanation"": ""Both historians highlight the profound economic and emotional impacts of the Treaty of Versailles on Germany. The treaty's harsh economic requirements and its terms perceived as humiliating fostered a climate of resentment and a political urge for change. This catalyzed support for leaders advocating for overturning the treaty's provisions, shaping the unstable political climate leading up to World War II."", ""topic"": ""The role of the Treaty of Versailles in shaping World War II""}","While studying the Treaty of Versailles and its role in shaping the political atmosphere leading to World War II, a student has taken the following notes:

• One historian observed that the Treaty of Versailles imposed severe economic hardships on Germany, fostering national resentment and a desire to reclaim lost pride. 

• Another historian pointed out that the treaty placed unrealistic and humiliating demands on Germany, leading to widespread feelings of betrayal and a strong drive to overturn its provisions. 

The student wants to synthesize these historical perspectives to explain the treaty's effect on Germany and its political trajectory in the interwar period. Which statement best synthesizes these views?","The calculations behind the reparations were especially severe and extended into other continents.
The treaty’s economic demands were relatively lenient but still agreed upon by most European nations.
Germany’s resentment of foreign powers began well before the treaty was finalized or enforced.
The financial and emotional toll of the treaty caused many Germans to support leaders who promised to undo its terms.",D,"Both historians highlight the profound economic and emotional impacts of the Treaty of Versailles on Germany. The treaty's harsh economic requirements and its terms perceived as humiliating fostered a climate of resentment and a political urge for change. This catalyzed support for leaders advocating for overturning the treaty's provisions, shaping the unstable political climate leading up to World War II.",,,8,8,"The question is clearly written and logically structured. It effectively requires students to synthesize two historical perspectives into a single coherent statement and aligns well with typical SAT synthesizing notes questions. The answer choices are mostly implausible except for option D, which is correct, though they could be refined to include one or two distractors that are slightly more tempting. The explanation successfully outlines the reasoning behind why the economic and emotional impacts combine to produce political change, but it could be improved by elaborating further on how each note contributes to that synthesis.",8,24,"{""skill"": ""Synthesizing Notes"", ""difficulty"": ""Medium"", ""question"": ""While studying the Treaty of Versailles and its role in shaping the political atmosphere leading to World War II, a student has taken the following notes:\n\n• One historian observed that the Treaty of Versailles imposed severe economic hardships on Germany, fostering national resentment and a desire to reclaim lost pride.\n\n• Another historian pointed out that the treaty placed unrealistic and humiliating demands on Germany, leading to widespread feelings of betrayal and a strong drive to overturn its provisions.\n\nThe student wants to synthesize these historical perspectives to explain the treaty's effect on Germany and its political trajectory in the interwar period. Which statement best synthesizes these views?"", ""choices"": [""The treaty’s imposition of reparations caused only limited resentment because its political effects were neutralized by later agreements."", ""Germany was deeply affected by a combination of economic and psychological impacts from the treaty, fueling support for leaders who promised to restore national pride."", ""The treaty itself was not as important in the narrative as Germany’s internal policies which created sustained resentment."", ""Germany accepted the treaty’s terms, but regional instability heightened their negative consequences over time.""], ""answer"": ""B"", ""explanation"": ""Both historians emphasize the combination of economic strain and emotional humiliation inflicted by the Treaty of Versailles on Germany. By synthesizing these views, we see that these dual pressures created a climate of resentment and betrayal, leading many Germans to rally behind leaders who promised to undo the treaty and restore national pride. The correct synthesis recognizes these intertwined effects and their contribution to Germany's political trajectory during the interwar period."", ""topic"": ""The role of the Treaty of Versailles in shaping World War II"", ""total_score"": 24, ""constructive_feedback"": ""The question is clearly written and logically structured. It effectively requires students to synthesize two historical perspectives into a single coherent statement and aligns well with typical SAT synthesizing notes questions. The answer choices are mostly implausible except for option D, which is correct, though they could be refined to include one or two distractors that are slightly more tempting. The explanation successfully outlines the reasoning behind why the economic and emotional impacts combine to produce political change, but it could be improved by elaborating further on how each note contributes to that synthesis."", ""difficulty_feedback"": ""The question meets the medium-difficulty criteria by requiring multi-step reasoning and synthesis of two nuanced historical viewpoints. To further align it with the medium level, consider revising some of the distractors so they are less obviously incorrect and force test-takers to analyze the information more deeply before dismissing them.""}"
2025-03-12 04:29:22,"{""skill"": ""Transition Words"", ""difficulty"": ""Medium"", ""question"": ""Some experts argue that standardized evaluation procedures can lessen the influence of unconscious biases on hiring decisions. ______ these procedures require reviewers to focus on explicit criteria, they help prevent the perception of candidates being swayed by stereotypes.\n\nWhich choice most effectively completes the sentence with an appropriate transition?"", ""choices"": [""A) For instance,"", ""B) Because"", ""C) In contrast,"", ""D) Nevertheless,""], ""answer"": ""B"", ""explanation"": ""The sentence indicates a cause-and-effect relationship: the procedures focus the reviewers on concrete factors, which helps reduce the sway of implicit bias. \""Because\"" appropriately shows this logical link, whereas the other words do not align with the causal connection in the sentence."", ""topic"": ""The effects of implicit bias on decision-making""}",Transition Words,Medium,"Some experts argue that standardized evaluation procedures can lessen the influence of unconscious biases on hiring decisions. ______ these procedures require reviewers to focus on explicit criteria, they help prevent the perception of candidates being swayed by stereotypes.

Which choice most effectively completes the sentence with an appropriate transition?","A) For instance,
B) Because
C) In contrast,
D) Nevertheless,",B,"The sentence indicates a cause-and-effect relationship: the procedures focus the reviewers on concrete factors, which helps reduce the sway of implicit bias. ""Because"" appropriately shows this logical link, whereas the other words do not align with the causal connection in the sentence.","Below is a detailed review with specific recommendations for improvement:

1. Context and Objective – The question’s context is clear in that it asks students to choose a transitional word linking cause and effect. However, the brief sentence (≈50 words) does not meet the Medium-difficulty requirement. Medium items should involve multi-step reasoning and a longer passage (at least 90 words). For example, you could expand the passage to include additional sentences that set up both the problem and the explanation of why standardized procedures work. Consider revising the stem to something like:

""In today’s competitive job market, many organizations are striving to eliminate personal biases in the hiring process. Some experts argue that standardized evaluation procedures not only lessen the influence of unconscious biases on hiring decisions but also foster a fairer, more objective review of candidates. By requiring reviewers to focus solely on explicit criteria rather than subjective impressions, these systems help ensure that hiring outcomes are based on measurable qualifications rather than stereotypes. ______ these procedures rigorously direct reviewers’ attention to concrete criteria, they effectively counteract the sway of implicit bias. Which choice most effectively completes the sentence with an appropriate transition?""

2. Sufficient Information and Answer Choices – The passage (after expanding as above) would now offer ample context to determine that the correct answer is the one indicating a cause-and-effect relationship (“Because”). The three distractors are plausible enough to challenge students if wording and context are adjusted.

3. Unique Correct Answer – With the revised extended passage, Choice B (“Because”) remains the sole option that establishes the necessary causal link, while the other choices (e.g., “For instance,” “In contrast,” “Nevertheless,”) provide tempting but incorrect alternatives.

4. Explanation – The current explanation is succinct but can be enhanced with a brief discussion of each distractor. A revised explanation could be:
  
   ""Choice B is the best answer because it establishes the correct cause-and-effect relationship: the fact that the procedures require reviewers to focus on explicit criteria explains why they help prevent bias. Choice A ('For instance,') would only introduce an example rather than a causal link. Choice C ('In contrast,') incorrectly suggests a comparison or opposition that isn’t present, and Choice D ('Nevertheless,') implies a concession or contradiction, which does not match the logic of the passage.""

5. Formatting – The JSON structure, use of newlines, and overall formatting are acceptable. Ensure that any math expressions (if introduced later) use LaTeX (i.e. wrapped in ""$"") and that paragraphs are separated by ""\n\n"" as required. 

6. Difficulty Alignment – As noted, the draft passage falls short of the expected length and complexity for a Medium-difficulty SAT question. Enhancing the passage to at least 90 words and adding an extra layer of context (even a brief additional sentence linking evaluation procedures with fairness outcomes) will better target students aiming for 600–700 scores and fulfill multi-step reasoning requirements.

Summary of exact wording/syntax changes:
• Replace the current question stem with an expanded version such as the example provided above.
• In the explanation, add one sentence for each distractor, for instance:
  - ""Choice A ('For instance,') improperly signals that the second clause is offering an example rather than establishing a causal connection.""
  - ""Choice C ('In contrast,') misleadingly suggests a comparison or opposition.""
  - ""Choice D ('Nevertheless,') incorrectly implies an unexpected outcome rather than a result.""
• Confirm that the final JSON output reflects the revised passage and explanation.

Implementing these modifications will ensure the item meets SAT standards for Medium-difficulty transition questions and is both educational and professionally formatted.

","{""skill"": ""Transition Words"", ""difficulty"": ""Medium"", ""question"": ""In today’s competitive job market, many organizations are striving to eliminate personal biases in the hiring process. Some experts argue that standardized evaluation procedures not only lessen the influence of unconscious biases on hiring decisions but also foster a fairer, more objective review of candidates. By requiring reviewers to focus solely on explicit criteria rather than subjective impressions, these systems help ensure that hiring outcomes are based on measurable qualifications rather than stereotypes. ______ these procedures rigorously direct reviewers’ attention to concrete criteria, they effectively counteract the sway of implicit bias.\n\nWhich choice most effectively completes the sentence with an appropriate transition?"", ""choices"": [""A) For instance,"", ""B) Because"", ""C) In contrast,"", ""D) Nevertheless,""], ""answer"": ""B"", ""explanation"": ""Choice B is the best answer because it establishes the correct cause-and-effect relationship: the fact that the procedures require reviewers to focus on explicit criteria explains why they help prevent bias. Choice A ('For instance,') improperly signals that the second clause is offering an example rather than establishing a causal connection. Choice C ('In contrast,') misleadingly suggests a comparison or opposition. Choice D ('Nevertheless,') incorrectly implies an unexpected outcome rather than a result."", ""topic"": ""The effects of implicit bias on decision-making""}","In today’s competitive job market, many organizations are striving to eliminate personal biases in the hiring process. Some experts argue that standardized evaluation procedures not only lessen the influence of unconscious biases on hiring decisions but also foster a fairer, more objective review of candidates. By requiring reviewers to focus solely on explicit criteria rather than subjective impressions, these systems help ensure that hiring outcomes are based on measurable qualifications rather than stereotypes. ______ these procedures rigorously direct reviewers’ attention to concrete criteria, they effectively counteract the sway of implicit bias.

Which choice most effectively completes the sentence with an appropriate transition?","A) For instance,
B) Because
C) In contrast,
D) Nevertheless,",B,"Choice B is the best answer because it establishes the correct cause-and-effect relationship: the fact that the procedures require reviewers to focus on explicit criteria explains why they help prevent bias. Choice A ('For instance,') improperly signals that the second clause is offering an example rather than establishing a causal connection. Choice C ('In contrast,') misleadingly suggests a comparison or opposition. Choice D ('Nevertheless,') incorrectly implies an unexpected outcome rather than a result.",,,8,8,"The question is well constructed and clearly aligned with SAT transition word exercises. It provides a solid context and presents several plausible distractors, ensuring that students must apply their understanding of cause‐and‐effect relationships. One area to improve is the sentence structure around the blank. The current phrasing could be slightly reworded to make it even clearer how the inserted word functions grammatically (e.g., by explicitly forming a subordinate clause). Enhancing the explanation to break down why each wrong option fails in more detail would further support student learning.",8,24,"{""skill"": ""Transition Words"", ""difficulty"": ""Medium"", ""question"": ""In today’s competitive job market, many organizations are striving to eliminate personal biases in the hiring process. Some experts argue that standardized evaluation procedures not only lessen the influence of unconscious biases on hiring decisions but also foster a fairer, more objective review of candidates. By requiring reviewers to focus solely on explicit criteria rather than subjective impressions, these systems help ensure that hiring outcomes are based on measurable qualifications rather than stereotypes. ______ these procedures rigorously direct reviewers’ attention to concrete criteria, they effectively counteract the sway of implicit bias.\n\nWhich choice most effectively completes the sentence with an appropriate transition?"", ""choices"": [""A) For instance,"", ""B) Because"", ""C) In contrast,"", ""D) Nevertheless,""], ""answer"": ""B"", ""explanation"": ""The correct transition word is 'Because' (choice B), as it accurately reflects the cause-and-effect relationship between the procedures requiring focus on concrete criteria and their ability to counteract implicit bias. Each incorrect choice misrepresents this relationship. 'For instance' (choice A) suggests an example but does not establish causation. 'In contrast' (choice C) implies a comparison that is irrelevant. 'Nevertheless' (choice D) incorrectly conveys an unexpected result, which clashes with the logical progression of the ideas discussed."", ""topic"": ""The effects of implicit bias on decision-making"", ""total_score"": 24, ""constructive_feedback"": ""The question is well constructed and clearly aligned with SAT transition word exercises. It provides a solid context and presents several plausible distractors, ensuring that students must apply their understanding of cause‐and‐effect relationships. One area to improve is the sentence structure around the blank. The current phrasing could be slightly reworded to make it even clearer how the inserted word functions grammatically (e.g., by explicitly forming a subordinate clause). Enhancing the explanation to break down why each wrong option fails in more detail would further support student learning."", ""difficulty_feedback"": ""The question matches the labeled medium difficulty well. It provides a multi-step reading task with plausible distractors and requires combining contextual clues with an understanding of transitional wording. To fine-tune the difficulty, consider introducing a subtler trap or adjusting the sentence complexity slightly, ensuring that students need to carefully analyze both meaning and structure when choosing the answer.""}"
2025-03-12 04:30:58,"{""skill"": ""Tenses"", ""difficulty"": ""Medium"", ""question"": ""Bacterial populations that once _were being_ easily suppressed by antibiotics now exhibit new adaptations that allow them to survive these drugs.\n\nWhich choice best corrects the underlined portion?"", ""choices"": [""A. are once easily suppressed"", ""B. will once be easily suppressed"", ""C. were once easily suppressed"", ""D. had once easily suppressed""], ""answer"": ""C"", ""explanation"": ""First, notice that the sentence needs a past-tense reference to societies of bacteria and their earlier susceptibility. Although the underlined phrase uses “were being,” it doesn’t properly capture a past-state that is no longer true. “Are once” incorrectly mixes present tense with a reference to the past, and “will once be” refers to a future event. “Had once easily suppressed” suggests the bacteria themselves did the suppressing, which changes the meaning. The phrase “were once easily suppressed” matches the intended timeline (past) and clarifies that antibiotics used to be effective but are no longer entirely so."", ""topic"": ""The evolution of antibiotic resistance in bacteria""}",Tenses,Medium,"Bacterial populations that once _were being_ easily suppressed by antibiotics now exhibit new adaptations that allow them to survive these drugs.

Which choice best corrects the underlined portion?","A. are once easily suppressed
B. will once be easily suppressed
C. were once easily suppressed
D. had once easily suppressed",C,"First, notice that the sentence needs a past-tense reference to societies of bacteria and their earlier susceptibility. Although the underlined phrase uses “were being,” it doesn’t properly capture a past-state that is no longer true. “Are once” incorrectly mixes present tense with a reference to the past, and “will once be” refers to a future event. “Had once easily suppressed” suggests the bacteria themselves did the suppressing, which changes the meaning. The phrase “were once easily suppressed” matches the intended timeline (past) and clarifies that antibiotics used to be effective but are no longer entirely so.","Below is a detailed evaluation with suggestions for improvement:

• Context and Objective – The sentence provides a context (bacterial populations and antibiotic resistance) and asks which phrasing best corrects the underlined portion. However, the passage is very short (only about 28 words) compared with the medium-difficulty guideline that calls for at least 90 words with added background. To increase complexity and encourage multi-step reasoning, expand the passage to give more background on the evolution of resistance.

 Suggested revision for extra context:
 ""In recent decades, scientists have observed a dramatic shift in the behavior of bacterial populations. Bacteria that once _were being_ easily suppressed by antibiotics have developed new adaptations that allow them to survive treatments that were once effective. As a result, medical professionals now face greater challenges in treating infections. Which choice best corrects the underlined portion?""

• Sufficient Information and One Correct Answer – The sentence and the four answer choices offer enough clues so that only one option (C: ""were once easily suppressed"") clearly fits the context. The other three choices are plausible yet incorrect.

• Explanation – The explanation is mostly clear and educational. It explains that a past-tense reference is needed and why each incorrect option fails to capture the proper timeline. For consistency with the question, replace the phrase “societies of bacteria” with “populations of bacteria” so that it mirrors the language used in the passage.

• Formatting – The formatting in the JSON and spacing between paragraphs is correct, and no LaTeX is required for this text-based question.

• Difficulty Level – Although the verb-tense reasoning is appropriate for a medium-level question, the overall reading passage is too short and does not require the multi-step analysis specified in the guidelines. Adding more context (as shown above) will align the question with medium difficulty.

Overall, the core content is strong, but please expand the passage and tweak minor wording in the explanation for consistency.","{""skill"": ""Tenses"", ""difficulty"": ""Medium"", ""question"": ""In recent decades, scientists have observed a dramatic shift in the behavior of bacterial populations. Bacteria that once _were being_ easily suppressed by antibiotics have developed new adaptations that allow them to survive treatments that were once effective. As a result, medical professionals now face greater challenges in treating infections. \n\nWhich choice best corrects the underlined portion?"", ""choices"": [""A. are once easily suppressed"", ""B. will once be easily suppressed"", ""C. were once easily suppressed"", ""D. had once easily suppressed""], ""answer"": ""C"", ""explanation"": ""The underlined portion needs to reflect a past state where bacteria were susceptible to antibiotics. 'Were once easily suppressed' correctly uses simple past tense, which fits the timeline described. \n- Option A ('are once') incorrectly combines present tense with a past marker.\n- Option B ('will once be') incorrectly talks about a future event with 'once.'\n- Option D ('had once easily suppressed') changes the subject's role in the sentence, implying the bacteria suppressed something else. \nOnly option C preserves the intended meaning by properly maintaining a past state of being suppressed."", ""topic"": ""The evolution of antibiotic resistance in bacteria"", ""total_score"": 20, ""constructive_feedback"": ""The question is clearly written and aligns with the SAT-style format for testing verb tense corrections. Its answer choices are logically distinct and the explanation effectively explains why option C is correct while dismissing the others. However, the passage is somewhat brief compared to typical medium-difficulty SAT questions (which are usually closer to 90 words) and the reasoning required is largely one-step. To increase the challenge and better match the medium label, consider expanding the passage with additional context or subtler grammatical traps, and making the distractors a bit more tempting."", ""difficulty_feedback"": ""Although the question tests a valid tense correction, its brevity and straightforward reasoning make it lean toward an easier level rather than medium. Enhancing the complexity—for instance, by incorporating additional nuances or a longer passage requiring multi-step analysis—would better align it with medium difficulty standards.""}","In recent decades, scientists have observed a dramatic shift in the behavior of bacterial populations. Bacteria that once _were being_ easily suppressed by antibiotics have developed new adaptations that allow them to survive treatments that were once effective. As a result, medical professionals now face greater challenges in treating infections. 

Which choice best corrects the underlined portion?","A. are once easily suppressed
B. will once be easily suppressed
C. were once easily suppressed
D. had once easily suppressed",C,"The underlined portion needs to reflect a past state where bacteria were susceptible to antibiotics. 'Were once easily suppressed' correctly uses simple past tense, which fits the timeline described. 
- Option A ('are once') incorrectly combines present tense with a past marker.
- Option B ('will once be') incorrectly talks about a future event with 'once.'
- Option D ('had once easily suppressed') changes the subject's role in the sentence, implying the bacteria suppressed something else. 
Only option C preserves the intended meaning by properly maintaining a past state of being suppressed.",,,7,8,"The question is clearly written and aligns with the SAT-style format for testing verb tense corrections. Its answer choices are logically distinct and the explanation effectively explains why option C is correct while dismissing the others. However, the passage is somewhat brief compared to typical medium-difficulty SAT questions (which are usually closer to 90 words) and the reasoning required is largely one-step. To increase the challenge and better match the medium label, consider expanding the passage with additional context or subtler grammatical traps, and making the distractors a bit more tempting.",5,20,"{""skill"": ""Tenses"", ""difficulty"": ""Medium"", ""question"": ""In recent decades, scientists have observed a dramatic shift in the behavior of bacterial populations. Bacteria that once _were being_ easily suppressed by antibiotics have developed new adaptations that allow them to survive treatments that were once effective. As a result, medical professionals now face greater challenges in treating infections. \n\nWhich choice best corrects the underlined portion?"", ""choices"": [""A. are once easily suppressed"", ""B. will once be easily suppressed"", ""C. were once easily suppressed"", ""D. had once easily suppressed""], ""answer"": ""C"", ""explanation"": ""The underlined portion needs to reflect a past state where bacteria were susceptible to antibiotics. 'Were once easily suppressed' correctly uses simple past tense, which fits the timeline described. \n- Option A ('are once') incorrectly combines present tense with a past marker.\n- Option B ('will once be') incorrectly talks about a future event with 'once.'\n- Option D ('had once easily suppressed') changes the subject's role in the sentence, implying the bacteria suppressed something else. \nOnly option C preserves the intended meaning by properly maintaining a past state of being suppressed."", ""topic"": ""The evolution of antibiotic resistance in bacteria"", ""total_score"": 20, ""constructive_feedback"": ""The question is clearly written and aligns with the SAT-style format for testing verb tense corrections. Its answer choices are logically distinct and the explanation effectively explains why option C is correct while dismissing the others. However, the passage is somewhat brief compared to typical medium-difficulty SAT questions (which are usually closer to 90 words) and the reasoning required is largely one-step. To increase the challenge and better match the medium label, consider expanding the passage with additional context or subtler grammatical traps, and making the distractors a bit more tempting."", ""difficulty_feedback"": ""Although the question tests a valid tense correction, its brevity and straightforward reasoning make it lean toward an easier level rather than medium. Enhancing the complexity—for instance, by incorporating additional nuances or a longer passage requiring multi-step analysis—would better align it with medium difficulty standards.""}"
2025-03-12 04:32:35,"{""skill"": ""Word Choice"", ""difficulty"": ""Hard"", ""question"": ""Many multinational corporations study consumer trends in various regions to refine their products and marketing campaigns. By doing so, they can increase their global appeal while respecting local customs. However, to maintain success across different cultures, these corporations must ______ their strategies to meet specific social and economic expectations.\n\nWhich choice best completes the sentence?"", ""choices"": [""A) inherit"", ""B) adapt"", ""C) discard"", ""D) prolong""], ""answer"": ""B"", ""explanation"": ""In this context, the sentence emphasizes the need for corporations to change their approach to suit local markets. Among the options, \""adapt\"" is the most precise choice to indicate that the strategies should be altered to fit each environment. \""Inherit,\"" \""discard,\"" and \""prolong\"" do not convey the idea of adjusting to new or varied conditions. Therefore, \""adapt\"" best reflects the idea of tailoring business strategies to diverse social and economic expectations."", ""topic"": ""The effect of globalization on multinational corporations""}",Word Choice,Hard,"Many multinational corporations study consumer trends in various regions to refine their products and marketing campaigns. By doing so, they can increase their global appeal while respecting local customs. However, to maintain success across different cultures, these corporations must ______ their strategies to meet specific social and economic expectations.

Which choice best completes the sentence?","A) inherit
B) adapt
C) discard
D) prolong",B,"In this context, the sentence emphasizes the need for corporations to change their approach to suit local markets. Among the options, ""adapt"" is the most precise choice to indicate that the strategies should be altered to fit each environment. ""Inherit,"" ""discard,"" and ""prolong"" do not convey the idea of adjusting to new or varied conditions. Therefore, ""adapt"" best reflects the idea of tailoring business strategies to diverse social and economic expectations.","Below is a detailed review of the question:

1. Context, Objective, and Question:  
 • The stem provides a clear scenario about multinational corporations and their need to modify strategies. However, while the context is sufficient, the language is relatively plain and does not reflect the advanced vocabulary that characterizes a Hard-level SAT question.  
 • Recommendation: Revise the wording to employ more sophisticated language. For example, change  
  ""Many multinational corporations study consumer trends in various regions to refine their products and marketing campaigns. By doing so, they can increase their global appeal while respecting local customs. However, to maintain success across different cultures, these corporations must ______ their strategies to meet specific social and economic expectations.""  
 to something like:  
  ""Many multinational corporations meticulously analyze multifarious consumer trends across diverse regions to optimize their product portfolios and strategic outreach. By so doing, they enhance their global prestige while remaining sensitive to indigenous customs. However, to sustain competitive viability across disparate cultural milieus, these enterprises must ______ their strategies to reconcile variegated socio-economic imperatives.""  

2. Sufficient Information:  
 • The current version provides enough context to identify the logic behind the required word choice. No additional information is needed.

3. Correct Answer and Distractors:  
 • The question presents one correct answer (“adapt”) with three distractors. However, the other choices (inherit, discard, prolong) are not sophisticated or subtle enough. They do not reflect the type of advanced distractors that cause even high-performing students to pause.  
 • Recommendation: Replace the distractors with options that seem plausible on a surface reading. For instance, you might consider:  
  A) ossify  B) adapt  C) recalibrate  D) obfuscate  
 In this set, “adapt” remains correct, while the others are more advanced and require the student to carefully compare meanings.

4. Explanation Aligning with the Answer:  
 • The explanation is clear and succinct regarding why “adapt” is the best fit. It explains that the sentence calls for a word that means changing approaches to suit local markets.  
 • Recommendation: To deepen the educational value, add a sentence that contrasts “adapt” with one of the advanced distractors. For example:  
  ""While 'recalibrate' might seem plausible, it implies a precise adjustment of measurement rather than the broader flexibility required in this context. Similarly, 'ossify' and 'obfuscate' introduce meanings that are inconsistent with the need for a strategic realignment.""

5. Formatting:  
 • The spacing and overall layout are acceptable—the paragraphs are separated by a double newline and any math (if included) uses the correct LaTeX formatting.  
 • No changes are needed here.

6. Alignment with Hard Difficulty Guidelines:  
 • The current version is more appropriate for a medium-difficulty question. Hard questions should incorporate complex vocabulary, multi-step reasoning, and sophisticated distractors.  
 • Recommendation: Along with the revised stem suggested above, ensure that each answer choice (besides the correct “adapt”) is crafted to appear plausible through partial analysis. This forces students to engage in deeper linguistic reasoning, meeting the high difficulty standards for college-bound SAT students.

Overall Conclusion:  
While the question is clear, coherently formatted, and has a matching explanation, it does not fully satisfy the Hard-difficulty criteria due to its relatively basic vocabulary and unsophisticated distractors. Revise the stem to incorporate advanced language and adjust the answer choices to include more subtle, plausible traps.

","{""skill"": ""Word Choice"", ""difficulty"": ""Hard"", ""question"": ""Many multinational corporations meticulously analyze multifarious consumer trends across diverse regions to optimize their product portfolios and strategic outreach. By so doing, they enhance their global prestige while remaining sensitive to indigenous customs. However, to sustain competitive viability across disparate cultural milieus, these enterprises must ______ their strategies to reconcile variegated socio-economic imperatives.\n\nWhich choice best completes the sentence?"", ""choices"": [""A) ossify"", ""B) adapt"", ""C) recalibrate"", ""D) obfuscate""], ""answer"": ""B"", ""explanation"": ""The sentence emphasizes the need for corporations to revise their strategies to align with differing global contexts. Among the options, 'adapt' precisely conveys the idea of changing approaches to suit diverse circumstances. 'Ossify' means to become rigid and inflexible, making it unsuitable in this context. 'Recalibrate,' while similar, implies precise adjustments rather than a broad, flexible response. 'Obfuscate' means to obscure or confuse, which does not align with the goal of strategic realignment. Therefore, 'adapt' is the optimal answer."", ""topic"": ""The effect of globalization on multinational corporations"", ""total_score"": 23, ""constructive_feedback"": ""The question is well-crafted, featuring advanced vocabulary and stylistic complexity that aligns with high-level SAT Word Choice questions. The sentence’s context is clear and provides appropriate clues to determine the correct answer, and the answer choices include distractors that on the surface may seem plausible. However, the distractor 'recalibrate' is very close in meaning to 'adapt', and while the nuance is correctly explained, it might benefit from even more subtle differences to truly challenge top-scoring students. The explanation is clear and thorough, effectively discussing why each option is either suitable or flawed. To push both the question and explanation closer to perfection, consider adding a bit more context in the passage or refining the distractors so that the differences in meaning require more multi-step reasoning."", ""difficulty_feedback"": ""While the question employs sophisticated language and complex sentence construction typical of a Hard problem, it does not involve a multi-step reasoning process as required for truly high-difficulty SAT questions. Enhancing the complexity—perhaps by embedding an additional layer of nuance or requiring synthesis of multiple contextual clues—would better align the question with the Hard difficulty label for top-tier students.""}","Many multinational corporations meticulously analyze multifarious consumer trends across diverse regions to optimize their product portfolios and strategic outreach. By so doing, they enhance their global prestige while remaining sensitive to indigenous customs. However, to sustain competitive viability across disparate cultural milieus, these enterprises must ______ their strategies to reconcile variegated socio-economic imperatives.

Which choice best completes the sentence?","A) ossify
B) adapt
C) recalibrate
D) obfuscate",B,"The sentence emphasizes the need for corporations to revise their strategies to align with differing global contexts. Among the options, 'adapt' precisely conveys the idea of changing approaches to suit diverse circumstances. 'Ossify' means to become rigid and inflexible, making it unsuitable in this context. 'Recalibrate,' while similar, implies precise adjustments rather than a broad, flexible response. 'Obfuscate' means to obscure or confuse, which does not align with the goal of strategic realignment. Therefore, 'adapt' is the optimal answer.",,,8,8,"The question is well-crafted, featuring advanced vocabulary and stylistic complexity that aligns with high-level SAT Word Choice questions. The sentence’s context is clear and provides appropriate clues to determine the correct answer, and the answer choices include distractors that on the surface may seem plausible. However, the distractor 'recalibrate' is very close in meaning to 'adapt', and while the nuance is correctly explained, it might benefit from even more subtle differences to truly challenge top-scoring students. The explanation is clear and thorough, effectively discussing why each option is either suitable or flawed. To push both the question and explanation closer to perfection, consider adding a bit more context in the passage or refining the distractors so that the differences in meaning require more multi-step reasoning.",7,23,"{""skill"": ""Word Choice"", ""difficulty"": ""Hard"", ""question"": ""Many multinational corporations meticulously analyze multifarious consumer trends across diverse regions to optimize their product portfolios and strategic outreach. By so doing, they enhance their global prestige while remaining sensitive to indigenous customs. However, to sustain competitive viability across disparate cultural milieus, these enterprises must ______ their strategies to reconcile variegated socio-economic imperatives.\n\nWhich choice best completes the sentence?"", ""choices"": [""A) ossify"", ""B) adapt"", ""C) recalibrate"", ""D) obfuscate""], ""answer"": ""B"", ""explanation"": ""The sentence emphasizes the need for corporations to revise their strategies to align with differing global contexts. Among the options, 'adapt' precisely conveys the idea of changing approaches to suit diverse circumstances. 'Ossify' means to become rigid and inflexible, making it unsuitable in this context. 'Recalibrate,' while similar, implies precise adjustments rather than a broad, flexible response. 'Obfuscate' means to obscure or confuse, which does not align with the goal of strategic realignment. Therefore, 'adapt' is the optimal answer."", ""topic"": ""The effect of globalization on multinational corporations"", ""total_score"": 23, ""constructive_feedback"": ""The question is well-crafted, featuring advanced vocabulary and stylistic complexity that aligns with high-level SAT Word Choice questions. The sentence’s context is clear and provides appropriate clues to determine the correct answer, and the answer choices include distractors that on the surface may seem plausible. However, the distractor 'recalibrate' is very close in meaning to 'adapt', and while the nuance is correctly explained, it might benefit from even more subtle differences to truly challenge top-scoring students. The explanation is clear and thorough, effectively discussing why each option is either suitable or flawed. To push both the question and explanation closer to perfection, consider adding a bit more context in the passage or refining the distractors so that the differences in meaning require more multi-step reasoning."", ""difficulty_feedback"": ""While the question employs sophisticated language and complex sentence construction typical of a Hard problem, it does not involve a multi-step reasoning process as required for truly high-difficulty SAT questions. Enhancing the complexity—perhaps by embedding an additional layer of nuance or requiring synthesis of multiple contextual clues—would better align the question with the Hard difficulty label for top-tier students.""}"
2025-03-12 04:34:19,"{""skill"": ""Supporting Claims"", ""difficulty"": ""Hard"", ""question"": ""Rousseau argues that when individuals unite under a social contract, they form a collective governed by the general will; in this system, each person agrees to seek the common good rather than personal interests. According to Rousseau, the general will has authority precisely because it represents what benefits everyone, not just a select few.\n\nWhich choice most effectively supports the claim that the general will arises from the collective interests of all members of society?"", ""choices"": [""A. A statement emphasizing that each citizen, by giving input, ensures the final decision benefits the entire community"", ""B. A statement noting that some individuals must force their personal viewpoints on the broader group for progress"", ""C. A statement mentioning how a small council of influential members can efficiently decide what is best"", ""D. A statement urging citizens to remain silent to avoid disagreements about political matters""], ""answer"": ""A"", ""explanation"": ""Choice A supports the idea that the general will reflects shared interests by noting how each person’s participation helps yield decisions that serve the common good. B is incorrect because it presents certain individuals dominating policy, which contrasts with the notion of collective will. C similarly narrows authority to a small group. D discourages public input and thus fails to support the collective nature of the general will."", ""topic"": ""Rousseau’s idea of the general will and the social contract""}",Supporting Claims,Hard,"Rousseau argues that when individuals unite under a social contract, they form a collective governed by the general will; in this system, each person agrees to seek the common good rather than personal interests. According to Rousseau, the general will has authority precisely because it represents what benefits everyone, not just a select few.

Which choice most effectively supports the claim that the general will arises from the collective interests of all members of society?","A. A statement emphasizing that each citizen, by giving input, ensures the final decision benefits the entire community
B. A statement noting that some individuals must force their personal viewpoints on the broader group for progress
C. A statement mentioning how a small council of influential members can efficiently decide what is best
D. A statement urging citizens to remain silent to avoid disagreements about political matters",A,"Choice A supports the idea that the general will reflects shared interests by noting how each person’s participation helps yield decisions that serve the common good. B is incorrect because it presents certain individuals dominating policy, which contrasts with the notion of collective will. C similarly narrows authority to a small group. D discourages public input and thus fails to support the collective nature of the general will.","The question is clearly written, the context is established by citing Rousseau’s ideas, the answer choices are distinct, and the explanation accurately links the correct evidence to the claim. However, as written the prompt does not fully meet the standards for a Hard-difficulty SAT item. According to our guidelines for Hard questions, the text should be longer (around 110+ words) and incorporate a multi-step reasoning process with more subtle or layered information. In its current 54-word passage the student is asked a fairly direct question without the degree of complexity, sophisticated vocabulary, and nuanced distractors expected for Hard-level items.

To improve the question, consider the following revisions:

• Expand the passage to at least 110 words so that it includes additional details about Rousseau’s argument and perhaps mentions a common counterargument. For example, add a sentence such as:  
  ""Although some critics argue that individual self-interest might fragment social unity, Rousseau maintains that the act of contributing one’s personal perspective in a public forum cumulatively transforms these views into a singular, collective general will that transcends narrow interests.""  

• Revise Option A for clarity and sophistication. For instance, change it to:  
  ""A. A statement asserting that when every citizen participates in expressing their views, the resulting decisions reflect community-wide benefits rather than favoring a few.""  

These adjustments would require students to synthesize more layers of information while ensuring that the distractors remain plausible yet clearly inconsistent with Rousseau’s claim. In summary, while the question is otherwise solid in context, answer choices, and explanation, it needs a lengthier and more complex passage to fully align with Hard-difficulty expectations.","{""skill"": ""Supporting Claims"", ""difficulty"": ""Hard"", ""question"": ""Rousseau argues that when individuals unite under a social contract, they form a collective governed by the general will; in this system, each person agrees to prioritize the common good over personal interests. According to Rousseau, the general will has authority precisely because it represents what benefits everyone, not just a select few. Although some critics argue that individual self-interest might fragment social unity, Rousseau maintains that the act of contributing one's personal perspective in a public forum cumulatively transforms these views into a singular, collective general will that transcends narrow interests. This unity is what Rousseau considers the foundational principle of a just society.\n\nWhich choice most effectively supports the claim that the general will arises from the collective interests of all members of society?"", ""choices"": [""A. A statement asserting that when every citizen participates in expressing their views, the resulting decisions reflect community-wide benefits rather than favoring a few."", ""B. A statement noting that some individuals must force their personal viewpoints on the broader group for progress."", ""C. A statement mentioning how a small council of influential members can efficiently decide what is best."", ""D. A statement urging citizens to remain silent to avoid disagreements about political matters.""], ""answer"": ""A"", ""explanation"": ""Choice A supports the idea that the general will reflects shared interests by noting how each person's participation contributes to decisions serving the common good. Choice B is incorrect because it conflicts with the collective nature of the general will by suggesting dominance by individual viewpoints. Choice C narrows authority to a limited group, while choice D dismisses public input, neither of which align with Rousseau's idea of forming a general will through collective participation."", ""topic"": ""Rousseau’s idea of the general will and the social contract"", ""total_score"": 23, ""constructive_feedback"": ""The question is clearly written, well-aligned with SAT reading standards, and uses a solid passage with advanced vocabulary to support a claim-analysis prompt. The answer choices are logical and mostly plausible, with the correct answer clearly reflecting Rousseau’s argument about collective interests. However, to push the difficulty closer to the 'Hard' level, consider deepening the complexity of the distractors. For example, rephrase some choices to incorporate more nuanced elements or require students to synthesize multiple parts of the passage. Slightly rewording the correct support statement may also force a more careful analysis of the text."", ""difficulty_feedback"": ""While the passage includes complex language and advanced ideas, the answer choices—especially the distractors—are somewhat straightforward once the passage is carefully read. To better match a 'Hard' difficulty rating, the distractors could be made more sophisticated by introducing subtler traps or elements that require multi-step reasoning and deeper integration of the passage’s details.""}","Rousseau argues that when individuals unite under a social contract, they form a collective governed by the general will; in this system, each person agrees to prioritize the common good over personal interests. According to Rousseau, the general will has authority precisely because it represents what benefits everyone, not just a select few. Although some critics argue that individual self-interest might fragment social unity, Rousseau maintains that the act of contributing one's personal perspective in a public forum cumulatively transforms these views into a singular, collective general will that transcends narrow interests. This unity is what Rousseau considers the foundational principle of a just society.

Which choice most effectively supports the claim that the general will arises from the collective interests of all members of society?","A. A statement asserting that when every citizen participates in expressing their views, the resulting decisions reflect community-wide benefits rather than favoring a few.
B. A statement noting that some individuals must force their personal viewpoints on the broader group for progress.
C. A statement mentioning how a small council of influential members can efficiently decide what is best.
D. A statement urging citizens to remain silent to avoid disagreements about political matters.",A,"Choice A supports the idea that the general will reflects shared interests by noting how each person's participation contributes to decisions serving the common good. Choice B is incorrect because it conflicts with the collective nature of the general will by suggesting dominance by individual viewpoints. Choice C narrows authority to a limited group, while choice D dismisses public input, neither of which align with Rousseau's idea of forming a general will through collective participation.",,,8,8,"The question is clearly written, well-aligned with SAT reading standards, and uses a solid passage with advanced vocabulary to support a claim-analysis prompt. The answer choices are logical and mostly plausible, with the correct answer clearly reflecting Rousseau’s argument about collective interests. However, to push the difficulty closer to the 'Hard' level, consider deepening the complexity of the distractors. For example, rephrase some choices to incorporate more nuanced elements or require students to synthesize multiple parts of the passage. Slightly rewording the correct support statement may also force a more careful analysis of the text.",7,23,"{""skill"": ""Supporting Claims"", ""difficulty"": ""Hard"", ""question"": ""Rousseau argues that when individuals unite under a social contract, they form a collective governed by the general will; in this system, each person agrees to prioritize the common good over personal interests. According to Rousseau, the general will has authority precisely because it represents what benefits everyone, not just a select few. Although some critics argue that individual self-interest might fragment social unity, Rousseau maintains that the act of contributing one's personal perspective in a public forum cumulatively transforms these views into a singular, collective general will that transcends narrow interests. This unity is what Rousseau considers the foundational principle of a just society.\n\nWhich choice most effectively supports the claim that the general will arises from the collective interests of all members of society?"", ""choices"": [""A. A statement asserting that when every citizen participates in expressing their views, the resulting decisions reflect community-wide benefits rather than favoring a few."", ""B. A statement noting that some individuals must force their personal viewpoints on the broader group for progress."", ""C. A statement mentioning how a small council of influential members can efficiently decide what is best."", ""D. A statement urging citizens to remain silent to avoid disagreements about political matters.""], ""answer"": ""A"", ""explanation"": ""Choice A supports the idea that the general will reflects shared interests by noting how each person's participation contributes to decisions serving the common good. Choice B is incorrect because it conflicts with the collective nature of the general will by suggesting dominance by individual viewpoints. Choice C narrows authority to a limited group, while choice D dismisses public input, neither of which align with Rousseau's idea of forming a general will through collective participation."", ""topic"": ""Rousseau’s idea of the general will and the social contract"", ""total_score"": 23, ""constructive_feedback"": ""The question is clearly written, well-aligned with SAT reading standards, and uses a solid passage with advanced vocabulary to support a claim-analysis prompt. The answer choices are logical and mostly plausible, with the correct answer clearly reflecting Rousseau’s argument about collective interests. However, to push the difficulty closer to the 'Hard' level, consider deepening the complexity of the distractors. For example, rephrase some choices to incorporate more nuanced elements or require students to synthesize multiple parts of the passage. Slightly rewording the correct support statement may also force a more careful analysis of the text."", ""difficulty_feedback"": ""While the passage includes complex language and advanced ideas, the answer choices—especially the distractors—are somewhat straightforward once the passage is carefully read. To better match a 'Hard' difficulty rating, the distractors could be made more sophisticated by introducing subtler traps or elements that require multi-step reasoning and deeper integration of the passage’s details.""}"
2025-03-12 04:35:59,"{""skill"": ""Word Choice"", ""difficulty"": ""Hard"", ""question"": ""In many of his suspense films, Alfred Hitchcock positioned ordinary settings front and center, combining familiar characters and unforeseen twists to keep viewers simultaneously intrigued and apprehensive. He often alternated quiet scenes with sudden, dramatic reveals, ensuring that audiences remained continually on edge.\n\nWhich choice most effectively replaces \""continually on edge\"" in the sentence so that the idea of anxious tension remains clear?"", ""choices"": [""A. utterly confused"", ""B. slightly rattled"", ""C. momentarily hesitant"", ""D. perpetually uneasy""], ""answer"": ""D"", ""explanation"": ""While the other options introduce less specific or weaker shades of anxiety, \""perpetually uneasy\"" captures the ongoing, tense mood Hitchcock intended to create with sudden shifts in atmosphere. This wording clearly emphasizes the uneasy feeling viewers experience without losing the sense of continuous apprehension against the backdrop of otherwise ordinary settings."", ""topic"": ""The storytelling techniques of Alfred Hitchcock in suspense films""}",Word Choice,Hard,"In many of his suspense films, Alfred Hitchcock positioned ordinary settings front and center, combining familiar characters and unforeseen twists to keep viewers simultaneously intrigued and apprehensive. He often alternated quiet scenes with sudden, dramatic reveals, ensuring that audiences remained continually on edge.

Which choice most effectively replaces ""continually on edge"" in the sentence so that the idea of anxious tension remains clear?","A. utterly confused
B. slightly rattled
C. momentarily hesitant
D. perpetually uneasy",D,"While the other options introduce less specific or weaker shades of anxiety, ""perpetually uneasy"" captures the ongoing, tense mood Hitchcock intended to create with sudden shifts in atmosphere. This wording clearly emphasizes the uneasy feeling viewers experience without losing the sense of continuous apprehension against the backdrop of otherwise ordinary settings.","Overall, this question is well constructed—it presents a clear context about Hitchcock’s films, supplies enough information for determining the correct answer, and offers one unambiguously best choice (D) along with three distractors that, while less effective, are plausible at a glance. The explanation is concise and educative, and the JSON formatting (with proper paragraph spacing and use of quotation marks) conforms nicely to SAT practice standards.

One area for possible enhancement is ensuring that the language and reasoning fully reflect a Hard-level challenge. Although the passage is contextually sound, its vocabulary and sentence structure are relatively straightforward. To elevate the difficulty in keeping with Hard criteria (advanced vocabulary, layered reasoning, and subtle traps), consider slightly enriching the language or lengthening the context. For example, you might revise the first sentence to something like:

""In numerous suspense films, Alfred Hitchcock strategically foregrounded mundane settings, interweaving conventional character archetypes with unforeseen narrative perturbations that cultivated an enduring atmosphere of disquiet.""

Then, in the second sentence, you could adjust the language to further challenge students:

""He deftly juxtaposed somnolent interludes with abrupt, dramatic revelations, ensuring that audiences were rendered perpetually uneasy.""

With this revision, the question still asks, ""Which choice most effectively replaces 'perpetually uneasy' in the sentence so that the idea of anxious tension remains clear?""—and answer D remains correct—but the language now incorporates more advanced vocabulary and a multi-step evaluation of tone and nuance, better aligning with the Hard difficulty guidelines.

If you prefer not to change the substance, the current version meets high standards. Otherwise, consider the above suggestions as optional improvements to more fully meet the Hard-difficulty criteria.

","{""skill"": ""Word Choice"", ""difficulty"": ""Hard"", ""question"": ""In numerous suspense films, Alfred Hitchcock strategically foregrounded mundane settings, interweaving conventional character archetypes with unforeseen narrative perturbations that cultivated an enduring atmosphere of disquiet. \n\nHe deftly juxtaposed somnolent interludes with abrupt, dramatic revelations, ensuring that audiences were rendered perpetually uneasy. \n\nWhich choice most effectively replaces \""perpetually uneasy\"" in the sentence so that the idea of anxious tension remains clear?"", ""choices"": [""A. utterly confused"", ""B. slightly rattled"", ""C. momentarily hesitant"", ""D. perpetually uneasy""], ""answer"": ""D"", ""explanation"": ""The correct answer is \""perpetually uneasy\"" because it best reflects the enduring anxious tension that Hitchcock's scenes are described to evoke. The other options fail to sustain the same level of ongoing disquiet: \""utterly confused\"" suggests disorientation rather than tension, \""slightly rattled\"" implies a milder effect, and \""momentarily hesitant\"" denotes a temporary state lacking the longevity implied by the context."", ""topic"": ""The storytelling techniques of Alfred Hitchcock in suspense films"", ""total_score"": 20, ""constructive_feedback"": ""The question is written in clear, advanced language and uses a format typical of SAT Word Choice items (including a ‘no change’ option). However, the distractors are not very subtle; they are relatively obvious in how they fail to capture the enduring quality of the anxious tension, which reduces the multi-step reasoning element expected in a hard-difficulty question. To improve, consider incorporating alternatives that are closer in nuance so that test-takers must scrutinize subtle differences in meaning, and perhaps expand the context slightly to require synthesis of more ideas."", ""difficulty_feedback"": ""While the language is suitably complex, the question falls short of the multi-step reasoning and sophisticated distractors required for a truly hard-level item. Enhancing the answer choices to include traps that could seem correct on a superficial reading and integrating clues that demand deeper analysis would align the item better with a hard difficulty rating.""}","In numerous suspense films, Alfred Hitchcock strategically foregrounded mundane settings, interweaving conventional character archetypes with unforeseen narrative perturbations that cultivated an enduring atmosphere of disquiet. 

He deftly juxtaposed somnolent interludes with abrupt, dramatic revelations, ensuring that audiences were rendered perpetually uneasy. 

Which choice most effectively replaces ""perpetually uneasy"" in the sentence so that the idea of anxious tension remains clear?","A. utterly confused
B. slightly rattled
C. momentarily hesitant
D. perpetually uneasy",D,"The correct answer is ""perpetually uneasy"" because it best reflects the enduring anxious tension that Hitchcock's scenes are described to evoke. The other options fail to sustain the same level of ongoing disquiet: ""utterly confused"" suggests disorientation rather than tension, ""slightly rattled"" implies a milder effect, and ""momentarily hesitant"" denotes a temporary state lacking the longevity implied by the context.",,,7,7,"The question is written in clear, advanced language and uses a format typical of SAT Word Choice items (including a ‘no change’ option). However, the distractors are not very subtle; they are relatively obvious in how they fail to capture the enduring quality of the anxious tension, which reduces the multi-step reasoning element expected in a hard-difficulty question. To improve, consider incorporating alternatives that are closer in nuance so that test-takers must scrutinize subtle differences in meaning, and perhaps expand the context slightly to require synthesis of more ideas.",6,20,"{""skill"": ""Word Choice"", ""difficulty"": ""Hard"", ""question"": ""In numerous suspense films, Alfred Hitchcock strategically foregrounded mundane settings, interweaving conventional character archetypes with unforeseen narrative perturbations that cultivated an enduring atmosphere of disquiet. \n\nHe deftly juxtaposed somnolent interludes with abrupt, dramatic revelations, ensuring that audiences were rendered perpetually uneasy. \n\nWhich choice most effectively replaces \""perpetually uneasy\"" in the sentence so that the idea of anxious tension remains clear?"", ""choices"": [""A. utterly confused"", ""B. slightly rattled"", ""C. momentarily hesitant"", ""D. perpetually uneasy""], ""answer"": ""D"", ""explanation"": ""The correct answer is \""perpetually uneasy\"" because it best reflects the enduring anxious tension that Hitchcock's scenes are described to evoke. The other options fail to sustain the same level of ongoing disquiet: \""utterly confused\"" suggests disorientation rather than tension, \""slightly rattled\"" implies a milder effect, and \""momentarily hesitant\"" denotes a temporary state lacking the longevity implied by the context."", ""topic"": ""The storytelling techniques of Alfred Hitchcock in suspense films"", ""total_score"": 20, ""constructive_feedback"": ""The question is written in clear, advanced language and uses a format typical of SAT Word Choice items (including a ‘no change’ option). However, the distractors are not very subtle; they are relatively obvious in how they fail to capture the enduring quality of the anxious tension, which reduces the multi-step reasoning element expected in a hard-difficulty question. To improve, consider incorporating alternatives that are closer in nuance so that test-takers must scrutinize subtle differences in meaning, and perhaps expand the context slightly to require synthesis of more ideas."", ""difficulty_feedback"": ""While the language is suitably complex, the question falls short of the multi-step reasoning and sophisticated distractors required for a truly hard-level item. Enhancing the answer choices to include traps that could seem correct on a superficial reading and integrating clues that demand deeper analysis would align the item better with a hard difficulty rating.""}"
2025-03-12 04:37:17,"{""skill"": ""Supporting Claims"", ""difficulty"": ""Easy"", ""question"": ""Historians often cite Martin Luther King Jr.’s use of nonviolent demonstrations to illustrate how he advanced the civil rights movement. In one speech, a historian states the following claim: “Martin Luther King Jr.’s peaceful protests were highly effective because they brought national attention to racially unjust laws.”\n\nWhich choice provides the strongest support for this claim?\n\n"", ""choices"": [""A. Mentioning King’s dedication to his studies at Morehouse College"", ""B. Listing diverse religious figures who influenced King’s spiritual life"", ""C. Describing King’s global travel to attend various peace conferences"", ""D. Highlighting how televised coverage of protests led to widespread calls for reform""], ""answer"": ""D"", ""explanation"": ""The correct answer is D because it provides a direct example showing why King’s nonviolent approach raised awareness of unjust laws: televised coverage brought the struggles into living rooms across the country and prompted the public to pressure lawmakers for reform. The other options do not specifically show how his peaceful strategies were effective in exposing or challenging racially discriminatory practices."", ""topic"": ""The civil rights activism of Martin Luther King Jr.""}",Supporting Claims,Easy,"Historians often cite Martin Luther King Jr.’s use of nonviolent demonstrations to illustrate how he advanced the civil rights movement. In one speech, a historian states the following claim: “Martin Luther King Jr.’s peaceful protests were highly effective because they brought national attention to racially unjust laws.”

Which choice provides the strongest support for this claim?

","A. Mentioning King’s dedication to his studies at Morehouse College
B. Listing diverse religious figures who influenced King’s spiritual life
C. Describing King’s global travel to attend various peace conferences
D. Highlighting how televised coverage of protests led to widespread calls for reform",D,The correct answer is D because it provides a direct example showing why King’s nonviolent approach raised awareness of unjust laws: televised coverage brought the struggles into living rooms across the country and prompted the public to pressure lawmakers for reform. The other options do not specifically show how his peaceful strategies were effective in exposing or challenging racially discriminatory practices.,Previous input perfect; don't change anything.,"{""skill"": ""Supporting Claims"", ""difficulty"": ""Easy"", ""question"": ""Historians often cite Martin Luther King Jr.'s use of nonviolent demonstrations to illustrate how he advanced the civil rights movement. In one speech, a historian states the following claim: 'Martin Luther King Jr.'s peaceful protests were highly effective because they brought national attention to racially unjust laws.'\n\nWhich choice provides the strongest support for this claim?\n\n"", ""choices"": [""A. Mentioning King's dedication to his studies at Morehouse College"", ""B. Listing diverse religious figures who influenced King's spiritual life"", ""C. Describing King's global travel to attend various peace conferences"", ""D. Highlighting how televised coverage of protests led to widespread calls for reform""], ""answer"": ""D"", ""explanation"": ""The correct answer is D because it provides a direct example showing why King's nonviolent approach raised awareness of unjust laws: televised coverage brought the struggles into living rooms across the country and prompted the public to pressure lawmakers for reform. The other options do not specifically show how his peaceful strategies were effective in exposing or challenging racially discriminatory practices."", ""topic"": ""The civil rights activism of Martin Luther King Jr.""}","Historians often cite Martin Luther King Jr.'s use of nonviolent demonstrations to illustrate how he advanced the civil rights movement. In one speech, a historian states the following claim: 'Martin Luther King Jr.'s peaceful protests were highly effective because they brought national attention to racially unjust laws.'

Which choice provides the strongest support for this claim?

","A. Mentioning King's dedication to his studies at Morehouse College
B. Listing diverse religious figures who influenced King's spiritual life
C. Describing King's global travel to attend various peace conferences
D. Highlighting how televised coverage of protests led to widespread calls for reform",D,The correct answer is D because it provides a direct example showing why King's nonviolent approach raised awareness of unjust laws: televised coverage brought the struggles into living rooms across the country and prompted the public to pressure lawmakers for reform. The other options do not specifically show how his peaceful strategies were effective in exposing or challenging racially discriminatory practices.,,,8,8,"The question is clearly written and follows the SAT style by presenting a historical claim and then asking for the piece of evidence that best supports it. The answer choices are plausible distractors for an easy-level question, with option D standing out as directly relevant. However, the question could be slightly enhanced by ensuring that the context is even more explicit about how televised coverage connects to the effectiveness of nonviolent protests. Adding a tiny bit more context or nuance could guard against over-simplicity and help students see the reasoning step more clearly.",9,25,"{""skill"": ""Supporting Claims"", ""difficulty"": ""Easy"", ""question"": ""Historians often cite Martin Luther King Jr.'s use of media-covered, nonviolent demonstrations to illustrate how he advanced the civil rights movement. In one analysis, a historian argues: 'By leveraging peaceful demonstrations and their media coverage, Martin Luther King Jr. successfully spotlighted racially unjust laws and galvanized public efforts for reform.'\n\nWhich choice provides the strongest support for this analysis?"", ""choices"": [""A. Mentioning King's dedication to his studies at Morehouse College"", ""B. Listing diverse religious figures who influenced King's spiritual life"", ""C. Describing King's global travel to attend various peace conferences"", ""D. Explaining how televised coverage of specific protests stirred widespread public outrage""], ""answer"": ""D"", ""explanation"": ""The correct answer is D because it addresses the combined focus of King's peaceful methods and media exposure—specifically televised coverage of protests stirring societal outrage, fully contextualizing how nonviolent protests linked directly to calls for action. The other choices, while related to King, do not substantiate the effectiveness of his peaceful demonstrations in altering public viewpoints and policies."", ""topic"": ""The civil rights activism of Martin Luther King Jr."", ""total_score"": 25, ""constructive_feedback"": ""The question is clearly written and follows the SAT style by presenting a historical claim and then asking for the piece of evidence that best supports it. The answer choices are plausible distractors for an easy-level question, with option D standing out as directly relevant. However, the question could be slightly enhanced by ensuring that the context is even more explicit about how televised coverage connects to the effectiveness of nonviolent protests. Adding a tiny bit more context or nuance could guard against over-simplicity and help students see the reasoning step more clearly."", ""difficulty_feedback"": ""The question matches the Easy difficulty criteria well; it requires a straightforward, single-step reasoning process and is based on a familiar real-life historical context. The distractors are clearly less relevant, making option D the obvious answer for students who have basic reading comprehension skills appropriate for an SAT Easy question. No major changes are needed for the difficulty level, though a minor tweak to add slight complexity could be considered if more challenge is desired.""}"
2025-03-12 04:38:50,"{""skill"": ""Synthesizing Notes"", ""difficulty"": ""Easy"", ""question"": ""Passage 1:\nMany employees who engage in quiet quitting describe it as limiting work responsibilities to the exact requirements of their positions, aiming to preserve personal time and mental well-being. Some experts argue that this development encourages individuals to maintain healthier boundaries as companies adapt to hybrid or remote setups.\n\nPassage 2:\nIn other analyses, quiet quitting is seen as drawing attention to deeper organizational issues, including inadequate communication and uncertainty around job expectations. The pandemic era has prompted some leaders to acknowledge these pitfalls and offer strategies for more transparent goal setting.\n\nWhich choice best synthesizes how these two passages characterize quiet quitting in a post-pandemic workplace?"", ""choices"": [""A) It consistently leads to a decline in employees’ professional standards, forcing management to re-evaluate hiring practices."", ""B) It indicates that workers, regardless of their roles, have universally embraced minimal effort as the post-pandemic norm."", ""C) It symbolizes both a protective approach to work-life balance and a signal for companies to address areas needing clearer responsibilities."", ""D) It demonstrates that most employees are temporarily stepping back from career plans due to prevailing health and safety concerns.""], ""answer"": ""C"", ""explanation"": ""Both passages emphasize that quiet quitting combines employees’ desire to maintain a healthier boundary between work and personal life while also pointing to organizational shortcomings in post-pandemic structures. Passage 1 highlights the idea of preserving personal time, whereas Passage 2 focuses on how quiet quitting can reveal deeper communication and goal-setting issues. Therefore, the best answer is the one that captures both ideas: a personal strategy for balance and a call for clearer workplace policies. Re-reading both passages to identify their overlapping themes helps confirm this conclusion."", ""topic"": ""The impact of ‘quiet quitting’ and workplace culture shifts post-pandemic""}",Synthesizing Notes,Easy,"Passage 1:
Many employees who engage in quiet quitting describe it as limiting work responsibilities to the exact requirements of their positions, aiming to preserve personal time and mental well-being. Some experts argue that this development encourages individuals to maintain healthier boundaries as companies adapt to hybrid or remote setups.

Passage 2:
In other analyses, quiet quitting is seen as drawing attention to deeper organizational issues, including inadequate communication and uncertainty around job expectations. The pandemic era has prompted some leaders to acknowledge these pitfalls and offer strategies for more transparent goal setting.

Which choice best synthesizes how these two passages characterize quiet quitting in a post-pandemic workplace?","A) It consistently leads to a decline in employees’ professional standards, forcing management to re-evaluate hiring practices.
B) It indicates that workers, regardless of their roles, have universally embraced minimal effort as the post-pandemic norm.
C) It symbolizes both a protective approach to work-life balance and a signal for companies to address areas needing clearer responsibilities.
D) It demonstrates that most employees are temporarily stepping back from career plans due to prevailing health and safety concerns.",C,"Both passages emphasize that quiet quitting combines employees’ desire to maintain a healthier boundary between work and personal life while also pointing to organizational shortcomings in post-pandemic structures. Passage 1 highlights the idea of preserving personal time, whereas Passage 2 focuses on how quiet quitting can reveal deeper communication and goal-setting issues. Therefore, the best answer is the one that captures both ideas: a personal strategy for balance and a call for clearer workplace policies. Re-reading both passages to identify their overlapping themes helps confirm this conclusion.",Previous input perfect; don't change anything.,"{""skill"": ""Synthesizing Notes"", ""difficulty"": ""Easy"", ""question"": ""Passage 1:\nMany employees who engage in quiet quitting describe it as limiting work responsibilities to the exact requirements of their positions, aiming to preserve personal time and mental well-being. Some experts argue that this development encourages individuals to maintain healthier boundaries as companies adapt to hybrid or remote setups.\n\nPassage 2:\nIn other analyses, quiet quitting is seen as drawing attention to deeper organizational issues, including inadequate communication and uncertainty around job expectations. The pandemic era has prompted some leaders to acknowledge these pitfalls and offer strategies for more transparent goal setting.\n\nWhich choice best synthesizes how these two passages characterize quiet quitting in a post-pandemic workplace?"", ""choices"": [""A) It consistently leads to a decline in employees’ professional standards, forcing management to re-evaluate hiring practices."", ""B) It indicates that workers, regardless of their roles, have universally embraced minimal effort as the post-pandemic norm."", ""C) It symbolizes both a protective approach to work-life balance and a signal for companies to address areas needing clearer responsibilities."", ""D) It demonstrates that most employees are temporarily stepping back from career plans due to prevailing health and safety concerns.""], ""answer"": ""C"", ""explanation"": ""Both passages emphasize that quiet quitting combines employees’ desire to maintain a healthier boundary between work and personal life while also pointing to organizational shortcomings in post-pandemic structures. Passage 1 highlights the idea of preserving personal time, whereas Passage 2 focuses on how quiet quitting can reveal deeper communication and goal-setting issues. Therefore, the best answer is the one that captures both ideas: a personal strategy for balance and a call for clearer workplace policies. Re-reading both passages to identify their overlapping themes helps confirm this conclusion."", ""topic"": ""The impact of ‘quiet quitting’ and workplace culture shifts post-pandemic""}","Passage 1:
Many employees who engage in quiet quitting describe it as limiting work responsibilities to the exact requirements of their positions, aiming to preserve personal time and mental well-being. Some experts argue that this development encourages individuals to maintain healthier boundaries as companies adapt to hybrid or remote setups.

Passage 2:
In other analyses, quiet quitting is seen as drawing attention to deeper organizational issues, including inadequate communication and uncertainty around job expectations. The pandemic era has prompted some leaders to acknowledge these pitfalls and offer strategies for more transparent goal setting.

Which choice best synthesizes how these two passages characterize quiet quitting in a post-pandemic workplace?","A) It consistently leads to a decline in employees’ professional standards, forcing management to re-evaluate hiring practices.
B) It indicates that workers, regardless of their roles, have universally embraced minimal effort as the post-pandemic norm.
C) It symbolizes both a protective approach to work-life balance and a signal for companies to address areas needing clearer responsibilities.
D) It demonstrates that most employees are temporarily stepping back from career plans due to prevailing health and safety concerns.",C,"Both passages emphasize that quiet quitting combines employees’ desire to maintain a healthier boundary between work and personal life while also pointing to organizational shortcomings in post-pandemic structures. Passage 1 highlights the idea of preserving personal time, whereas Passage 2 focuses on how quiet quitting can reveal deeper communication and goal-setting issues. Therefore, the best answer is the one that captures both ideas: a personal strategy for balance and a call for clearer workplace policies. Re-reading both passages to identify their overlapping themes helps confirm this conclusion.",,,8,8,"The question is clearly written and aligns well with SAT standards. It effectively presents two short passages and requires students to synthesize both texts to select the best answer. The answer choices are plausible, with option C being the only one that correctly captures both the personal boundary and organizational critique perspectives. The explanation is concise and clearly explains why option C is correct. To strengthen the item further, consider adding a brief note that explicitly outlines the process of eliminating the other choices. Additionally, while 'quiet quitting' has become a common term, providing a tiny bit more context could help students who might be less familiar with contemporary workplace terminology.",8,24,"{""skill"": ""Synthesizing Notes"", ""difficulty"": ""Easy"", ""question"": ""Passage 1:\nMany employees who engage in 'quiet quitting' describe it as limiting work responsibilities to the exact requirements of their positions, aiming to preserve personal time and mental well-being. Some experts argue that this trend encourages individuals to maintain healthier boundaries, especially as companies adapt to hybrid or remote setups.\n\nPassage 2:\nIn other analyses, 'quiet quitting' highlights deeper organizational issues, including unclear communication and uncertainty around job expectations. During the pandemic era, these challenges became pronounced, prompting leaders to focus on improving transparency and goal clarity.\n\nWhich choice best synthesizes how these two passages characterize 'quiet quitting' in a post-pandemic workplace?"", ""choices"": [""A) It consistently leads to a decline in employees' professional standards, forcing management to re-evaluate hiring practices."", ""B) It indicates that workers, regardless of their roles, have universally embraced minimal effort as the post-pandemic norm."", ""C) It symbolizes both a protective approach to work-life balance and a signal for companies to address areas needing clearer responsibilities."", ""D) It demonstrates that most employees are temporarily stepping back from career plans due to prevailing health and safety concerns.""], ""answer"": ""C"", ""explanation"": ""Passage 1 focuses on the idea of preserving personal time and work-life balance by fulfilling just the core expectations of one's job. Passage 2 discusses how 'quiet quitting' highlights organizational shortcomings like lack of transparency and clear goals. Option C synthesizes these perspectives by addressing both the personal boundaries aspect and the organizational critique. To eliminate other options: A misinterprets the themes by suggesting declining standards, B exaggerates the trend as universal, and D incorrectly cites health and safety as a reason. Thus, C is the best choice."", ""topic"": ""The impact of 'quiet quitting' and workplace culture shifts post-pandemic"", ""total_score"": 24, ""constructive_feedback"": ""The question is clearly written and aligns well with SAT standards. It effectively presents two short passages and requires students to synthesize both texts to select the best answer. The answer choices are plausible, with option C being the only one that correctly captures both the personal boundary and organizational critique perspectives. The explanation is concise and clearly explains why option C is correct. To strengthen the item further, consider adding a brief note that explicitly outlines the process of eliminating the other choices. Additionally, while 'quiet quitting' has become a common term, providing a tiny bit more context could help students who might be less familiar with contemporary workplace terminology."", ""difficulty_feedback"": ""Although the question is labeled 'Easy' and does involve synthesizing two passages, the passages are brief and the reasoning required is fairly straightforward. This matches the expectations of an easy SAT question where students should be able to identify the central ideas quickly. To ensure it remains accessible, consider slightly simplifying any complex phrasing or offering minor contextual clues for terms like 'quiet quitting' if deemed necessary.""}"
2025-03-12 04:40:06,"{""skill"": ""Supporting Claims"", ""difficulty"": ""Easy"", ""question"": ""Consider the following summary about Macbeth’s shift from a noble figure to a tyrant:\n\nIn Shakespeare’s tragedy Macbeth, the title character’s initial hesitation to commit regicide dissolves under the influence of his ambition. Once crowned, Macbeth becomes increasingly paranoid, orchestrating murders to maintain his power. By the end, he has abandoned moral scruples and isolated himself from allies.\n\nWhich choice best supports the claim that Macbeth’s ambition results in his tyrannical behavior?"", ""choices"": [""Macbeth discusses his moral doubts in a soliloquy before murdering Duncan."", ""Macbeth arranges Banquo’s assassination to eliminate a perceived threat to his throne."", ""Lady Macbeth encourages Macbeth to wash his hands to rid himself of guilt."", ""Macduff flees Scotland to gather allies, seeking to overthrow Macbeth’s reign.""], ""answer"": ""B"", ""explanation"": ""Choice B highlights Macbeth’s active steps to eliminate potential threats and maintain his power, illustrating how his ambition drives him toward ruthless acts. Although Macbeth’s doubt (choice A) and guilt (choice C) reveal internal conflict, they do not directly show tyranny. Macduff’s decision to flee (choice D) is more about resistance to Macbeth’s rule than proof of Macbeth’s tyranny. Thus, Banquo’s assassination plan best illustrates how Macbeth’s ambition leads him to commit acts characteristic of a tyrant."", ""topic"": ""Macbeth’s ambition and descent into tyranny in Macbeth""}",Supporting Claims,Easy,"Consider the following summary about Macbeth’s shift from a noble figure to a tyrant:

In Shakespeare’s tragedy Macbeth, the title character’s initial hesitation to commit regicide dissolves under the influence of his ambition. Once crowned, Macbeth becomes increasingly paranoid, orchestrating murders to maintain his power. By the end, he has abandoned moral scruples and isolated himself from allies.

Which choice best supports the claim that Macbeth’s ambition results in his tyrannical behavior?","Macbeth discusses his moral doubts in a soliloquy before murdering Duncan.
Macbeth arranges Banquo’s assassination to eliminate a perceived threat to his throne.
Lady Macbeth encourages Macbeth to wash his hands to rid himself of guilt.
Macduff flees Scotland to gather allies, seeking to overthrow Macbeth’s reign.",B,"Choice B highlights Macbeth’s active steps to eliminate potential threats and maintain his power, illustrating how his ambition drives him toward ruthless acts. Although Macbeth’s doubt (choice A) and guilt (choice C) reveal internal conflict, they do not directly show tyranny. Macduff’s decision to flee (choice D) is more about resistance to Macbeth’s rule than proof of Macbeth’s tyranny. Thus, Banquo’s assassination plan best illustrates how Macbeth’s ambition leads him to commit acts characteristic of a tyrant.",Previous input perfect; don't change anything.,"{""skill"": ""Supporting Claims"", ""difficulty"": ""Easy"", ""question"": ""Consider the following summary about Macbeth’s shift from a noble figure to a tyrant:\n\nIn Shakespeare’s tragedy Macbeth, the title character’s initial hesitation to commit regicide dissolves under the influence of his ambition. Once crowned, Macbeth becomes increasingly paranoid, orchestrating murders to maintain his power. By the end, he has abandoned moral scruples and isolated himself from allies.\n\nWhich choice best supports the claim that Macbeth’s ambition results in his tyrannical behavior?"", ""choices"": [""Macbeth discusses his moral doubts in a soliloquy before murdering Duncan."", ""Macbeth arranges Banquo’s assassination to eliminate a perceived threat to his throne."", ""Lady Macbeth encourages Macbeth to wash his hands to rid himself of guilt."", ""Macduff flees Scotland to gather allies, seeking to overthrow Macbeth’s reign.""], ""answer"": ""B"", ""explanation"": ""Choice B highlights Macbeth’s active steps to eliminate potential threats and maintain his power, illustrating how his ambition drives him toward ruthless acts. Although Macbeth’s doubt (choice A) and guilt (choice C) reveal internal conflict, they do not directly show tyranny. Macduff’s decision to flee (choice D) is more about resistance to Macbeth’s rule than proof of Macbeth’s tyranny. Thus, Banquo’s assassination plan best illustrates how Macbeth’s ambition leads him to commit acts characteristic of a tyrant."", ""topic"": ""Macbeth’s ambition and descent into tyranny in Macbeth""}","Consider the following summary about Macbeth’s shift from a noble figure to a tyrant:

In Shakespeare’s tragedy Macbeth, the title character’s initial hesitation to commit regicide dissolves under the influence of his ambition. Once crowned, Macbeth becomes increasingly paranoid, orchestrating murders to maintain his power. By the end, he has abandoned moral scruples and isolated himself from allies.

Which choice best supports the claim that Macbeth’s ambition results in his tyrannical behavior?","Macbeth discusses his moral doubts in a soliloquy before murdering Duncan.
Macbeth arranges Banquo’s assassination to eliminate a perceived threat to his throne.
Lady Macbeth encourages Macbeth to wash his hands to rid himself of guilt.
Macduff flees Scotland to gather allies, seeking to overthrow Macbeth’s reign.",B,"Choice B highlights Macbeth’s active steps to eliminate potential threats and maintain his power, illustrating how his ambition drives him toward ruthless acts. Although Macbeth’s doubt (choice A) and guilt (choice C) reveal internal conflict, they do not directly show tyranny. Macduff’s decision to flee (choice D) is more about resistance to Macbeth’s rule than proof of Macbeth’s tyranny. Thus, Banquo’s assassination plan best illustrates how Macbeth’s ambition leads him to commit acts characteristic of a tyrant.",,,8,9,"The question is clearly written and aligns well with the SAT skill of supporting claims. It provides a succinct summary of Macbeth’s transformation, which helps students directly link evidence to the claim. The answer choices are plausible and only one clearly supports the claim, which is in keeping with SAT standards. To push the question closer to perfection, you could consider slightly refining the summary to include a direct reference to Macbeth’s ambition (for example, briefly mentioning his desire for power) so that the link to his tyrannical actions is even clearer.",9,26,"{""skill"": ""Supporting Claims"", ""difficulty"": ""Easy"", ""question"": ""Consider the following summary about Macbeth's shift from a noble figure to a tyrant:\n\nIn Shakespeare's tragedy *Macbeth*, the title character's initial hesitation to commit regicide dissolves under the influence of his unchecked ambition for power. Once crowned, Macbeth becomes increasingly paranoid, orchestrating murders and resorting to cruel tactics to maintain his position as king. By the end, he has abandoned moral principles and isolated himself from allies.\n\nWhich choice best supports the claim that Macbeth's ambition leads to his tyrannical behavior?"", ""choices"": [""Macbeth discusses his moral doubts in a soliloquy before murdering Duncan."", ""Macbeth arranges Banquo's assassination to eliminate a perceived threat to his throne."", ""Lady Macbeth encourages Macbeth to wash his hands to rid himself of guilt."", ""Macduff flees Scotland to gather allies, seeking to overthrow Macbeth's reign.""], ""answer"": ""B"", ""explanation"": ""Choice B underscores Macbeth's deliberate actions, specifically arranging the assassination of Banquo to eliminate a perceived threat to his reign. This act demonstrates how his ambition propels him towards tyrannical tactics. While Macbeth's internal moral doubts (Choice A) and guilt (Choice C) are part of his character development, they do not encapsulate his tyranny. Similarly, Macduff's flight (Choice D) reflects resistance against Macbeth's rule rather than providing evidence of his tyrannical behavior. Thus, Banquo's assassination showcases how Macbeth's unbridled ambition results directly in his tyrannical conduct."", ""topic"": ""Macbeth’s ambition and descent into tyranny in Macbeth"", ""total_score"": 26, ""constructive_feedback"": ""The question is clearly written and aligns well with the SAT skill of supporting claims. It provides a succinct summary of Macbeth’s transformation, which helps students directly link evidence to the claim. The answer choices are plausible and only one clearly supports the claim, which is in keeping with SAT standards. To push the question closer to perfection, you could consider slightly refining the summary to include a direct reference to Macbeth’s ambition (for example, briefly mentioning his desire for power) so that the link to his tyrannical actions is even clearer."", ""difficulty_feedback"": ""The question is appropriately labeled as Easy, featuring single-step reasoning based on a familiar literary context. The summary simplifies Shakespearean content, making the question accessible while still testing analytical reading skills. To further ensure it meets the easy-difficulty criteria, you might consider simplifying some of the language in the answer choices to mirror everyday scenarios even more closely.""}"
