timestamp,raw_json,skill,difficulty,question,choices,answer,explanation,Initial Feedback,P2-Revised JSON,Revised Question,Revised Choices,Revised Answer,Revised Explanation,Low Level Student Simulation,High Level Student Simulation,Question Rating,Explanation Rating,Constructive Feedback,Difficulty Rating,Total Score,Final JSON SAT Question
2025-03-12 03:59:28,"{""skill"": ""Supporting Claims"", ""difficulty"": ""Easy"", ""question"": ""A local newspaper editorial endorses the Broken Windows Theory, arguing that repairing vandalized property and removing graffiti swiftly helps deter more severe offenses.\n\nWhich sentence, if added, would best support the editorial’s claim that immediate corrective actions can reduce serious crimes throughout a neighborhood?\n\n"", ""choices"": [""A. Evidence shows that city budgets often prioritize public infrastructure, leaving fewer funds for policing needs in certain districts."", ""B. Critics argue that focusing primarily on minor infractions can disproportionately impact low-income communities."", ""C. In one study, businesses in areas that regularly repaint walls and fix broken windows saw a 15% decrease in burglary rates."", ""D. Neighborhood watch programs commonly require volunteers to adhere to strict guidelines for contacting law enforcement.""], ""answer"": ""C"", ""explanation"": ""The editorial’s argument is that swiftly addressing visible signs of disorder reduces severe offenses. Statement C directly supports this idea by providing statistical evidence linking quick property repairs to a decrease in burglary rates. The other statements may be related to crime and resource allocation but do not illustrate how immediate corrective actions can successfully reduce more serious crimes."", ""topic"": ""The Broken Windows Theory and crime prevention strategies""}",Supporting Claims,Easy,"A local newspaper editorial endorses the Broken Windows Theory, arguing that repairing vandalized property and removing graffiti swiftly helps deter more severe offenses.

Which sentence, if added, would best support the editorial’s claim that immediate corrective actions can reduce serious crimes throughout a neighborhood?

","A. Evidence shows that city budgets often prioritize public infrastructure, leaving fewer funds for policing needs in certain districts.
B. Critics argue that focusing primarily on minor infractions can disproportionately impact low-income communities.
C. In one study, businesses in areas that regularly repaint walls and fix broken windows saw a 15% decrease in burglary rates.
D. Neighborhood watch programs commonly require volunteers to adhere to strict guidelines for contacting law enforcement.",C,The editorial’s argument is that swiftly addressing visible signs of disorder reduces severe offenses. Statement C directly supports this idea by providing statistical evidence linking quick property repairs to a decrease in burglary rates. The other statements may be related to crime and resource allocation but do not illustrate how immediate corrective actions can successfully reduce more serious crimes.,Previous input perfect; don't change anything.,"{""skill"": ""Supporting Claims"", ""difficulty"": ""Easy"", ""question"": ""A local newspaper editorial endorses the Broken Windows Theory, arguing that repairing vandalized property and removing graffiti swiftly helps deter more severe offenses.\n\nWhich sentence, if added, would best support the editorial’s claim that immediate corrective actions can reduce serious crimes throughout a neighborhood?\n\n"", ""choices"": [""A. Evidence shows that city budgets often prioritize public infrastructure, leaving fewer funds for policing needs in certain districts."", ""B. Critics argue that focusing primarily on minor infractions can disproportionately impact low-income communities."", ""C. In one study, businesses in areas that regularly repaint walls and fix broken windows saw a 15% decrease in burglary rates."", ""D. Neighborhood watch programs commonly require volunteers to adhere to strict guidelines for contacting law enforcement.""], ""answer"": ""C"", ""explanation"": ""The editorial’s argument is that swiftly addressing visible signs of disorder reduces severe offenses. Statement C directly supports this idea by providing statistical evidence linking quick property repairs to a decrease in burglary rates. The other statements may be related to crime and resource allocation but do not illustrate how immediate corrective actions can successfully reduce more serious crimes."", ""topic"": ""The Broken Windows Theory and crime prevention strategies""}","A local newspaper editorial endorses the Broken Windows Theory, arguing that repairing vandalized property and removing graffiti swiftly helps deter more severe offenses.

Which sentence, if added, would best support the editorial’s claim that immediate corrective actions can reduce serious crimes throughout a neighborhood?

","A. Evidence shows that city budgets often prioritize public infrastructure, leaving fewer funds for policing needs in certain districts.
B. Critics argue that focusing primarily on minor infractions can disproportionately impact low-income communities.
C. In one study, businesses in areas that regularly repaint walls and fix broken windows saw a 15% decrease in burglary rates.
D. Neighborhood watch programs commonly require volunteers to adhere to strict guidelines for contacting law enforcement.",C,The editorial’s argument is that swiftly addressing visible signs of disorder reduces severe offenses. Statement C directly supports this idea by providing statistical evidence linking quick property repairs to a decrease in burglary rates. The other statements may be related to crime and resource allocation but do not illustrate how immediate corrective actions can successfully reduce more serious crimes.,,,9,9,"The question is clearly written, logically sound, and well-aligned with SAT standards. It presents a real-world scenario (the editorial endorsing the Broken Windows Theory) and asks students to identify an evidence-based sentence that supports the claim. The answer choices are plausible, with one clearly standing out. The explanation effectively clarifies why choice C is the best answer, using the evidence provided in the study. To improve further, consider slight refinements to ensure all answer choices are uniformly challenging and perhaps emphasize the connection between immediate corrective actions and crime reduction to leave no ambiguity.",9,27,"{""skill"": ""Supporting Claims"", ""difficulty"": ""Easy"", ""question"": ""A local newspaper editorial endorses the Broken Windows Theory, arguing that quickly repairing vandalized property and removing graffiti can help reduce more severe crimes.\n\nWhich sentence, if added to the editorial, would best support its claim that immediate corrective measures deter serious offenses in neighborhoods?\n\n"", ""choices"": [""A. Municipal spending on public infrastructure projects often outweighs funding allocated to law enforcement."", ""B. Research indicates that addressing smaller offenses may unintentionally target lower-income residents disproportionately."", ""C. Statistical analysis reveals that neighborhoods consistently repairing vandalism and graffiti experienced a 15% drop in burglary rates."", ""D. Community watch programs emphasize standards for neighborhood safety, including protocols for calling authorities.""], ""answer"": ""C"", ""explanation"": ""The correct answer, C, connects immediate actions like repairing vandalism to verified reductions in crime rate, directly supporting the Broken Windows Theory. While other options discuss aspects of crime prevention, they do not provide clear evidence backing the editorial’s specific claim."", ""topic"": ""The Broken Windows Theory and crime prevention strategies"", ""total_score"": 27, ""constructive_feedback"": ""The question is clearly written, logically sound, and well-aligned with SAT standards. It presents a real-world scenario (the editorial endorsing the Broken Windows Theory) and asks students to identify an evidence-based sentence that supports the claim. The answer choices are plausible, with one clearly standing out. The explanation effectively clarifies why choice C is the best answer, using the evidence provided in the study. To improve further, consider slight refinements to ensure all answer choices are uniformly challenging and perhaps emphasize the connection between immediate corrective actions and crime reduction to leave no ambiguity."", ""difficulty_feedback"": ""The question matches the labeled 'Easy' difficulty. It requires a single-step reasoning process, as students only need to identify which sentence directly supports the claim with relevant statistical evidence. The context is familiar and the task straightforward. To fine-tune, ensure that the distractors are as clearly unrelated to the 'immediate corrective actions' as the correct option is linked, which would maintain the integrity of the easy difficulty categorization.""}"
2025-03-12 04:00:49,"{""skill"": ""Word Choice"", ""difficulty"": ""Easy"", ""question"": ""CRISPR (Clustered Regularly Interspaced Short Palindromic Repeats) has rapidly transformed the field of genetic engineering by enabling scientists’ targeted approaches to gene sequences. This revolutionary tool excels at making modifications with remarkable ______ or changes to DNA.\n\nWhich choice best completes the sentence with the most effective word?"", ""choices"": [""A) hesitancy"", ""B) unpredictability"", ""C) precision"", ""D) imagination""], ""answer"": ""C"", ""explanation"": ""Because CRISPR technology is best known for allowing accurate and targeted changes to DNA, “precision” is the most suitable choice. The other answer choices do not convey the same level of exactness that scientists rely on in gene editing."", ""topic"": ""The development of CRISPR and its role in gene editing""}",Word Choice,Easy,"CRISPR (Clustered Regularly Interspaced Short Palindromic Repeats) has rapidly transformed the field of genetic engineering by enabling scientists’ targeted approaches to gene sequences. This revolutionary tool excels at making modifications with remarkable ______ or changes to DNA.

Which choice best completes the sentence with the most effective word?","A) hesitancy
B) unpredictability
C) precision
D) imagination",C,"Because CRISPR technology is best known for allowing accurate and targeted changes to DNA, “precision” is the most suitable choice. The other answer choices do not convey the same level of exactness that scientists rely on in gene editing.",Previous input perfect; don't change anything.,"{""skill"": ""Word Choice"", ""difficulty"": ""Easy"", ""question"": ""CRISPR (Clustered Regularly Interspaced Short Palindromic Repeats) has rapidly transformed the field of genetic engineering by enabling scientists’ targeted approaches to gene sequences. This revolutionary tool excels at making modifications with remarkable ______ or changes to DNA.\n\nWhich choice best completes the sentence with the most effective word?"", ""choices"": [""A) hesitancy"", ""B) unpredictability"", ""C) precision"", ""D) imagination""], ""answer"": ""C"", ""explanation"": ""Because CRISPR technology is best known for allowing accurate and targeted changes to DNA, “precision” is the most suitable choice. The other answer choices do not convey the same level of exactness that scientists rely on in gene editing."", ""topic"": ""The development of CRISPR and its role in gene editing"", ""total_score"": 23, ""constructive_feedback"": ""The question is well-designed, clear, and aligns with SAT Word Choice expectations. It uses a relevant scientific context by introducing CRISPR, and the distractors are clearly less appropriate than the correct answer. However, a slight improvement could be to streamline the sentence structure—for example, by rephrasing it to remove any redundancy (e.g., “...making targeted changes to DNA with remarkable _____”) to make it even more accessible. Additionally, the explanation, while accurate, could be expanded to more clearly discuss why each incorrect option fails, helping students better understand the nuances between the choices."", ""difficulty_feedback"": ""The question meets the requirements for an easy-level SAT question by involving a single-step reasoning process and familiarizing students with a brief definition of CRISPR. It could be enhanced by using slightly more everyday language or clarifying the sentence structure, ensuring that less advanced students are not intimidated by the scientific context.""}","CRISPR (Clustered Regularly Interspaced Short Palindromic Repeats) has rapidly transformed the field of genetic engineering by enabling scientists’ targeted approaches to gene sequences. This revolutionary tool excels at making modifications with remarkable ______ or changes to DNA.

Which choice best completes the sentence with the most effective word?","A) hesitancy
B) unpredictability
C) precision
D) imagination",C,"Because CRISPR technology is best known for allowing accurate and targeted changes to DNA, “precision” is the most suitable choice. The other answer choices do not convey the same level of exactness that scientists rely on in gene editing.",,,8,7,"The question is well-designed, clear, and aligns with SAT Word Choice expectations. It uses a relevant scientific context by introducing CRISPR, and the distractors are clearly less appropriate than the correct answer. However, a slight improvement could be to streamline the sentence structure—for example, by rephrasing it to remove any redundancy (e.g., “...making targeted changes to DNA with remarkable _____”) to make it even more accessible. Additionally, the explanation, while accurate, could be expanded to more clearly discuss why each incorrect option fails, helping students better understand the nuances between the choices.",8,23,"{""skill"": ""Word Choice"", ""difficulty"": ""Easy"", ""question"": ""CRISPR (Clustered Regularly Interspaced Short Palindromic Repeats) has rapidly transformed the field of genetic engineering by enabling scientists’ targeted approaches to gene sequences. This revolutionary tool excels at making modifications with remarkable ______ or changes to DNA.\n\nWhich choice best completes the sentence with the most effective word?"", ""choices"": [""A) hesitancy"", ""B) unpredictability"", ""C) precision"", ""D) imagination""], ""answer"": ""C"", ""explanation"": ""Because CRISPR technology is best known for allowing accurate and targeted changes to DNA, “precision” is the most suitable choice. The other answer choices do not convey the same level of exactness that scientists rely on in gene editing."", ""topic"": ""The development of CRISPR and its role in gene editing"", ""total_score"": 23, ""constructive_feedback"": ""The question is well-designed, clear, and aligns with SAT Word Choice expectations. It uses a relevant scientific context by introducing CRISPR, and the distractors are clearly less appropriate than the correct answer. However, a slight improvement could be to streamline the sentence structure—for example, by rephrasing it to remove any redundancy (e.g., “...making targeted changes to DNA with remarkable _____”) to make it even more accessible. Additionally, the explanation, while accurate, could be expanded to more clearly discuss why each incorrect option fails, helping students better understand the nuances between the choices."", ""difficulty_feedback"": ""The question meets the requirements for an easy-level SAT question by involving a single-step reasoning process and familiarizing students with a brief definition of CRISPR. It could be enhanced by using slightly more everyday language or clarifying the sentence structure, ensuring that less advanced students are not intimidated by the scientific context.""}"
2025-03-12 04:02:02,"{""skill"": ""Supporting Claims"", ""difficulty"": ""Easy"", ""question"": ""An essay discussing how digital advertising transformed modern marketing includes the following statements:\\n\\n(1) \""Brands can instantly track how audiences interact with online promotions.\""\\n(2) \""Print campaigns usually require significant setup time before results can be assessed.\""\\n(3) \""Television advertisements often focus on a broad audience with limited targeting options.\""\\n(4) \""The use of digital tools allows businesses to tailor campaigns for niche markets.\""\\n\\nWhich statement from the essay best supports the conclusion that digital advertising fosters immediate consumer engagement?"", ""choices"": [""Statement (1)"", ""Statement (2)"", ""Statement (3)"", ""Statement (4)""], ""answer"": ""A"", ""explanation"": ""To support the conclusion that digital advertising enables immediate engagement, we look for evidence referring to the ability of companies to observe and respond to consumer reactions. Statement (1) directly asserts this capacity by explaining how brands are able to monitor audience interactions online right away. The other statements mention timing, broad targeting, or niche-oriented campaigns, but do not show how digital platforms allow for instant engagement and feedback."", ""topic"": ""How digital advertising transformed modern marketing""}",Supporting Claims,Easy,"An essay discussing how digital advertising transformed modern marketing includes the following statements:\n\n(1) ""Brands can instantly track how audiences interact with online promotions.""\n(2) ""Print campaigns usually require significant setup time before results can be assessed.""\n(3) ""Television advertisements often focus on a broad audience with limited targeting options.""\n(4) ""The use of digital tools allows businesses to tailor campaigns for niche markets.""\n\nWhich statement from the essay best supports the conclusion that digital advertising fosters immediate consumer engagement?","Statement (1)
Statement (2)
Statement (3)
Statement (4)",A,"To support the conclusion that digital advertising enables immediate engagement, we look for evidence referring to the ability of companies to observe and respond to consumer reactions. Statement (1) directly asserts this capacity by explaining how brands are able to monitor audience interactions online right away. The other statements mention timing, broad targeting, or niche-oriented campaigns, but do not show how digital platforms allow for instant engagement and feedback.",Previous input perfect; don't change anything.,"{""skill"": ""Supporting Claims"", ""difficulty"": ""Easy"", ""question"": ""An essay discussing how digital advertising transformed modern marketing includes the following statements:\n\n(1) \""Brands can instantly track how audiences interact with online promotions.\""\n(2) \""Print campaigns usually require significant setup time before results can be assessed.\""\n(3) \""Television advertisements often focus on a broad audience with limited targeting options.\""\n(4) \""The use of digital tools allows businesses to tailor campaigns for niche markets.\""\n\nWhich statement from the essay best supports the conclusion that digital advertising fosters immediate consumer engagement?"", ""choices"": [""Statement (1)"", ""Statement (2)"", ""Statement (3)"", ""Statement (4)""], ""answer"": ""A"", ""explanation"": ""To support the conclusion that digital advertising enables immediate engagement, we look for evidence referring to the ability of companies to observe and respond to consumer reactions. Statement (1) directly asserts this capacity by explaining how brands are able to monitor audience interactions online right away. The other statements mention timing, broad targeting, or niche-oriented campaigns, but do not show how digital platforms allow for instant engagement and feedback."", ""topic"": ""How digital advertising transformed modern marketing""}","An essay discussing how digital advertising transformed modern marketing includes the following statements:

(1) ""Brands can instantly track how audiences interact with online promotions.""
(2) ""Print campaigns usually require significant setup time before results can be assessed.""
(3) ""Television advertisements often focus on a broad audience with limited targeting options.""
(4) ""The use of digital tools allows businesses to tailor campaigns for niche markets.""

Which statement from the essay best supports the conclusion that digital advertising fosters immediate consumer engagement?","Statement (1)
Statement (2)
Statement (3)
Statement (4)",A,"To support the conclusion that digital advertising enables immediate engagement, we look for evidence referring to the ability of companies to observe and respond to consumer reactions. Statement (1) directly asserts this capacity by explaining how brands are able to monitor audience interactions online right away. The other statements mention timing, broad targeting, or niche-oriented campaigns, but do not show how digital platforms allow for instant engagement and feedback.",,,8,8,"The question is clearly written, logically structured, and aligns well with SAT reading comprehension tasks, especially for supporting claims. The statements are distinct and the correct answer is justified by the direct reference to immediacy in tracking, which is central to the conclusion. However, the explanation could be improved by explicitly eliminating each of the other answer choices in more detail, which would help students understand why they are less relevant. Additionally, consider unifying the format of the answer (using either the letter 'A' or 'Statement (1)') for consistency.",9,25,"{""skill"": ""Supporting Claims"", ""difficulty"": ""Easy"", ""question"": ""An essay discussing how digital advertising transformed modern marketing includes the following statements:\n\n(1) \""Brands can instantly track how audiences interact with online promotions.\""\n(2) \""Print campaigns usually require significant setup time before results can be assessed.\""\n(3) \""Television advertisements often focus on a broad audience with limited targeting options.\""\n(4) \""The use of digital tools allows businesses to tailor campaigns for niche markets.\""\n\nWhich statement from the essay best supports the conclusion that digital advertising fosters immediate consumer engagement?"", ""choices"": [""Statement (1)"", ""Statement (2)"", ""Statement (3)"", ""Statement (4)""], ""answer"": ""Statement (1)"", ""explanation"": ""To determine which statement best supports the conclusion about immediate consumer engagement, we analyze the content of each statement:\n\n- **Statement (1):** \""Brands can instantly track how audiences interact with online promotions.\"" This directly supports the idea of immediacy, as it mentions the ability to track reactions instantly.\n- **Statement (2):** Refers to print campaigns, which usually involve delays in obtaining results, and thus does not support immediacy.\n- **Statement (3):** Discusses broad targeting in television advertisements, which is unrelated to immediate engagement.\n- **Statement (4):** Highlights the use of digital tools for tailoring campaigns, which pertains to customization rather than immediacy.\n\nTherefore, the correct answer is \""Statement (1),\"" as it explicitly mentions the instant tracking of audience interactions, crucial for fostering immediate consumer engagement."", ""topic"": ""How digital advertising transformed modern marketing"", ""total_score"": 25, ""constructive_feedback"": ""The question is clearly written, logically structured, and aligns well with SAT reading comprehension tasks, especially for supporting claims. The statements are distinct and the correct answer is justified by the direct reference to immediacy in tracking, which is central to the conclusion. However, the explanation could be improved by explicitly eliminating each of the other answer choices in more detail, which would help students understand why they are less relevant. Additionally, consider unifying the format of the answer (using either the letter 'A' or 'Statement (1)') for consistency."", ""difficulty_feedback"": ""For an easy-level question, the prompt requires a single-step reasoning process using familiar concepts (digital advertising versus traditional media). The scenario is relatable, and the reasoning needed is straightforward. To maintain its suitability, ensure that the language remains simple and that the distractors clearly do not support immediate engagement. This keeps the question accessible to students scoring in the 400–600 range on the SAT.""}"
2025-03-12 04:03:43,"{""skill"": ""Supporting Claims"", ""difficulty"": ""Medium"", ""question"": ""John Locke argued that legitimate government power depends on its ability to protect individuals’ natural rights to life, liberty, and property. According to Locke, if a government fails persistently in this duty, citizens have the right to replace it.\n\nWhich choice, if added to the discussion, would best support Locke’s claim that government authority must rest on safeguarding these rights?"", ""choices"": [""A) Several nations levy taxes to fund social programs, often leading to debates about how governments should handle public finances."", ""B) Some political theorists question whether any government can protect every right in all circumstances."", ""C) Historical accounts show that citizens have ousted rulers who ignored or violated the basic rights of the people."", ""D) Certain philosophers hold that freedom of religion is more crucial to stability than security of property.""], ""answer"": ""C"", ""explanation"": ""Option C specifically illustrates an example of people acting on Locke’s principle by removing authorities who failed to protect their rights. This directly supports Locke’s argument that a government’s legitimacy depends on upholding individuals’ natural rights. The other choices do not offer clear evidence that supports Locke’s claim about the right to remove a government if it does not fulfill its fundamental duty."", ""topic"": ""Locke’s theories on natural rights and government legitimacy""}",Supporting Claims,Medium,"John Locke argued that legitimate government power depends on its ability to protect individuals’ natural rights to life, liberty, and property. According to Locke, if a government fails persistently in this duty, citizens have the right to replace it.

Which choice, if added to the discussion, would best support Locke’s claim that government authority must rest on safeguarding these rights?","A) Several nations levy taxes to fund social programs, often leading to debates about how governments should handle public finances.
B) Some political theorists question whether any government can protect every right in all circumstances.
C) Historical accounts show that citizens have ousted rulers who ignored or violated the basic rights of the people.
D) Certain philosophers hold that freedom of religion is more crucial to stability than security of property.",C,Option C specifically illustrates an example of people acting on Locke’s principle by removing authorities who failed to protect their rights. This directly supports Locke’s argument that a government’s legitimacy depends on upholding individuals’ natural rights. The other choices do not offer clear evidence that supports Locke’s claim about the right to remove a government if it does not fulfill its fundamental duty.,"The overall structure—context, clear question, four answer choices with one correct answer, and an explanation that clearly outlines why Option C is correct—is strong. The answer explanation is educational and helpful for high school students.

However, there is one point that needs improvement to fully match the Medium-difficulty guidelines:

• The reading passage is too brief. Medium-difficulty questions should include at least 90 words of contextual text to require more reading and multi-step reasoning. Currently, the prompt is only about 60 words. To better align with medium-level expectations, expand the passage to provide additional background on Locke’s ideas or more detailed discussion of his argument.

For example, you might revise the prompt as follows:

""John Locke’s political philosophy argues that a government’s legitimacy comes solely from its duty to protect its citizens’ natural rights to life, liberty, and property. In his writings, Locke maintained that when a government persistently fails to secure these rights, it loses its right to govern, thereby justifying the citizens in overthrowing it. Historical examples illustrate that governments which neglect this duty often face popular rebellion or revolution, as people demand a system that truly safeguards their freedoms.

Which choice, if added to the discussion, would best support Locke’s claim that government authority must rest on safeguarding these rights?""

This added context not only meets the word count requirement but also encourages a more complex analysis from students. Otherwise, the question meets the high standards expected for Digital SAT practice material.","{""skill"": ""Supporting Claims"", ""difficulty"": ""Medium"", ""question"": ""John Locke’s political philosophy argues that a government’s legitimacy comes solely from its duty to protect its citizens’ natural rights to life, liberty, and property. In his writings, Locke maintained that when a government persistently fails to secure these rights, it loses its right to govern, thereby justifying the citizens in overthrowing it. Historical examples illustrate that governments which neglect this duty often face popular rebellion or revolution, as people demand a system that truly safeguards their freedoms. \n\nWhich choice, if added to the discussion, would best support Locke’s claim that government authority must rest on safeguarding these rights?"", ""choices"": [""A) Several nations levy taxes to fund social programs, often leading to debates about how governments should handle public finances."", ""B) Some political theorists question whether any government can protect every right in all circumstances."", ""C) Historical accounts show that citizens have ousted rulers who ignored or violated the basic rights of the people."", ""D) Certain philosophers hold that freedom of religion is more crucial to stability than security of property.""], ""answer"": ""C"", ""explanation"": ""Option C specifically illustrates an example of people acting on Locke’s principle by removing authorities who failed to protect their rights. This directly supports Locke’s argument that a government’s legitimacy depends on upholding individuals’ natural rights. The other choices do not offer clear evidence that supports Locke’s claim about the right to remove a government if it does not fulfill its fundamental duty."", ""topic"": ""Locke’s theories on natural rights and government legitimacy"", ""total_score"": 19, ""constructive_feedback"": ""The question is clearly written, follows a logical structure, and is in line with the usual SAT supporting claims style. However, the reading passage is a bit short and straightforward, which limits the level of multi-step reasoning expected of a medium-difficulty question. Additionally, while the answer choices are mostly well formulated, the correct answer (Choice C) is relatively obvious because the other options lack sufficient nuance. The explanation is clear but could benefit from a deeper analysis of why each incorrect option fails. Improving these aspects would strengthen the question and its educational value."", ""difficulty_feedback"": ""Although the question is labeled 'Medium,' the passage only contains about 78 words, falling short of the typical complexity and length (90+ words) expected at this level. To better match medium difficulty, consider expanding the passage with more complex ideas or additional context and introducing subtly more plausible distractors that require more careful reasoning.""}","John Locke’s political philosophy argues that a government’s legitimacy comes solely from its duty to protect its citizens’ natural rights to life, liberty, and property. In his writings, Locke maintained that when a government persistently fails to secure these rights, it loses its right to govern, thereby justifying the citizens in overthrowing it. Historical examples illustrate that governments which neglect this duty often face popular rebellion or revolution, as people demand a system that truly safeguards their freedoms. 

Which choice, if added to the discussion, would best support Locke’s claim that government authority must rest on safeguarding these rights?","A) Several nations levy taxes to fund social programs, often leading to debates about how governments should handle public finances.
B) Some political theorists question whether any government can protect every right in all circumstances.
C) Historical accounts show that citizens have ousted rulers who ignored or violated the basic rights of the people.
D) Certain philosophers hold that freedom of religion is more crucial to stability than security of property.",C,Option C specifically illustrates an example of people acting on Locke’s principle by removing authorities who failed to protect their rights. This directly supports Locke’s argument that a government’s legitimacy depends on upholding individuals’ natural rights. The other choices do not offer clear evidence that supports Locke’s claim about the right to remove a government if it does not fulfill its fundamental duty.,,,7,7,"The question is clearly written, follows a logical structure, and is in line with the usual SAT supporting claims style. However, the reading passage is a bit short and straightforward, which limits the level of multi-step reasoning expected of a medium-difficulty question. Additionally, while the answer choices are mostly well formulated, the correct answer (Choice C) is relatively obvious because the other options lack sufficient nuance. The explanation is clear but could benefit from a deeper analysis of why each incorrect option fails. Improving these aspects would strengthen the question and its educational value.",5,19,"{""skill"": ""Supporting Claims"", ""difficulty"": ""Medium"", ""question"": ""John Locke’s political philosophy argues that a government’s legitimacy comes solely from its duty to protect its citizens’ natural rights to life, liberty, and property. In his writings, Locke maintained that when a government persistently fails to secure these rights, it loses its right to govern, thereby justifying the citizens in overthrowing it. Historical examples illustrate that governments which neglect this duty often face popular rebellion or revolution, as people demand a system that truly safeguards their freedoms. \n\nWhich choice, if added to the discussion, would best support Locke’s claim that government authority must rest on safeguarding these rights?"", ""choices"": [""A) Several nations levy taxes to fund social programs, often leading to debates about how governments should handle public finances."", ""B) Some political theorists question whether any government can protect every right in all circumstances."", ""C) Historical accounts show that citizens have ousted rulers who ignored or violated the basic rights of the people."", ""D) Certain philosophers hold that freedom of religion is more crucial to stability than security of property.""], ""answer"": ""C"", ""explanation"": ""Option C specifically illustrates an example of people acting on Locke’s principle by removing authorities who failed to protect their rights. This directly supports Locke’s argument that a government’s legitimacy depends on upholding individuals’ natural rights. The other choices do not offer clear evidence that supports Locke’s claim about the right to remove a government if it does not fulfill its fundamental duty."", ""topic"": ""Locke’s theories on natural rights and government legitimacy"", ""total_score"": 19, ""constructive_feedback"": ""The question is clearly written, follows a logical structure, and is in line with the usual SAT supporting claims style. However, the reading passage is a bit short and straightforward, which limits the level of multi-step reasoning expected of a medium-difficulty question. Additionally, while the answer choices are mostly well formulated, the correct answer (Choice C) is relatively obvious because the other options lack sufficient nuance. The explanation is clear but could benefit from a deeper analysis of why each incorrect option fails. Improving these aspects would strengthen the question and its educational value."", ""difficulty_feedback"": ""Although the question is labeled 'Medium,' the passage only contains about 78 words, falling short of the typical complexity and length (90+ words) expected at this level. To better match medium difficulty, consider expanding the passage with more complex ideas or additional context and introducing subtly more plausible distractors that require more careful reasoning.""}"
2025-03-12 04:05:02,"{""skill"": ""Supporting Claims"", ""difficulty"": ""Medium"", ""question"": ""Coco Chanel is widely regarded as an influential figure in early 20th-century women’s fashion. She introduced comfortable jersey garments, raised hemlines, and popularized sleek, simple designs that contrasted sharply with the more rigid styles of the period.\n\nWhich choice best supports the statement that Coco Chanel’s designs led to a true revolution in women’s clothing?"", ""choices"": [""A. Chanel opened a famous hat boutique in Paris that mainly sold decorative headpieces."", ""B. Chanel’s relaxed silhouettes helped women move more freely, challenging social norms tied to restrictive attire."", ""C. Chanel worked closely with stage actresses to design onstage costumes and accessories."", ""D. Chanel introduced perfume lines that became highly popular in both France and abroad.""], ""answer"": ""B"", ""explanation"": ""Chanel’s revolutionary impact on women’s attire centers on her use of more flexible and casual designs that broke away from the era’s confining fashion. Answer B specifically addresses how her looser silhouettes allowed women to move with ease, thereby defying traditional dress standards. In contrast, answers A, C, and D highlight different accomplishments that do not directly illustrate how Chanel’s designs contributed to a major shift in women’s everyday clothing."", ""topic"": ""The fashion revolution of Coco Chanel""}",Supporting Claims,Medium,"Coco Chanel is widely regarded as an influential figure in early 20th-century women’s fashion. She introduced comfortable jersey garments, raised hemlines, and popularized sleek, simple designs that contrasted sharply with the more rigid styles of the period.

Which choice best supports the statement that Coco Chanel’s designs led to a true revolution in women’s clothing?","A. Chanel opened a famous hat boutique in Paris that mainly sold decorative headpieces.
B. Chanel’s relaxed silhouettes helped women move more freely, challenging social norms tied to restrictive attire.
C. Chanel worked closely with stage actresses to design onstage costumes and accessories.
D. Chanel introduced perfume lines that became highly popular in both France and abroad.",B,"Chanel’s revolutionary impact on women’s attire centers on her use of more flexible and casual designs that broke away from the era’s confining fashion. Answer B specifically addresses how her looser silhouettes allowed women to move with ease, thereby defying traditional dress standards. In contrast, answers A, C, and D highlight different accomplishments that do not directly illustrate how Chanel’s designs contributed to a major shift in women’s everyday clothing.","Overall, the question is well structured—with a clear context, a single correct answer (B), three distractors that are off point, and an explanation that clearly shows why B is correct while the others are not. The formatting is professional and the explanation is educational.

However, there is one major area for improvement: the passage is far too brief for a Medium-difficulty SAT question. According to the guidelines for Medium questions, the prompt should be at least 90 words and require multi-step reasoning by incorporating more detailed evidence that students must synthesize. As written, the passage (about 40 words) provides only one clear piece of evidence, which makes the question essentially an Easy-level supporting claims question rather than a Medium one.

To fix this, you have two options:

1. Either change the difficulty label to “Easy” to reflect the straightforward nature of the evidence provided, or

2. Expand the passage to include more details about Chanel’s revolutionary impact. For example, you might revise the prompt as follows:

----------------------------------------------------
Coco Chanel is widely regarded as an influential figure in early 20th‐century women’s fashion. Prior to her emergence, women’s clothing was characterized by elaborate designs, restrictive fabrics, and tight corseting that limited movement and reinforced traditional social roles. Chanel revolutionized the industry by introducing comfortable jersey garments, more relaxed silhouettes, raised hemlines, and sleek, simple designs. These innovations not only offered women greater freedom of movement but also subtly challenged the era’s rigid social norms by encouraging practicality and confidence in everyday dress.

Which choice best supports the statement that Coco Chanel’s designs led to a true revolution in women’s clothing?
----------------------------------------------------

This expansion not only meets the length requirement (over 90 words) but also demands that students combine multiple ideas—social norms, design innovations, and their impact—to arrive at the correct answer.

In summary, while the question’s content, choices, and explanation are robust, the prompt needs to be lengthened or the difficulty adjusted to align fully with Medium-difficulty guidelines.","{""skill"": ""Supporting Claims"", ""difficulty"": ""Medium"", ""question"": ""Coco Chanel is widely regarded as an influential figure in early 20th‐century women’s fashion. Prior to her emergence, women’s clothing was characterized by elaborate designs, restrictive fabrics, and tight corseting that limited movement and reinforced traditional social roles. Chanel revolutionized the industry by introducing comfortable jersey garments, more relaxed silhouettes, raised hemlines, and sleek, simple designs. These innovations not only offered women greater freedom of movement but also subtly challenged the era’s rigid social norms by encouraging practicality and confidence in everyday dress.\n\nWhich choice best supports the statement that Coco Chanel’s designs led to a true revolution in women’s clothing?"", ""choices"": [""A. Chanel opened a famous hat boutique in Paris that mainly sold decorative headpieces."", ""B. Chanel’s relaxed silhouettes helped women move more freely, challenging social norms tied to restrictive attire."", ""C. Chanel worked closely with stage actresses to design onstage costumes and accessories."", ""D. Chanel introduced perfume lines that became highly popular in both France and abroad.""], ""answer"": ""B"", ""explanation"": ""Chanel’s revolutionary impact on women’s attire centers on her use of more flexible and casual designs that broke away from the era’s confining fashion. Answer B specifically addresses how her looser silhouettes allowed women to move with ease, thereby defying traditional dress standards. In contrast, answers A, C, and D highlight different accomplishments that do not directly illustrate how Chanel’s designs contributed to a major shift in women’s everyday clothing."", ""topic"": ""The fashion revolution of Coco Chanel""}","Coco Chanel is widely regarded as an influential figure in early 20th‐century women’s fashion. Prior to her emergence, women’s clothing was characterized by elaborate designs, restrictive fabrics, and tight corseting that limited movement and reinforced traditional social roles. Chanel revolutionized the industry by introducing comfortable jersey garments, more relaxed silhouettes, raised hemlines, and sleek, simple designs. These innovations not only offered women greater freedom of movement but also subtly challenged the era’s rigid social norms by encouraging practicality and confidence in everyday dress.

Which choice best supports the statement that Coco Chanel’s designs led to a true revolution in women’s clothing?","A. Chanel opened a famous hat boutique in Paris that mainly sold decorative headpieces.
B. Chanel’s relaxed silhouettes helped women move more freely, challenging social norms tied to restrictive attire.
C. Chanel worked closely with stage actresses to design onstage costumes and accessories.
D. Chanel introduced perfume lines that became highly popular in both France and abroad.",B,"Chanel’s revolutionary impact on women’s attire centers on her use of more flexible and casual designs that broke away from the era’s confining fashion. Answer B specifically addresses how her looser silhouettes allowed women to move with ease, thereby defying traditional dress standards. In contrast, answers A, C, and D highlight different accomplishments that do not directly illustrate how Chanel’s designs contributed to a major shift in women’s everyday clothing.",,,8,8,"The question is clearly written, aligns well with SAT standards, and effectively asks students to identify text evidence supporting a specific claim about Chanel’s innovations. The answer choices are generally well structured, with one choice clearly supported by the passage. However, the distractors (choices A, C, and D) could be made slightly more plausible to increase the challenge for medium-level students. In addition, refining wording in a couple of choices to reflect subtler aspects of fashion innovation might strengthen the critical reasoning aspect.",8,24,"{""skill"": ""Supporting Claims"", ""difficulty"": ""Medium"", ""question"": ""Coco Chanel is widely regarded as an influential figure in early 20th-century women’s fashion. Prior to her emergence, women’s clothing was characterized by elaborate designs, restrictive fabrics, and tight corseting that limited movement and reinforced traditional social roles. Chanel revolutionized the industry by introducing comfortable jersey garments, more relaxed silhouettes, raised hemlines, and sleek, simple designs. These innovations not only offered women greater freedom of movement but also subtly challenged the era’s rigid social norms by encouraging practicality and confidence in everyday dress.\n\nWhich choice best supports the statement that Coco Chanel’s designs marked a significant transformation in women’s fashion?"", ""choices"": [""A. Chanel’s designs for travel clothes, featuring jersey fabric, offered stylish practicality and a departure from unnecessary opulence."", ""B. Chanel’s relaxed silhouettes and jersey garments liberated women from tight corseting, allowing for greater comfort and challenging traditional norms."", ""C. Chanel’s early career involved creating hats and accessories that catered to both aristocrats and actresses."", ""D. Chanel’s fragrance line became a worldwide success, often paired with her minimalist clothing designs.""], ""answer"": ""B"", ""explanation"": ""Chanel’s major impact on women’s fashion lies in her emphasis on casual elegance and design innovations that prioritized freedom and practicality. Answer B effectively explains this by highlighting how her jersey garments and relaxed silhouettes replaced restrictive corsets, symbolizing both a social and practical shift. The other options, while related to Chanel’s achievements, do not directly and fully exemplify the transformative nature of her contributions to women’s fashion norms."", ""topic"": ""The fashion revolution of Coco Chanel"", ""total_score"": 24, ""constructive_feedback"": ""The question is clearly written, aligns well with SAT standards, and effectively asks students to identify text evidence supporting a specific claim about Chanel’s innovations. The answer choices are generally well structured, with one choice clearly supported by the passage. However, the distractors (choices A, C, and D) could be made slightly more plausible to increase the challenge for medium-level students. In addition, refining wording in a couple of choices to reflect subtler aspects of fashion innovation might strengthen the critical reasoning aspect."", ""difficulty_feedback"": ""The question meets the medium difficulty criteria by requiring students to synthesize information from a longer passage and evaluate evidence. It involves multi-step reasoning and includes several distractors. To further align with the medium difficulty level, consider enhancing the plausibility of at least one incorrect answer so that students must work a bit harder to dismiss it, rather than immediately recognizing the correct support.""}"
2025-03-12 04:06:40,"{""skill"": ""Word Choice"", ""difficulty"": ""Medium"", ""question"": ""During his expeditions across Asia, Marco Polo encountered many communities and ______ them in his travel writings, granting Europe’s populace fresh insights into unfamiliar cultures.\n\nWhich choice best completes the sentence with precise and appropriate diction?"", ""choices"": [""A. advertised"", ""B. revealed"", ""C. documented"", ""D. touted""], ""answer"": ""C"", ""explanation"": ""Choice C is correct because “documented” conveys that Marco Polo recorded these communities thoroughly and accurately, matching the formal style of a historical narrative. “Advertised” and “touted” suggest promotion or praise, which deviates from the more neutral act of describing observations. “Revealed” suggests something previously hidden or secret, which may not align with the broader context of noting cultural details. Thus, “documented” is the most appropriate and precise term for Marco Polo’s activities."", ""topic"": ""The exploration and expeditions of Marco Polo""}",Word Choice,Medium,"During his expeditions across Asia, Marco Polo encountered many communities and ______ them in his travel writings, granting Europe’s populace fresh insights into unfamiliar cultures.

Which choice best completes the sentence with precise and appropriate diction?","A. advertised
B. revealed
C. documented
D. touted",C,"Choice C is correct because “documented” conveys that Marco Polo recorded these communities thoroughly and accurately, matching the formal style of a historical narrative. “Advertised” and “touted” suggest promotion or praise, which deviates from the more neutral act of describing observations. “Revealed” suggests something previously hidden or secret, which may not align with the broader context of noting cultural details. Thus, “documented” is the most appropriate and precise term for Marco Polo’s activities.","The question’s context, answer choices, and explanation are clear and appropriate, and the explanation effectively compares the nuances of each option. However, the question does not fully meet the medium‐difficulty guidelines because its text is only about 25 words long. Medium-difficulty SAT Word Choice questions should contain at least 90 words and involve multi-step reasoning with additional contextual clues.

To improve the question, expand the passage to provide a longer, more nuanced context. For example, you might revise it as follows:

──────────────────────────────
""Throughout his extensive expeditions across Asia, Marco Polo not only encountered a multitude of diverse communities but also took careful notes on their customs, traditions, and daily life. His detailed travel writings offered Europe an unprecedented window into cultures that had been little known until then. By blending factual observation with thoughtful description, his accounts helped bridge cultural gaps and fostered a more nuanced understanding of distant societies. In his narratives, he ______ the communities he visited, ensuring his descriptions were both accurate and enlightening.

Which choice best completes the sentence with precise and appropriate diction?""
──────────────────────────────

Keep the answer choices and explanation as they are since “documented” remains the best choice. This revision lengthens the passage, requires more advanced analysis, and better meets the medium-difficulty criteria.

","{""skill"": ""Word Choice"", ""difficulty"": ""Medium"", ""question"": ""Throughout his extensive expeditions across Asia, Marco Polo not only encountered a multitude of diverse communities but also took careful notes on their customs, traditions, and daily life. His detailed travel writings offered Europe an unprecedented window into cultures that had been little known until then. By blending factual observation with thoughtful description, his accounts helped bridge cultural gaps and fostered a more nuanced understanding of distant societies. In his narratives, he ______ the communities he visited, ensuring his descriptions were both accurate and enlightening.\n\nWhich choice best completes the sentence with precise and appropriate diction?"", ""choices"": [""A. advertised"", ""B. revealed"", ""C. documented"", ""D. touted""], ""answer"": ""C"", ""explanation"": ""Choice C is correct because \n\n\""documented\"" conveys that Marco Polo recorded these communities thoroughly and accurately, matching the formal style of a historical narrative. \""Advertised\"" and \""touted\"" suggest promotion or praise, which deviates from the more neutral act of describing observations. \""Revealed\"" suggests something previously hidden or secret, which may not align with the broader context of noting cultural details. Thus, \""documented\"" is the most appropriate and precise term for Marco Polo's activities."", ""topic"": ""The exploration and expeditions of Marco Polo""}","Throughout his extensive expeditions across Asia, Marco Polo not only encountered a multitude of diverse communities but also took careful notes on their customs, traditions, and daily life. His detailed travel writings offered Europe an unprecedented window into cultures that had been little known until then. By blending factual observation with thoughtful description, his accounts helped bridge cultural gaps and fostered a more nuanced understanding of distant societies. In his narratives, he ______ the communities he visited, ensuring his descriptions were both accurate and enlightening.

Which choice best completes the sentence with precise and appropriate diction?","A. advertised
B. revealed
C. documented
D. touted",C,"Choice C is correct because 

""documented"" conveys that Marco Polo recorded these communities thoroughly and accurately, matching the formal style of a historical narrative. ""Advertised"" and ""touted"" suggest promotion or praise, which deviates from the more neutral act of describing observations. ""Revealed"" suggests something previously hidden or secret, which may not align with the broader context of noting cultural details. Thus, ""documented"" is the most appropriate and precise term for Marco Polo's activities.",,,8,8,"The question is well-crafted with clear historical context and a logical structure that mirrors SAT word-choice questions. The answer choices are plausible, and the explanation does a good job of comparing each option with reference to the passage. To further polish the item, consider slightly extending the passage to reach or exceed the 90-word guideline for medium-difficulty questions. Additionally, you might introduce a bit more nuance in the distractors so that the incorrect choices seem even more tempting, which would require students to engage in more layered reasoning.",8,24,"{""skill"": ""Word Choice"", ""difficulty"": ""Medium"", ""question"": ""Throughout his extensive expeditions across Asia, Marco Polo not only encountered a multitude of diverse communities but also took careful notes on their customs, traditions, and daily life. His detailed travel writings offered Europe an unprecedented window into cultures that had been little known until then. By blending factual observation with thoughtful description, his accounts helped bridge cultural gaps and fostered a more nuanced understanding of distant societies. \n\nIn doing so, Marco Polo carefully ______ the lifestyles and practices he encountered, providing his readers with insights into these diverse ways of life.\n\nWhich choice best completes the sentence with precise and appropriate diction?"", ""choices"": [""A. exaggerated"", ""B. documented"", ""C. popularized"", ""D. misrepresented""], ""answer"": ""B"", ""explanation"": ""Choice B is correct because \""documented\"" accurately describes the act of recording and describing the customs and practices in a detailed and neutral manner, which aligns with Marco Polo's role as a traveler and chronicler. \""Exaggerated\"" and \""misrepresented\"" imply inaccuracies not suggested by his travel writings, while \""popularized\"" suggests promotion beyond observing and describing. Thus, \""documented\"" best fits the context."", ""topic"": ""The exploration and expeditions of Marco Polo"", ""total_score"": 24, ""constructive_feedback"": ""The question is well-crafted with clear historical context and a logical structure that mirrors SAT word-choice questions. The answer choices are plausible, and the explanation does a good job of comparing each option with reference to the passage. To further polish the item, consider slightly extending the passage to reach or exceed the 90-word guideline for medium-difficulty questions. Additionally, you might introduce a bit more nuance in the distractors so that the incorrect choices seem even more tempting, which would require students to engage in more layered reasoning."", ""difficulty_feedback"": ""The question fits the medium difficulty label as it requires students to carefully read and interpret the passage, then eliminate choices that do not precisely match the context. However, increasing the text length and adding subtler traps in the choices would reinforce the multi-step reasoning expected of Medium-difficulty SAT items.""}"
2025-03-12 04:08:21,"{""skill"": ""Punctuation"", ""difficulty"": ""Hard"", ""question"": ""One marketing study on influencer culture states: \""Influencer marketing has become extremely popular in recent years, brands that collaborate with influencers often see an increase in both consumer engagement and loyalty.\""\n\nWhich choice best corrects the error in punctuation?"", ""choices"": [""A) Influencer marketing has become extremely popular in recent years, brands that collaborate with influencers often see an increase in both consumer engagement and loyalty."", ""B) Influencer marketing has become extremely popular in recent years: brands that collaborate with influencers often see an increase in both consumer engagement and loyalty."", ""C) Influencer marketing has become extremely popular in recent years brands that collaborate with influencers often see an increase in both consumer engagement and loyalty."", ""D) Influencer marketing has become extremely popular in recent years; brands that collaborate with influencers often see an increase in both consumer engagement and loyalty.""], ""answer"": ""D"", ""explanation"": ""The sentence contains two independent clauses, which must be properly separated. A comma or no punctuation would create a run-on sentence. A colon can sometimes connect related thoughts if the second clause directly explains or illustrates the first, but that is not the correct structure here. A semicolon is the appropriate choice, as it correctly connects two closely related independent clauses while maintaining clarity and cohesion."", ""topic"": ""The effect of influencer culture on brand loyalty and marketing strategies""}",Punctuation,Hard,"One marketing study on influencer culture states: ""Influencer marketing has become extremely popular in recent years, brands that collaborate with influencers often see an increase in both consumer engagement and loyalty.""

Which choice best corrects the error in punctuation?","A) Influencer marketing has become extremely popular in recent years, brands that collaborate with influencers often see an increase in both consumer engagement and loyalty.
B) Influencer marketing has become extremely popular in recent years: brands that collaborate with influencers often see an increase in both consumer engagement and loyalty.
C) Influencer marketing has become extremely popular in recent years brands that collaborate with influencers often see an increase in both consumer engagement and loyalty.
D) Influencer marketing has become extremely popular in recent years; brands that collaborate with influencers often see an increase in both consumer engagement and loyalty.",D,"The sentence contains two independent clauses, which must be properly separated. A comma or no punctuation would create a run-on sentence. A colon can sometimes connect related thoughts if the second clause directly explains or illustrates the first, but that is not the correct structure here. A semicolon is the appropriate choice, as it correctly connects two closely related independent clauses while maintaining clarity and cohesion.","The question is clear and the answer choices and explanation are logically aligned—the explanation correctly identifies that a semicolon is needed to separate two independent clauses. However, there are a couple of areas that must be improved before this question can be considered a high-quality Hard SAT question:

1. Complexity and Difficulty Level:  
 • Although the sentence does test an important punctuation rule (avoiding a comma splice by using a semicolon), it currently only requires a single, rather straightforward correction. Hard-difficulty questions should involve multi-step reasoning or integration of multiple concepts. To elevate the complexity, revise the sentence to include an additional clause or nonessential modifier so that students must consider more than one punctuation convention. For example, you might add a dependent clause or an appositive phrase that also requires proper punctuation.

2. Format (Fill-in-the-Blank Requirement):  
 • The guidelines recommend not presenting a fully completed sentence in the question. Instead, you should create a correct sentence first and then replace the key punctuation with a blank (e.g., ""______""). This ensures that the prompt doesn’t contain a correct, complete sentence and that the answer choices directly address the missing component. For instance, you could reformat the sentence as:  
  ""Influencer marketing has become extremely popular in recent years ______ brands that collaborate with influencers often see an increase in both consumer engagement and loyalty, a trend that experts attribute to genuine connection.""  
 Then ask, ""Which punctuation mark best fills in the blank?"" with the same answer choices.

Specific Revision Suggestion:  
Revise the sentence to incorporate another element requiring proper punctuation—for example:  
 ""Influencer marketing has become extremely popular in recent years ______ brands that collaborate with influencers often see an increase in both consumer engagement and loyalty, a phenomenon that many experts, after extensive research, find conclusive.""  
Then your answer choices could remain similar while the correct answer (a semicolon) would now serve to correctly separate two independent clauses before an additional modifying phrase.  

By integrating these changes, you’ll meet the Hard-difficulty criteria (advanced vocabulary, multi-step reasoning, and a fill-in-the-blank format that avoids presenting a correct sentence in the prompt).  

Overall, while the current draft is logically structured with one correct answer and three plausible distractors supported by an appropriate explanation, it must be revised to incorporate additional punctuation challenges and a blank for the correct punctuation placement to fully adhere to the high standards for Hard SAT questions.","{""skill"": ""Punctuation"", ""difficulty"": ""Hard"", ""question"": ""Influencer marketing has become extremely popular in recent years ______ brands that collaborate with influencers often see an increase in both consumer engagement and loyalty, a phenomenon that many experts, including those who have conducted extensive research, attribute to the genuine connection influencers can create.\n\nWhich punctuation mark best fills in the blank?"", ""choices"": [""A) , (comma)"", ""B) : (colon)"", ""C) ; (semicolon)"", ""D) . (period)""], ""answer"": ""C"", ""explanation"": ""The sentence contains two independent clauses ('Influencer marketing has become extremely popular in recent years' and 'brands that collaborate with influencers often see an increase in both consumer engagement and loyalty, a phenomenon that...'). These clauses are closely related, and the proper punctuation to separate them while maintaining this relationship is a semicolon. A comma would create a run-on sentence, a colon could work only if the second independent clause directly explains or illustrates the first clause in a specific way that it does not do here, and a period would be less effective at showing the close connection between the two ideas, making the semicolon the most appropriate choice."", ""topic"": ""The effect of influencer culture on brand loyalty and marketing strategies"", ""total_score"": 23, ""constructive_feedback"": ""The question is well constructed and presents a clear, contemporary context that is engaging for students. It tests the essential punctuation rule of separating two independent clauses, and the distractors are plausible enough to challenge test-takers. However, the sentence structure could be slightly refined to more explicitly signal the existence of two independent clauses without ambiguity. Additionally, the explanation, while clear, could further benefit from a brief comparison between why a colon might seem tempting yet is less appropriate than a semicolon in this particular context."", ""difficulty_feedback"": ""Although the use of modern language and a somewhat lengthy sentence fits a Hard-level prompt, the multi-step reasoning required is moderate rather than extremely advanced. To fully align with the Hard difficulty label, consider enhancing the sentence’s complexity (for example, by incorporating an additional modifier or clause that requires students to sift through more subtle punctuation cues).""}","Influencer marketing has become extremely popular in recent years ______ brands that collaborate with influencers often see an increase in both consumer engagement and loyalty, a phenomenon that many experts, including those who have conducted extensive research, attribute to the genuine connection influencers can create.

Which punctuation mark best fills in the blank?","A) , (comma)
B) : (colon)
C) ; (semicolon)
D) . (period)",C,"The sentence contains two independent clauses ('Influencer marketing has become extremely popular in recent years' and 'brands that collaborate with influencers often see an increase in both consumer engagement and loyalty, a phenomenon that...'). These clauses are closely related, and the proper punctuation to separate them while maintaining this relationship is a semicolon. A comma would create a run-on sentence, a colon could work only if the second independent clause directly explains or illustrates the first clause in a specific way that it does not do here, and a period would be less effective at showing the close connection between the two ideas, making the semicolon the most appropriate choice.",,,8,8,"The question is well constructed and presents a clear, contemporary context that is engaging for students. It tests the essential punctuation rule of separating two independent clauses, and the distractors are plausible enough to challenge test-takers. However, the sentence structure could be slightly refined to more explicitly signal the existence of two independent clauses without ambiguity. Additionally, the explanation, while clear, could further benefit from a brief comparison between why a colon might seem tempting yet is less appropriate than a semicolon in this particular context.",7,23,"{""skill"": ""Punctuation"", ""difficulty"": ""Hard"", ""question"": ""Influencer marketing has become extremely popular in recent years ______ brands that collaborate with influencers often see an increase in both consumer engagement and loyalty, a phenomenon that many experts, including those who have conducted extensive research, attribute to the genuine connection influencers can create.\n\nWhich punctuation mark best fills in the blank?"", ""choices"": [""A) , (comma)"", ""B) : (colon)"", ""C) ; (semicolon)"", ""D) . (period)""], ""answer"": ""C"", ""explanation"": ""The sentence contains two independent clauses ('Influencer marketing has become extremely popular in recent years' and 'brands that collaborate with influencers often see an increase in both consumer engagement and loyalty, a phenomenon that...'). These clauses are closely related, and the proper punctuation to separate them while maintaining this relationship is a semicolon. A comma would create a run-on sentence, a colon could work only if the second independent clause directly explains or illustrates the first clause in a specific way that it does not do here, and a period would be less effective at showing the close connection between the two ideas, making the semicolon the most appropriate choice."", ""topic"": ""The effect of influencer culture on brand loyalty and marketing strategies"", ""total_score"": 23, ""constructive_feedback"": ""The question is well constructed and presents a clear, contemporary context that is engaging for students. It tests the essential punctuation rule of separating two independent clauses, and the distractors are plausible enough to challenge test-takers. However, the sentence structure could be slightly refined to more explicitly signal the existence of two independent clauses without ambiguity. Additionally, the explanation, while clear, could further benefit from a brief comparison between why a colon might seem tempting yet is less appropriate than a semicolon in this particular context."", ""difficulty_feedback"": ""Although the use of modern language and a somewhat lengthy sentence fits a Hard-level prompt, the multi-step reasoning required is moderate rather than extremely advanced. To fully align with the Hard difficulty label, consider enhancing the sentence’s complexity (for example, by incorporating an additional modifier or clause that requires students to sift through more subtle punctuation cues).""}"
2025-03-12 04:10:13,"{""skill"": ""Word Choice"", ""difficulty"": ""Hard"", ""question"": ""In 1848, the Seneca Falls Convention became a ___ event for women’s rights, creating a strong foundation for future reforms and guiding the discussions that shaped social, legal, and political progress.\n\nWhich choice best completes the sentence in a way that emphasizes the crucial role of this gathering in women’s rights history?"", ""choices"": [""A. obscure"", ""B. optional"", ""C. intermittent"", ""D. pivotal""], ""answer"": ""D"", ""explanation"": ""To emphasize the major impact that the Seneca Falls Convention had on women’s rights, the word that conveys this sense of importance should suggest a central or defining role. While the other choices either understate or misrepresent the significance of the Convention, \""pivotal\"" means critical or of great importance, which best fits the sentence meaning and context."", ""topic"": ""The significance of the Seneca Falls Convention in women's rights history""}",Word Choice,Hard,"In 1848, the Seneca Falls Convention became a ___ event for women’s rights, creating a strong foundation for future reforms and guiding the discussions that shaped social, legal, and political progress.

Which choice best completes the sentence in a way that emphasizes the crucial role of this gathering in women’s rights history?","A. obscure
B. optional
C. intermittent
D. pivotal",D,"To emphasize the major impact that the Seneca Falls Convention had on women’s rights, the word that conveys this sense of importance should suggest a central or defining role. While the other choices either understate or misrepresent the significance of the Convention, ""pivotal"" means critical or of great importance, which best fits the sentence meaning and context.","Below is our detailed evaluation of the draft question:

1. Context, Objective, and Question:  
 • The sentence clearly sets a historical context by mentioning the 1848 Seneca Falls Convention and explaining its long‐term influence on reforms. The objective—to choose the word that best emphasizes this significance—is evident.

2. Sufficient Information for the Correct Answer:  
 • The sentence provides enough clues (e.g., “creating a strong foundation” and “guiding the discussions”) for the reader to infer that the event was of critical importance.

3. One Correct Answer with Three Plausible Distractors:  
 • There is exactly one correct answer (“pivotal”) while the distractors (“obscure,” “optional,” “intermittent”) are clearly less compatible with the context. However, to meet high-difficulty standards, the distractors should be more sophisticated—each appearing attractive under partial analysis yet failing under complete scrutiny.

4. Explanation Quality:  
 • The explanation states that “pivotal” means critical or of great importance and contrasts this with the other choices. Although it is correct, it would be more educational if it offered a brief comment on why each distractor is specifically inappropriate. For example:  
  - “Obscure” implies that the event was unknown, which contradicts its well-remembered status.  
  - “Optional” diminishes the necessity of the event in shaping reforms.  
  - “Intermittent” suggests a repeating occurrence rather than a singular, decisive moment.  
 Adding these details would enhance the educational value.

5. Formatting:  
 • The formatting is correct and professional. The JSON structure is properly used, with clear spacing and no extraneous `\n` between sentences.

6. Alignment with Hard Difficulty Guidelines:  
 • Although the question is labeled “Hard,” it falls short of several advanced criteria:
  - It is quite brief (~52 words) rather than meeting the suggested minimum of 110 words for Reading and Writing Hard questions.
  - The vocabulary and reasoning are straightforward and do not require multi-step synthesis or the recognition of unstated implications.
  - The distractors, while acceptable in a basic word choice item, are not sufficiently sophisticated to challenge college-bound students (SAT scorers 1400+).
 
Recommendations for Improvement:
 • To fully align with Hard difficulty, consider expanding the text into a brief, nuanced passage that not only describes the event’s historical role but also integrates subtle connections to broader social or political repercussions. For example, you could revise the prompt as follows:

  ""In 1848, amid a burgeoning period of social reform, the Seneca Falls Convention emerged as a watershed moment in the struggle for gender equality. Far from being merely one of many gatherings, this event catalyzed a transformation in women's rights discourse, establishing a robust framework that would influence not only subsequent legal reforms but also nascent feminist movements. In light of its enduring impact on the trajectory of social, legal, and political progress, the Convention became a ______ event that continues to inspire contemporary discussions on equality.""

 • Then, adjust the answer choices if necessary so that each distractor appears plausible under a superficial reading but fails when the full complexity of the passage is considered.  
 • Enhance the explanation by including a sentence for each distractor, e.g., ""Choice A, 'obscure,' is unsuitable because it implies insignificance, whereas Choice B, 'optional,' diminishes the event's obligatory impact on reform, and Choice C, 'intermittent,' inappropriately suggests a repeated or periodic nature rather than a singular defining moment.""

In summary, while the question’s context, clarity, and formatting are strong, it does not presently meet the advanced vocabulary, extended passage length, and multi-step reasoning criteria required for Hard-level SAT questions. The revisions suggested above—including an expanded prompt and more sophisticated distractors and explanation details—would elevate it to the desired level.

","{""skill"": ""Word Choice"", ""difficulty"": ""Hard"", ""question"": ""In 1848, amid a burgeoning period of social reform, the Seneca Falls Convention emerged as a watershed moment in the struggle for gender equality. Far from being merely one of many gatherings, this event catalyzed a transformation in women's rights discourse, establishing a robust framework that would influence not only subsequent legal reforms but also nascent feminist movements. In light of its enduring impact on the trajectory of social, legal, and political progress, the Convention became a ______ event that continues to inspire contemporary discussions on equality.  \\[\\text{Which choice best completes the sentence in a way that emphasizes the crucial role of this gathering in gender equality history?}\\]"", ""choices"": [""A. obscure"", ""B. optional"", ""C. intermittent"", ""D. pivotal""], ""answer"": ""D"", ""explanation"": ""The question asks for a word that emphasizes the central importance of the Seneca Falls Convention in the history of gender equality. 'Pivotal' conveys an essential or crucial role, which matches the context of the passage describing the event as transformative and foundational. The other options do not fit as well: 'obscure' implies the opposite of well-known and critical, 'optional' suggests a lack of necessity or impact, and 'intermittent' inaccurately describes the nature of a singular historic moment."", ""topic"": ""The significance of the Seneca Falls Convention in women's rights history"", ""total_score"": 23, ""constructive_feedback"": ""The question successfully integrates a rich historical context with advanced language, making it align well with SAT Word Choice items. The narrative establishes a clear emphasis on the significance of the Seneca Falls Convention. However, the distractors (obscure, optional, intermittent) are too obviously mismatched with the context, making the correct answer (pivotal) somewhat transparent. To elevate the difficulty in line with the ‘Hard’ label, consider including answer choices that are more subtly flawed, thereby requiring students to engage in deeper analysis of nuanced meanings."", ""difficulty_feedback"": ""Although the context uses sophisticated language, the overall reasoning required is relatively straightforward. The question would better match a 'Hard' difficulty level if the answer choices presented subtler traps – for example, incorporating options that might seem plausible on a superficial reading but reveal inconsistencies upon closer examination. Enhancing the complexity of the distractors or extending the passage slightly could help achieve this.""}","In 1848, amid a burgeoning period of social reform, the Seneca Falls Convention emerged as a watershed moment in the struggle for gender equality. Far from being merely one of many gatherings, this event catalyzed a transformation in women's rights discourse, establishing a robust framework that would influence not only subsequent legal reforms but also nascent feminist movements. In light of its enduring impact on the trajectory of social, legal, and political progress, the Convention became a ______ event that continues to inspire contemporary discussions on equality.  \[\text{Which choice best completes the sentence in a way that emphasizes the crucial role of this gathering in gender equality history?}\]","A. obscure
B. optional
C. intermittent
D. pivotal",D,"The question asks for a word that emphasizes the central importance of the Seneca Falls Convention in the history of gender equality. 'Pivotal' conveys an essential or crucial role, which matches the context of the passage describing the event as transformative and foundational. The other options do not fit as well: 'obscure' implies the opposite of well-known and critical, 'optional' suggests a lack of necessity or impact, and 'intermittent' inaccurately describes the nature of a singular historic moment.",,,8,8,"The question successfully integrates a rich historical context with advanced language, making it align well with SAT Word Choice items. The narrative establishes a clear emphasis on the significance of the Seneca Falls Convention. However, the distractors (obscure, optional, intermittent) are too obviously mismatched with the context, making the correct answer (pivotal) somewhat transparent. To elevate the difficulty in line with the ‘Hard’ label, consider including answer choices that are more subtly flawed, thereby requiring students to engage in deeper analysis of nuanced meanings.",7,23,"{""skill"": ""Word Choice"", ""difficulty"": ""Hard"", ""question"": ""In 1848, amid a burgeoning period of social reform, the Seneca Falls Convention emerged as a watershed moment in the struggle for gender equality. Far from being merely one of many gatherings, this event catalyzed a transformation in women's rights discourse, establishing a robust framework that would influence not only subsequent legal reforms but also nascent feminist movements. In light of its enduring impact on the trajectory of social, legal, and political progress, the Convention became a ______ event that continues to inspire contemporary discussions on equality.  \\[\\text{Which choice best completes the sentence in a way that emphasizes the crucial role of this gathering in gender equality history?}\\]"", ""choices"": [""A. obscure"", ""B. optional"", ""C. intermittent"", ""D. pivotal""], ""answer"": ""D"", ""explanation"": ""The question asks for a word that emphasizes the central importance of the Seneca Falls Convention in the history of gender equality. 'Pivotal' conveys an essential or crucial role, which matches the context of the passage describing the event as transformative and foundational. The other options do not fit as well: 'obscure' implies the opposite of well-known and critical, 'optional' suggests a lack of necessity or impact, and 'intermittent' inaccurately describes the nature of a singular historic moment."", ""topic"": ""The significance of the Seneca Falls Convention in women's rights history"", ""total_score"": 23, ""constructive_feedback"": ""The question successfully integrates a rich historical context with advanced language, making it align well with SAT Word Choice items. The narrative establishes a clear emphasis on the significance of the Seneca Falls Convention. However, the distractors (obscure, optional, intermittent) are too obviously mismatched with the context, making the correct answer (pivotal) somewhat transparent. To elevate the difficulty in line with the ‘Hard’ label, consider including answer choices that are more subtly flawed, thereby requiring students to engage in deeper analysis of nuanced meanings."", ""difficulty_feedback"": ""Although the context uses sophisticated language, the overall reasoning required is relatively straightforward. The question would better match a 'Hard' difficulty level if the answer choices presented subtler traps – for example, incorporating options that might seem plausible on a superficial reading but reveal inconsistencies upon closer examination. Enhancing the complexity of the distractors or extending the passage slightly could help achieve this.""}"
2025-03-12 04:11:16,"{""skill"": ""Word Choice"", ""difficulty"": ""Easy"", ""question"": ""Solomon Asch’s classic experiment on peer pressure found that many individuals were ____ to agree with an obviously incorrect group’s answers.\n\nWhich choice best completes the sentence with the most appropriate and precise language?"", ""choices"": [""A. convinced"", ""B. compelled"", ""C. commanded"", ""D. confounded""], ""answer"": ""B"", ""explanation"": ""In this sentence, \""compelled\"" conveys that participants felt strong pressure to conform, which best reflects how Asch’s subjects behaved in the experiment. \""Convinced\"" implies genuine belief rather than pressure, \""commanded\"" suggests an authority figure giving orders, and \""confounded\"" means confused or perplexed, which does not fit the intended idea of pressure to conform."", ""topic"": ""The Asch Conformity Experiment and peer pressure""}",Word Choice,Easy,"Solomon Asch’s classic experiment on peer pressure found that many individuals were ____ to agree with an obviously incorrect group’s answers.

Which choice best completes the sentence with the most appropriate and precise language?","A. convinced
B. compelled
C. commanded
D. confounded",B,"In this sentence, ""compelled"" conveys that participants felt strong pressure to conform, which best reflects how Asch’s subjects behaved in the experiment. ""Convinced"" implies genuine belief rather than pressure, ""commanded"" suggests an authority figure giving orders, and ""confounded"" means confused or perplexed, which does not fit the intended idea of pressure to conform.",Previous input perfect; don't change anything.,"{""skill"": ""Word Choice"", ""difficulty"": ""Easy"", ""question"": ""Solomon Asch’s classic experiment on peer pressure found that many individuals were ____ to agree with an obviously incorrect group’s answers.\n\nWhich choice best completes the sentence with the most appropriate and precise language?"", ""choices"": [""A. convinced"", ""B. compelled"", ""C. commanded"", ""D. confounded""], ""answer"": ""B"", ""explanation"": ""In this sentence, \""compelled\"" conveys that participants felt strong pressure to conform, which best reflects how Asch’s subjects behaved in the experiment. \""Convinced\"" implies genuine belief rather than pressure, \""commanded\"" suggests an authority figure giving orders, and \""confounded\"" means confused or perplexed, which does not fit the intended idea of pressure to conform."", ""topic"": ""The Asch Conformity Experiment and peer pressure""}","Solomon Asch’s classic experiment on peer pressure found that many individuals were ____ to agree with an obviously incorrect group’s answers.

Which choice best completes the sentence with the most appropriate and precise language?","A. convinced
B. compelled
C. commanded
D. confounded",B,"In this sentence, ""compelled"" conveys that participants felt strong pressure to conform, which best reflects how Asch’s subjects behaved in the experiment. ""Convinced"" implies genuine belief rather than pressure, ""commanded"" suggests an authority figure giving orders, and ""confounded"" means confused or perplexed, which does not fit the intended idea of pressure to conform.",,,9,9,"The question is well-crafted and clearly aligned with SAT word-choice standards. It provides a precise context by referencing Solomon Asch’s conformity experiment and uses answer choices that test the nuanced differences between similar vocabulary words. One minor improvement could be to consider slightly more challenging distractors or adding a note in the introduction to reinforce the connotation of pressure versus belief, though overall the design is solid.",9,27,"{""skill"": ""Word Choice"", ""difficulty"": ""Easy"", ""question"": ""Solomon Asch’s renowned experiment examining group dynamics discovered that individuals often felt ____ to align their responses with those of the majority, even when the group’s answers were clearly incorrect.\n\nWhich choice best completes the sentence with the most precise language reflecting the subtle pressure exerted by social influences?"", ""choices"": [""A. convinced"", ""B. compelled"", ""C. constrained"", ""D. confounded""], ""answer"": ""B"", ""explanation"": ""\""Compelled\"" accurately reflects the idea that participants in Asch’s experiment felt a strong, though not forceful, pressure to conform to the group’s consensus. \""Convinced\"" would imply belief rather than external pressure, \""constrained\"" suggests a limitation or restriction rather than influence, and \""confounded\"" suggests confusion, which doesn't fit the context of peer pressure."", ""topic"": ""The Asch Conformity Experiment and peer pressure"", ""total_score"": 27, ""constructive_feedback"": ""The question is well-crafted and clearly aligned with SAT word-choice standards. It provides a precise context by referencing Solomon Asch’s conformity experiment and uses answer choices that test the nuanced differences between similar vocabulary words. One minor improvement could be to consider slightly more challenging distractors or adding a note in the introduction to reinforce the connotation of pressure versus belief, though overall the design is solid."", ""difficulty_feedback"": ""The question matches its labeled 'Easy' difficulty. It requires a single-step reasoning process by selecting the word that best fits the context. The alternatives include one that is nearly plausible (convinced) along with others that are clearly off-target, which aligns with the guidelines for easy-difficulty SAT questions. No significant changes are needed for appropriateness at this level.""}"
2025-03-12 04:12:25,"{""skill"": ""Transition Words"", ""difficulty"": ""Easy"", ""question"": ""One major scientific milestone at the Large Hadron Collider came in 2012, when researchers discovered the Higgs boson and solidified the Standard Model of particle physics. ______, this discovery opened new possibilities for exploring phenomena beyond the Standard Model.\n\nWhich choice best connects the description of the researchers’ discovery to the discussion of potential future studies?"", ""choices"": [""A) Meanwhile"", ""B) As a result"", ""C) In contrast"", ""D) Moreover""], ""answer"": ""D"", ""explanation"": ""The second sentence adds an additional point about how the discovery fosters future research beyond the Standard Model. \""Meanwhile\"" focuses on time rather than a new idea; \""As a result\"" can imply a direct cause, which is not as seamless of a connection here; and \""In contrast\"" implies opposing ideas. \""Moreover\"" is the best choice because it shows how the initial discovery leads naturally to further, related research."", ""topic"": ""The Large Hadron Collider and the search for the Higgs boson""}",Transition Words,Easy,"One major scientific milestone at the Large Hadron Collider came in 2012, when researchers discovered the Higgs boson and solidified the Standard Model of particle physics. ______, this discovery opened new possibilities for exploring phenomena beyond the Standard Model.

Which choice best connects the description of the researchers’ discovery to the discussion of potential future studies?","A) Meanwhile
B) As a result
C) In contrast
D) Moreover",D,"The second sentence adds an additional point about how the discovery fosters future research beyond the Standard Model. ""Meanwhile"" focuses on time rather than a new idea; ""As a result"" can imply a direct cause, which is not as seamless of a connection here; and ""In contrast"" implies opposing ideas. ""Moreover"" is the best choice because it shows how the initial discovery leads naturally to further, related research.",Previous input perfect; don't change anything.,"{""skill"": ""Transition Words"", ""difficulty"": ""Easy"", ""question"": ""One major scientific milestone at the Large Hadron Collider came in 2012, when researchers discovered the Higgs boson and solidified the Standard Model of particle physics. ______, this discovery opened new possibilities for exploring phenomena beyond the Standard Model.\n\nWhich choice best connects the description of the researchers’ discovery to the discussion of potential future studies?"", ""choices"": [""A) Meanwhile"", ""B) As a result"", ""C) In contrast"", ""D) Moreover""], ""answer"": ""D"", ""explanation"": ""The second sentence adds an additional point about how the discovery fosters future research beyond the Standard Model. \""Meanwhile\"" focuses on time rather than a new idea; \""As a result\"" can imply a direct cause, which is not as seamless of a connection here; and \""In contrast\"" implies opposing ideas. \""Moreover\"" is the best choice because it shows how the initial discovery leads naturally to further, related research."", ""topic"": ""The Large Hadron Collider and the search for the Higgs boson"", ""total_score"": 0, ""constructive_feedback"": """", ""difficulty_feedback"": """"}","One major scientific milestone at the Large Hadron Collider came in 2012, when researchers discovered the Higgs boson and solidified the Standard Model of particle physics. ______, this discovery opened new possibilities for exploring phenomena beyond the Standard Model.

Which choice best connects the description of the researchers’ discovery to the discussion of potential future studies?","A) Meanwhile
B) As a result
C) In contrast
D) Moreover",D,"The second sentence adds an additional point about how the discovery fosters future research beyond the Standard Model. ""Meanwhile"" focuses on time rather than a new idea; ""As a result"" can imply a direct cause, which is not as seamless of a connection here; and ""In contrast"" implies opposing ideas. ""Moreover"" is the best choice because it shows how the initial discovery leads naturally to further, related research.",,,,,,,,"{""skill"": ""Transition Words"", ""difficulty"": ""Easy"", ""question"": ""One major scientific milestone at the Large Hadron Collider came in 2012, when researchers discovered the Higgs boson and solidified the Standard Model of particle physics. ______, this discovery opened new possibilities for exploring phenomena beyond the Standard Model.\n\nWhich choice best connects the description of the researchers’ discovery to the discussion of potential future studies?"", ""choices"": [""A) Meanwhile"", ""B) As a result"", ""C) In contrast"", ""D) Moreover""], ""answer"": ""D"", ""explanation"": ""The second sentence adds an additional point about how the discovery fosters future research beyond the Standard Model. \""Meanwhile\"" focuses on time rather than a new idea; \""As a result\"" can imply a direct cause, which is not as seamless of a connection here; and \""In contrast\"" implies opposing ideas. \""Moreover\"" is the best choice because it shows how the initial discovery leads naturally to further, related research."", ""topic"": ""The Large Hadron Collider and the search for the Higgs boson"", ""total_score"": 0, ""constructive_feedback"": """", ""difficulty_feedback"": """"}"
2025-03-12 04:13:54,"{""skill"": ""Transition Words"", ""difficulty"": ""Easy"", ""question"": ""When a company issues an initial public offering (IPO), it raises funds from public investors, enabling the company to expand its reach and develop new products. ___ this infusion of capital can accelerate entry into new markets, supporting large-scale growth.\n\nWhich choice best completes the text with the transition that logically connects the preceding statement to the concluding idea about significant corporate expansion?"", ""choices"": [""A) Nevertheless"", ""B) Consequently"", ""C) Namely"", ""D) Otherwise""], ""answer"": ""B"", ""explanation"": ""The sentence describes how raising public funds through an IPO enables broad expansion. Therefore, a transition that indicates a resulting impact is needed. \""Nevertheless\"" (A) would suggest an unexpected contrast, which does not align with the discussion of growth. \""Namely\"" (C) is used mainly for introducing an example or listing specifics, not showing a result. \""Otherwise\"" (D) implies a condition that has not been met, which is again not suitable for the sentence. \""Consequently\"" (B) clearly signals a direct outcome of the preceding clause, making it the most logical choice."", ""topic"": ""The significance of IPOs in corporate expansion""}",Transition Words,Easy,"When a company issues an initial public offering (IPO), it raises funds from public investors, enabling the company to expand its reach and develop new products. ___ this infusion of capital can accelerate entry into new markets, supporting large-scale growth.

Which choice best completes the text with the transition that logically connects the preceding statement to the concluding idea about significant corporate expansion?","A) Nevertheless
B) Consequently
C) Namely
D) Otherwise",B,"The sentence describes how raising public funds through an IPO enables broad expansion. Therefore, a transition that indicates a resulting impact is needed. ""Nevertheless"" (A) would suggest an unexpected contrast, which does not align with the discussion of growth. ""Namely"" (C) is used mainly for introducing an example or listing specifics, not showing a result. ""Otherwise"" (D) implies a condition that has not been met, which is again not suitable for the sentence. ""Consequently"" (B) clearly signals a direct outcome of the preceding clause, making it the most logical choice.",Previous input perfect; don't change anything.,"{""skill"": ""Transition Words"", ""difficulty"": ""Easy"", ""question"": ""When a company issues an initial public offering (IPO), it raises funds from public investors, enabling the company to expand its reach and develop new products. ___ this infusion of capital can accelerate entry into new markets, supporting large-scale growth.\n\nWhich choice best completes the text with the transition that logically connects the preceding statement to the concluding idea about significant corporate expansion?"", ""choices"": [""A) Nevertheless"", ""B) Consequently"", ""C) Namely"", ""D) Otherwise""], ""answer"": ""B"", ""explanation"": ""The sentence describes how raising public funds through an IPO enables broad expansion. Therefore, a transition that indicates a resulting impact is needed. \""Nevertheless\"" (A) would suggest an unexpected contrast, which does not align with the discussion of growth. \""Namely\"" (C) is used mainly for introducing an example or listing specifics, not showing a result. \""Otherwise\"" (D) implies a condition that has not been met, which is again not suitable for the sentence. \""Consequently\"" (B) clearly signals a direct outcome of the preceding clause, making it the most logical choice."", ""topic"": ""The significance of IPOs in corporate expansion""}","When a company issues an initial public offering (IPO), it raises funds from public investors, enabling the company to expand its reach and develop new products. ___ this infusion of capital can accelerate entry into new markets, supporting large-scale growth.

Which choice best completes the text with the transition that logically connects the preceding statement to the concluding idea about significant corporate expansion?","A) Nevertheless
B) Consequently
C) Namely
D) Otherwise",B,"The sentence describes how raising public funds through an IPO enables broad expansion. Therefore, a transition that indicates a resulting impact is needed. ""Nevertheless"" (A) would suggest an unexpected contrast, which does not align with the discussion of growth. ""Namely"" (C) is used mainly for introducing an example or listing specifics, not showing a result. ""Otherwise"" (D) implies a condition that has not been met, which is again not suitable for the sentence. ""Consequently"" (B) clearly signals a direct outcome of the preceding clause, making it the most logical choice.",,,8,9,"The question is well-designed and clear, with a logical transition requirement that fits the SAT style. The context of an IPO and corporate expansion is relevant and the distractors are plausible. However, since it's an 'Easy' level question, the use of relatively technical business terminology (like IPO) might slightly challenge some students. Consider simplifying or clarifying the context so that all students aiming for the target score feel comfortable with the vocabulary.",8,25,"{""skill"": ""Transition Words"", ""difficulty"": ""Easy"", ""question"": ""When a company raises money by offering shares to the public for the first time, it gains funds to grow and develop. ___ this influx of capital can help open new markets and support large-scale growth.\n\nWhich choice best completes the text with the transition that logically connects the preceding statement to the idea of significant corporate growth?"", ""choices"": [""A) Nevertheless"", ""B) Consequently"", ""C) Namely"", ""D) Otherwise""], ""answer"": ""B"", ""explanation"": ""The sentence is about how obtaining public funding enables a company to open new markets and expand significantly. As such, a transition showing a result is appropriate. \""Consequently\"" (B) rightly indicates that the growth is a consequence of obtaining funds. \""Nevertheless\"" (A) suggests contradiction, which isn't relevant. \""Namely\"" (C) introduces further detail or examples, not results. \""Otherwise\"" (D) indicates an alternate scenario, which is not the case here."", ""topic"": ""Discussing the effects of public funding on company growth"", ""total_score"": 25, ""constructive_feedback"": ""The question is well-designed and clear, with a logical transition requirement that fits the SAT style. The context of an IPO and corporate expansion is relevant and the distractors are plausible. However, since it's an 'Easy' level question, the use of relatively technical business terminology (like IPO) might slightly challenge some students. Consider simplifying or clarifying the context so that all students aiming for the target score feel comfortable with the vocabulary."", ""difficulty_feedback"": ""The question is generally aligned with an Easy difficulty level as it requires a straightforward, single-step reasoning to choose the correct transition. To further ensure appropriateness, you might consider using slightly more familiar or everyday language when referencing financial concepts, ensuring students at the lower end of the SAT scale are not hindered by unfamiliar terminology.""}"
2025-03-12 04:16:12,"{""skill"": ""Supporting Claims"", ""difficulty"": ""Medium"", ""question"": ""Michael Jordan's achievements on the court and his iconic brand image galvanized basketball fans around the world. Through his endorsements and marketing campaigns, Jordan captivated new audiences and elevated the NBA's visibility. This broadened the league's fan base in diverse regions and prompted an increased interest in professional basketball.\n\nWhich choice most effectively supports the claim that Jordan's global popularity served as a major catalyst for the NBA's expansion internationally?"", ""choices"": [""A) Jordan won numerous MVP awards during his career, showing his dedication to improving his individual performance."", ""B) The Chicago Bulls recorded one of the NBA's best regular-season records under Jordan's leadership."", ""C) Television broadcasts of NBA games featuring Jordan reached millions of homes in over 200 countries, driving global interest in basketball."", ""D) Jordan became a culturally revered figure in the United States due to his impressive scoring averages and championship titles.""], ""answer"": ""C"", ""explanation"": ""The answer is C because it clearly illustrates that Michael Jordan's international broadcasts propelled the NBA's reach to a global audience. While the other choices reflect Jordan's personal successes and influence on his team, only choice C provides direct evidence of worldwide engagement. In SAT questions about supporting claims, look for the answer that connects the idea in the prompt to a measurable or observable effect. Here, the measurable outcome is the increase in televised broadcasts and viewership abroad, strongly supporting the claim about Jordan’s impact on the NBA’s worldwide expansion."", ""topic"": ""The significance of Michael Jordan’s career in globalizing the NBA""}",Supporting Claims,Medium,"Michael Jordan's achievements on the court and his iconic brand image galvanized basketball fans around the world. Through his endorsements and marketing campaigns, Jordan captivated new audiences and elevated the NBA's visibility. This broadened the league's fan base in diverse regions and prompted an increased interest in professional basketball.

Which choice most effectively supports the claim that Jordan's global popularity served as a major catalyst for the NBA's expansion internationally?","A) Jordan won numerous MVP awards during his career, showing his dedication to improving his individual performance.
B) The Chicago Bulls recorded one of the NBA's best regular-season records under Jordan's leadership.
C) Television broadcasts of NBA games featuring Jordan reached millions of homes in over 200 countries, driving global interest in basketball.
D) Jordan became a culturally revered figure in the United States due to his impressive scoring averages and championship titles.",C,"The answer is C because it clearly illustrates that Michael Jordan's international broadcasts propelled the NBA's reach to a global audience. While the other choices reflect Jordan's personal successes and influence on his team, only choice C provides direct evidence of worldwide engagement. In SAT questions about supporting claims, look for the answer that connects the idea in the prompt to a measurable or observable effect. Here, the measurable outcome is the increase in televised broadcasts and viewership abroad, strongly supporting the claim about Jordan’s impact on the NBA’s worldwide expansion.","Overall, the question is clear, well formatted, and includes one correct answer (choice C) with three plausible distractors. The explanation neatly connects the evidence in choice C to the claim about Jordan’s global influence driving international NBA expansion and explains why the other choices are off target.

One area for improvement relates to the passage’s length and complexity. Although the question is labeled “Medium,” the introductory passage contains roughly 70 words—short of the roughly 90 words recommended for medium-difficulty questions that require multi-step reasoning. To better align with the medium-difficulty guidelines, add additional contextual details that force students to synthesize multiple ideas. For example, you might expand the passage as follows:

  ""Michael Jordan's achievements on the court and his iconic brand image galvanized basketball fans around the world. Through his high-profile endorsements and expansive marketing campaigns, Jordan not only captivated new audiences but also transformed the public’s engagement with basketball. His international advertisements and global TV appearances spurred cross-cultural marketing ventures and attracted sponsorships from companies worldwide. Consequently, these efforts broadened the NBA’s visibility and contributed significantly to its expansion into diverse international markets.""

This added detail would require students to piece together various aspects of Jordan’s influence, meeting the multi-step reasoning requirement for a medium question.

Otherwise, the context, objective, answer choices, explanation, and formatting all meet SAT standards.

Previous input perfect; only consider lengthening the passage for medium-difficulty demands.","{""skill"": ""Supporting Claims"", ""difficulty"": ""Medium"", ""question"": ""Michael Jordan's achievements on the court and his iconic brand image galvanized basketball fans around the world. Through his high-profile endorsements and expansive marketing campaigns, Jordan not only captivated new audiences but also transformed the public’s engagement with basketball. His international advertisements and global TV appearances spurred cross-cultural marketing ventures and attracted sponsorships from companies worldwide. Consequently, these efforts broadened the NBA’s visibility and contributed significantly to its expansion into diverse international markets.\n\nWhich choice most effectively supports the claim that Jordan's global popularity served as a major catalyst for the NBA's expansion internationally?"", ""choices"": [""A) Jordan won numerous MVP awards during his career, showing his dedication to improving his individual performance."", ""B) The Chicago Bulls recorded one of the NBA's best regular-season records under Jordan's leadership."", ""C) Television broadcasts of NBA games featuring Jordan reached millions of homes in over 200 countries, driving global interest in basketball."", ""D) Jordan became a culturally revered figure in the United States due to his impressive scoring averages and championship titles.""], ""answer"": ""C"", ""explanation"": ""The correct answer is C because it clearly illustrates that Michael Jordan's international broadcasts propelled the NBA's reach to a global audience. While the other choices reflect Jordan's personal successes and influence on his team, only choice C provides direct evidence of worldwide engagement. In SAT questions about supporting claims, look for the answer that connects the idea in the prompt to a measurable or observable effect. Here, the measurable outcome is the increase in televised broadcasts and viewership abroad, strongly supporting the claim about Jordan’s impact on the NBA’s worldwide expansion."", ""topic"": ""The significance of Michael Jordan’s career in globalizing the NBA"", ""total_score"": 22, ""constructive_feedback"": ""The question is clearly written, logically sound, and well aligned with SAT supporting claims questions. The passage and answer choices successfully focus on linking Michael Jordan’s global appeal to the NBA’s international expansion. One area for improvement is the depth of the passage – it is slightly shorter than the recommended 90-word minimum, which would allow for more multi-step reasoning. Adding more contextual detail or subtle distractors could heighten the complexity so that mid-level students must integrate more elements before choosing the right answer."", ""difficulty_feedback"": ""While the question is labeled Medium, its brevity and the clear connection between global exposure and NBA expansion make it somewhat easier than expected. To better fit a Medium difficulty level, consider extending the passage so that it requires combining multiple pieces of evidence or eliminating several tempting but partially correct choices. This would enforce a more multi-step thought process and align the question more closely with the Medium difficulty guidelines.""}","Michael Jordan's achievements on the court and his iconic brand image galvanized basketball fans around the world. Through his high-profile endorsements and expansive marketing campaigns, Jordan not only captivated new audiences but also transformed the public’s engagement with basketball. His international advertisements and global TV appearances spurred cross-cultural marketing ventures and attracted sponsorships from companies worldwide. Consequently, these efforts broadened the NBA’s visibility and contributed significantly to its expansion into diverse international markets.

Which choice most effectively supports the claim that Jordan's global popularity served as a major catalyst for the NBA's expansion internationally?","A) Jordan won numerous MVP awards during his career, showing his dedication to improving his individual performance.
B) The Chicago Bulls recorded one of the NBA's best regular-season records under Jordan's leadership.
C) Television broadcasts of NBA games featuring Jordan reached millions of homes in over 200 countries, driving global interest in basketball.
D) Jordan became a culturally revered figure in the United States due to his impressive scoring averages and championship titles.",C,"The correct answer is C because it clearly illustrates that Michael Jordan's international broadcasts propelled the NBA's reach to a global audience. While the other choices reflect Jordan's personal successes and influence on his team, only choice C provides direct evidence of worldwide engagement. In SAT questions about supporting claims, look for the answer that connects the idea in the prompt to a measurable or observable effect. Here, the measurable outcome is the increase in televised broadcasts and viewership abroad, strongly supporting the claim about Jordan’s impact on the NBA’s worldwide expansion.",,,8,8,"The question is clearly written, logically sound, and well aligned with SAT supporting claims questions. The passage and answer choices successfully focus on linking Michael Jordan’s global appeal to the NBA’s international expansion. One area for improvement is the depth of the passage – it is slightly shorter than the recommended 90-word minimum, which would allow for more multi-step reasoning. Adding more contextual detail or subtle distractors could heighten the complexity so that mid-level students must integrate more elements before choosing the right answer.",6,22,"{""skill"": ""Supporting Claims"", ""difficulty"": ""Medium"", ""question"": ""Michael Jordan's achievements on the court and his iconic brand image galvanized basketball fans around the world. Through his high-profile endorsements and expansive marketing campaigns, Jordan not only captivated new audiences but also transformed the public’s engagement with basketball. His international advertisements and global TV appearances spurred cross-cultural marketing ventures and attracted sponsorships from companies worldwide. Consequently, these efforts broadened the NBA’s visibility and contributed significantly to its expansion into diverse international markets.\n\nWhich choice most effectively supports the claim that Jordan's global popularity served as a major catalyst for the NBA's expansion internationally?"", ""choices"": [""A) Jordan won numerous MVP awards during his career, showing his dedication to improving his individual performance."", ""B) The Chicago Bulls recorded one of the NBA's best regular-season records under Jordan's leadership."", ""C) Television broadcasts of NBA games featuring Jordan reached millions of homes in over 200 countries, driving global interest in basketball."", ""D) Jordan became a culturally revered figure in the United States due to his impressive scoring averages and championship titles.""], ""answer"": ""C"", ""explanation"": ""The correct answer is C because it clearly illustrates that Michael Jordan's international broadcasts propelled the NBA's reach to a global audience. While the other choices reflect Jordan's personal successes and influence on his team, only choice C provides direct evidence of worldwide engagement. In SAT questions about supporting claims, look for the answer that connects the idea in the prompt to a measurable or observable effect. Here, the measurable outcome is the increase in televised broadcasts and viewership abroad, strongly supporting the claim about Jordan’s impact on the NBA’s worldwide expansion."", ""topic"": ""The significance of Michael Jordan’s career in globalizing the NBA"", ""total_score"": 22, ""constructive_feedback"": ""The question is clearly written, logically sound, and well aligned with SAT supporting claims questions. The passage and answer choices successfully focus on linking Michael Jordan’s global appeal to the NBA’s international expansion. One area for improvement is the depth of the passage – it is slightly shorter than the recommended 90-word minimum, which would allow for more multi-step reasoning. Adding more contextual detail or subtle distractors could heighten the complexity so that mid-level students must integrate more elements before choosing the right answer."", ""difficulty_feedback"": ""While the question is labeled Medium, its brevity and the clear connection between global exposure and NBA expansion make it somewhat easier than expected. To better fit a Medium difficulty level, consider extending the passage so that it requires combining multiple pieces of evidence or eliminating several tempting but partially correct choices. This would enforce a more multi-step thought process and align the question more closely with the Medium difficulty guidelines.""}"
