timestamp,raw_json,skill,difficulty,question,choices,answer,explanation,Initial Feedback,P2-Revised JSON,Revised Question,Revised Choices,Revised Answer,Revised Explanation,Low Level Student Simulation,High Level Student Simulation,Question Rating,Explanation Rating,Constructive Feedback,Final JSON SAT Question
2025-03-11 08:15:19,"{""skill"": ""Inferences"", ""difficulty"": ""Medium"", ""question"": ""In *The Federalist No. 51*, James Madison writes: \""But what is government itself, but the greatest of all reflections on human nature? If men were angels, no government would be necessary.\"" Madison underscores the _importance_ of establishing checks and balances to restrain possible misuse of authority in government.\n\nWhich inference about Madison’s perspective on government is best supported by this passage?"", ""choices"": [""A. He believes government officials naturally exhibit no self-interest."", ""B. He believes human imperfections require institutional limits on power."", ""C. He thinks government is irrelevant if society follows strict ethical codes."", ""D. He thinks humans can single-handedly uphold fairness without legal guidelines.""], ""answer"": ""B"", ""explanation"": ""Madison suggests that, because human nature is imperfect, some structure or system must check and balance power to prevent abuses. His remark that \""if men were angels\"" no government would be needed implies that humans are not perfect and thus need institutional safeguards to limit any potential misuse of authority. Therefore, the best supported inference is that human flaws necessitate formal constraints. Options that claim humans have no self-interest or that government is entirely unnecessary misinterpret Madison’s assertion about the role of checks and balances. The idea that ethical codes alone can suffice is also an overreach, given that Madison stresses the need for a structured governmental system.""}",Inferences,Medium,"In *The Federalist No. 51*, James Madison writes: ""But what is government itself, but the greatest of all reflections on human nature? If men were angels, no government would be necessary."" Madison underscores the _importance_ of establishing checks and balances to restrain possible misuse of authority in government.

Which inference about Madison’s perspective on government is best supported by this passage?","A. He believes government officials naturally exhibit no self-interest.
B. He believes human imperfections require institutional limits on power.
C. He thinks government is irrelevant if society follows strict ethical codes.
D. He thinks humans can single-handedly uphold fairness without legal guidelines.",B,"Madison suggests that, because human nature is imperfect, some structure or system must check and balance power to prevent abuses. His remark that ""if men were angels"" no government would be needed implies that humans are not perfect and thus need institutional safeguards to limit any potential misuse of authority. Therefore, the best supported inference is that human flaws necessitate formal constraints. Options that claim humans have no self-interest or that government is entirely unnecessary misinterpret Madison’s assertion about the role of checks and balances. The idea that ethical codes alone can suffice is also an overreach, given that Madison stresses the need for a structured governmental system.",Previous input perfect; don't change anything.,"{""skill"": ""Inferences"", ""difficulty"": ""Medium"", ""question"": ""In *The Federalist No. 51*, James Madison writes: \""But what is government itself, but the greatest of all reflections on human nature? If men were angels, no government would be necessary.\"" Madison underscores the _importance_ of establishing checks and balances to restrain possible misuse of authority in government.\n\nWhich inference about Madison’s perspective on government is best supported by this passage?"", ""choices"": [""A. He believes government officials naturally exhibit no self-interest."", ""B. He believes human imperfections require institutional limits on power."", ""C. He thinks government is irrelevant if society follows strict ethical codes."", ""D. He thinks humans can single-handedly uphold fairness without legal guidelines.""], ""answer"": ""B"", ""explanation"": ""Madison’s comments in *Federalist No. 51* highlight a fundamental belief: human imperfection necessitates a structured government with institutional checks and balances. His assertion that government is a reflection of humanity’s imperfection—juxtaposing human nature to that of angels—indicates his belief that no individual or group can be left without oversight. Thus, the inference that institutional constraints are required due to human flaws (Option B) aligns directly with his argumentation. Other options misinterpret his viewpoint regarding the necessity and structure of governance.""}","In *The Federalist No. 51*, James Madison writes: ""But what is government itself, but the greatest of all reflections on human nature? If men were angels, no government would be necessary."" Madison underscores the _importance_ of establishing checks and balances to restrain possible misuse of authority in government.

Which inference about Madison’s perspective on government is best supported by this passage?","A. He believes government officials naturally exhibit no self-interest.
B. He believes human imperfections require institutional limits on power.
C. He thinks government is irrelevant if society follows strict ethical codes.
D. He thinks humans can single-handedly uphold fairness without legal guidelines.",B,"Madison’s comments in *Federalist No. 51* highlight a fundamental belief: human imperfection necessitates a structured government with institutional checks and balances. His assertion that government is a reflection of humanity’s imperfection—juxtaposing human nature to that of angels—indicates his belief that no individual or group can be left without oversight. Thus, the inference that institutional constraints are required due to human flaws (Option B) aligns directly with his argumentation. Other options misinterpret his viewpoint regarding the necessity and structure of governance.","When I read the passage, I see Madison saying that if people were perfect like angels, we wouldn’t need any government. This tells me that since real people aren’t perfect, rules or limits must be in place to stop them from doing bad things. Even though some words are confusing, I choose answer B because it says that because humans have flaws, there need to be limits on power.","I read the passage and immediately notice that Madison contrasts the idea of ideal, perfect beings with the reality of human nature. The statement that if men were angels no government would be necessary highlights that human imperfections require structured oversight. From this, I infer that Madison believes that because people are flawed, institutional limits on power—such as checks and balances—are essential. This reasoning confirms that option B is the best answer.",9,8,"The question is well-designed and clearly aligned with SAT inference questions. It uses a well-known excerpt from The Federalist No. 51 to ask students to draw an inference about Madison’s view on government, and the answer choices are plausible distractors that challenge students at multiple ability levels. High-level students can process the nuanced language quickly, while lower-level students are pushed by the challenging vocabulary in a realistic manner. To improve the question further, consider adding subtle cues or slightly more accessible language for less advanced readers without diluting the rigor. Additionally, the explanation is clear in outlining why option B is correct but would benefit from a brief discussion of why the other options are not supported by the text. With these refinements, the question and its accompanying explanation would be even more effective for SAT practice.","{""skill"": ""Inferences"", ""difficulty"": ""Medium"", ""question"": ""In *The Federalist No. 51*, James Madison writes: \""But what is government itself, but the greatest of all reflections on human nature? If men were angels, no government would be necessary.\"" Madison underscores the importance of establishing checks and balances to restrain possible misuse of authority in government. \n\nWhich inference about Madison’s perspective on government is best supported by this passage?"", ""choices"": [""A. He believes government officials naturally exhibit no self-interest."", ""B. He believes human imperfections require institutional limits on power."", ""C. He thinks government is irrelevant if society follows strict ethical codes."", ""D. He thinks humans can single-handedly uphold fairness without legal guidelines.""], ""answer"": ""B"", ""explanation"": ""Madison underscores that government arises due to human imperfection and the potential for abuse of authority. His reference to 'human nature' and the claim that 'if men were angels, no government would be necessary' emphasizes the necessity of checks and balances as safeguards against the flaws inherent in humanity. Thus, Option B correctly infers that Madison believes institutional constraints are required due to human imperfections. The other options misrepresent Madison’s views or make incorrect assumptions: Option A suggests government officials intrinsically lack self-interest, Option C misinterprets his hypothetical argument about the irrelevance of government, implying it could occur with ethical codes rather than angelic nature, and Option D inaccurately assumes he trusts humans to maintain fairness without structured governance. These interpretations do not align with the core message Madison conveys in the passage.""}"
2025-03-11 08:16:35,"{""skill"": ""Inferences"", ""difficulty"": ""Medium"", ""question"": ""Mary Shelley’s 1818 novel *Frankenstein* details the ambitious scientist Victor Frankenstein and the tragic story of the Creature he brings to life.\\n\\nIn the excerpt below from Chapter 10, the Creature speaks to Victor:\\n\\n“All men hate the wretched; how, then, must I be hated, who am miserable beyond all living things!”\\n\\nWhich inference about the Creature is best supported by the excerpt?"", ""choices"": [""A) The Creature believes he is physically weak and uncertain of survival."", ""B) The Creature trusts that Victor will shield him from society’s hostility."", ""C) The Creature is painfully aware that his existence makes him an outcast."", ""D) The Creature has discovered a supportive community to accept him.""], ""answer"": ""C"", ""explanation"": ""The Creature laments that “all men hate the wretched,” showing how deeply isolated he feels. This suggests that he sees himself as an outcast, not protected by anyone. He neither implies physical weakness nor mentions having any form of acceptance. His tone highlights his sorrow in believing no one will ever accept him, a key inference about his internal state.""}",Inferences,Medium,"Mary Shelley’s 1818 novel *Frankenstein* details the ambitious scientist Victor Frankenstein and the tragic story of the Creature he brings to life.\n\nIn the excerpt below from Chapter 10, the Creature speaks to Victor:\n\n“All men hate the wretched; how, then, must I be hated, who am miserable beyond all living things!”\n\nWhich inference about the Creature is best supported by the excerpt?","A) The Creature believes he is physically weak and uncertain of survival.
B) The Creature trusts that Victor will shield him from society’s hostility.
C) The Creature is painfully aware that his existence makes him an outcast.
D) The Creature has discovered a supportive community to accept him.",C,"The Creature laments that “all men hate the wretched,” showing how deeply isolated he feels. This suggests that he sees himself as an outcast, not protected by anyone. He neither implies physical weakness nor mentions having any form of acceptance. His tone highlights his sorrow in believing no one will ever accept him, a key inference about his internal state.",Previous input perfect; don't change anything.,"{""skill"": ""Inferences"", ""difficulty"": ""Medium"", ""question"": ""Mary Shelley’s 1818 novel *Frankenstein* tells the story of scientist Victor Frankenstein and the tragic Creature he creates.\\n\\nIn this dialogue from Chapter 10, the Creature speaks:\\n\\n\""All men hate the wretched; how, then, must I be hated, who am miserable beyond all living things!\""\\n\\nWhat does this excerpt suggest about the Creature's view of himself?"", ""choices"": [""A) The Creature believes he is physically weak and uncertain of survival."", ""B) The Creature trusts that Victor will shield him from society’s hostility."", ""C) The Creature is painfully aware that his existence makes him an outcast."", ""D) The Creature has discovered a supportive community to accept him.""], ""answer"": ""C"", ""explanation"": ""The Creature expresses sorrow in saying \""All men hate the wretched,\"" revealing his awareness of being rejected and isolated. This indicates he views himself as an outcast, corroborated by his tone and the expression of his suffering. Therefore, the most fitting inference is that he deeply feels his alienation from humanity.""}","Mary Shelley’s 1818 novel *Frankenstein* tells the story of scientist Victor Frankenstein and the tragic Creature he creates.\n\nIn this dialogue from Chapter 10, the Creature speaks:\n\n""All men hate the wretched; how, then, must I be hated, who am miserable beyond all living things!""\n\nWhat does this excerpt suggest about the Creature's view of himself?","A) The Creature believes he is physically weak and uncertain of survival.
B) The Creature trusts that Victor will shield him from society’s hostility.
C) The Creature is painfully aware that his existence makes him an outcast.
D) The Creature has discovered a supportive community to accept him.",C,"The Creature expresses sorrow in saying ""All men hate the wretched,"" revealing his awareness of being rejected and isolated. This indicates he views himself as an outcast, corroborated by his tone and the expression of his suffering. Therefore, the most fitting inference is that he deeply feels his alienation from humanity.","I read the line ""All men hate the wretched"" and got confused about what exactly he meant. I wasn’t sure if he was talking about being weak or being alone. When I looked at the choices, I didn’t fully understand some of them, but I felt like option C might be right because it mentioned being an outcast, which seemed to connect with feeling hated. I wasn’t entirely sure why the others didn’t work, but C was the only one that sort of matched the idea of being unwanted.","Upon reading the excerpt, I immediately noticed the key phrases ""all men hate the wretched"" and ""miserable beyond all living things,"" which signal the Creature’s profound awareness of his rejection by society. I ruled out choice A because it misattributes his misery to physical frailty, choice B because it incorrectly assumes trust in Victor, and choice D because it introduces a supportive community that isn’t mentioned. Therefore, I confidently chose C as it best captures the Creature’s self-perception as an outcast.",9,8,"This Frankenstein inference question is clear, logically structured, and aligns well with SAT standards. The context provided by the excerpt is sufficient for students to make the necessary inference, and the answer choices include plausible distractors that require careful reading. High-level students can quickly pinpoint the language that signals the Creature’s self-perception as an outcast, while the low-level student’s struggle highlights the need for careful reading. The explanation correctly identifies option C and succinctly explains why, but it could be improved further by addressing why each of the other choices is not supported by the text, thereby deepening students’ understanding of the reasoning process. Adding a touch more contextual detail might also help students who have difficulty with inferential questions. Overall, with these minor enhancements, the question and explanation are in excellent shape for public SAT practice.","{""skill"": ""Inferences"", ""difficulty"": ""Medium"", ""question"": ""Mary Shelley’s 1818 novel *Frankenstein* tells the story of scientist Victor Frankenstein and the tragic Creature he creates.\n\nIn this dialogue from Chapter 10, the Creature speaks:\n\n\""All men hate the wretched; how, then, must I be hated, who am miserable beyond all living things!\""\n\nWhat does this excerpt suggest about the Creature's view of himself?"", ""choices"": [""A) The Creature believes he is physically weak and uncertain of survival."", ""B) The Creature trusts that Victor will shield him from society's hostility."", ""C) The Creature is painfully aware that his existence makes him an outcast."", ""D) The Creature has discovered a supportive community to accept him.""], ""answer"": ""C"", ""explanation"": ""The Creature expresses sorrow in the statement \""All men hate the wretched,\"" revealing his belief that he is despised and isolated. This insight suggests he sees himself as fundamentally estranged from human society due to his misery and nature. Therefore, the best choice would be C, as it correctly interprets the sentiment and the reasoning behind the Creature's self-perception. Choice A is inaccurate because there's no indication the Creature associates his wretchedness with physical weakness. Choice B is unsupported, as the Creature's remarks show no trust in protection from Victor. Choice D contradicts the text's tone and context, which emphasize isolation, not acceptance.""}"
2025-03-11 08:17:59,"{""skill"": ""Inferences"", ""difficulty"": ""Medium"", ""question"": ""Bartleby the Scrivener (1853) is a short story by Herman Melville. The narrator, a lawyer, employs Bartleby as a scrivener. Over time, Bartleby’s calm refusal to carry out certain tasks perplexes the narrator and prompts questions about Bartleby’s past or inner condition.\n\nWhich inference about the narrator is best supported by the description provided?"", ""choices"": [""A) The narrator feels personally threatened by Bartleby’s peculiar behavior."", ""B) The narrator believes Bartleby cannot be trusted with important legal documents."", ""C) The narrator grows increasingly sympathetic toward Bartleby despite confusion."", ""D) The narrator is primarily interested in dismissing Bartleby for professional reasons.""], ""answer"": ""C"", ""explanation"": ""The narrator displays a sense of puzzlement mixed with pity toward Bartleby. While he is perplexed by Bartleby’s refusals to work, he still attempts to understand and assist Bartleby instead of simply dismissing him. Therefore, the best inference is that the narrator’s attitude evolves into one of sympathy.""}",Inferences,Medium,"Bartleby the Scrivener (1853) is a short story by Herman Melville. The narrator, a lawyer, employs Bartleby as a scrivener. Over time, Bartleby’s calm refusal to carry out certain tasks perplexes the narrator and prompts questions about Bartleby’s past or inner condition.

Which inference about the narrator is best supported by the description provided?","A) The narrator feels personally threatened by Bartleby’s peculiar behavior.
B) The narrator believes Bartleby cannot be trusted with important legal documents.
C) The narrator grows increasingly sympathetic toward Bartleby despite confusion.
D) The narrator is primarily interested in dismissing Bartleby for professional reasons.",C,"The narrator displays a sense of puzzlement mixed with pity toward Bartleby. While he is perplexed by Bartleby’s refusals to work, he still attempts to understand and assist Bartleby instead of simply dismissing him. Therefore, the best inference is that the narrator’s attitude evolves into one of sympathy.",Previous input perfect; don't change anything.,"{""skill"": ""Inferences"", ""difficulty"": ""Medium"", ""question"": ""In Herman Melville's short story 'Bartleby, the Scrivener' (1853), the narrator reflects on his interactions with Bartleby, an employee of his who is unusually obstinate and reserved. Bartleby's refusal to complete certain tasks gradually moves the narrator to reflect on Bartleby's strange disposition and motivations.\n\nWhich of the following inferences about the narrator is best supported by the above description?"", ""choices"": [""A) The narrator feels resentment towards Bartleby's behavior."", ""B) The narrator remains indifferent to Bartleby’s eccentricities."", ""C) The narrator develops a sense of deep curiosity and compassion towards Bartleby."", ""D) The narrator endeavors to maintain a strict professional distance from Bartleby despite his peculiarity.""], ""answer"": ""C"", ""explanation"": ""The description indicates that while Bartleby's behavior perplexes the narrator, it also prompts introspection and concern, suggesting that the narrator becomes curious and sympathetic toward him. Therefore, the option describing the narrator's developing curiosity and compassion (C) is the best-supported inference.""}","In Herman Melville's short story 'Bartleby, the Scrivener' (1853), the narrator reflects on his interactions with Bartleby, an employee of his who is unusually obstinate and reserved. Bartleby's refusal to complete certain tasks gradually moves the narrator to reflect on Bartleby's strange disposition and motivations.

Which of the following inferences about the narrator is best supported by the above description?","A) The narrator feels resentment towards Bartleby's behavior.
B) The narrator remains indifferent to Bartleby’s eccentricities.
C) The narrator develops a sense of deep curiosity and compassion towards Bartleby.
D) The narrator endeavors to maintain a strict professional distance from Bartleby despite his peculiarity.",C,"The description indicates that while Bartleby's behavior perplexes the narrator, it also prompts introspection and concern, suggesting that the narrator becomes curious and sympathetic toward him. Therefore, the option describing the narrator's developing curiosity and compassion (C) is the best-supported inference.","I read the question and wasn’t sure what to think because I only got a short summary. It says Bartleby wouldn’t do his tasks, and the boss started to think a lot about him. I wasn’t 100% sure if that meant the boss was mad, annoyed, or maybe even caring. Option A sounded like anger, but option C made it seem like the boss got curious and kind. I kind of picked C mainly because it felt like the narrator was changing his view and not just staying angry or ignoring Bartleby.","Reading the brief summary of 'Bartleby, the Scrivener,' I notice that the narrator isn’t simply reacting with anger or indifference; instead, he is drawn into deep reflection about Bartleby’s unusual behavior. Recognizing that this introspection hints at a growing empathy and curiosity, I immediately conclude that option C—suggesting that the narrator develops a sense of deep curiosity and compassion—is best supported by the description. This inference fits well with the subtle transformation implied in the passage.",8,8,"The question is well structured and adheres to SAT standards for inference questions. It clearly presents a passage summary that requires students to infer the narrator’s internal reaction. The answer choices are plausible and aligned with the nuances of the text, and option C is correctly supported by the summary. However, to further enhance clarity and reduce ambiguity for students who might struggle, consider adding one or two more specific details from the text that directly hint at the narrator’s empathy or thoughtful curiosity. Additionally, refining distractor options with slightly more differentiated wording could help prevent misinterpretation. The explanation does a good job outlining why option C is the best choice, though it could be improved by more explicitly contrasting the other options. Overall, with these minor revisions, the question is strong SAT practice material.","{""skill"": ""Inferences"", ""difficulty"": ""Medium"", ""question"": ""In Herman Melville's short story 'Bartleby, the Scrivener' (1853), the narrator reflects on his interactions with Bartleby, an employee of his who is unusually obstinate and reserved. Despite Bartleby refusing to complete certain tasks, which frustrates the narrator and challenges his patience, the narrator finds himself contemplating Bartleby's motivations and disposition, and ultimately draws conclusions about Bartleby with empathy.\n\nWhich of the following inferences about the narrator is best supported by the description above?"", ""choices"": [""A) The narrator feels deep frustration and anger at Bartleby's defiance."", ""B) The narrator maintains an attitude of professional critique and detachment."", ""C) The narrator develops a genuine sense of empathy and intellectual curiosity regarding Bartleby's manner."", ""D) The narrator tolerates Bartleby's deviations from normal expectations due to indifference.""], ""answer"": ""C"", ""explanation"": ""The question requires inferring the narrator's emotional and intellectual stance toward Bartleby. While the text describes initial frustration, it ultimately highlights a shift towards contemplation and empathy, supporting the inference that the narrator develops both curiosity and compassion. Option C best describes this conclusion, while the other options either misrepresent the emotional direction or maintain detachment inconsistent with the evidence provided.""}"
2025-03-11 08:22:20,"{""skill"": ""Function of Sentence"", ""difficulty"": ""Hard"", ""question"": ""Charles Dickens’s novel *Great Expectations* (1861) begins with the narrator introducing himself as “Pip”:\n“My father’s family name being Pirrip, and my Christian name Philip, my infant tongue could make of both names nothing longer or more explicit than Pip.”\n\nWhich choice best describes the main function of the sentence in this context?"", ""choices"": [""A. To highlight the family’s long-standing naming conventions rooted in historical customs"", ""B. To underscore the narrator’s initial difficulties with formal names, thereby establishing his personal identity"", ""C. To suggest that the father intentionally gave his son a name that would confuse future acquaintances"", ""D. To foreshadow how the narrator’s experiences with language will develop as he matures""], ""answer"": ""B"", ""explanation"": ""The sentence explains how the narrator, as a young child, was only able to say “Pip” instead of his full name. This detail underscores his early struggle to articulate “Pirrip” and “Philip,” thereby emphasizing the formation of his personal identity. By focusing on how he arrived at the nickname, the line functions to introduce and define the main character’s sense of self.""}",Function of Sentence,Hard,"Charles Dickens’s novel *Great Expectations* (1861) begins with the narrator introducing himself as “Pip”:
“My father’s family name being Pirrip, and my Christian name Philip, my infant tongue could make of both names nothing longer or more explicit than Pip.”

Which choice best describes the main function of the sentence in this context?","A. To highlight the family’s long-standing naming conventions rooted in historical customs
B. To underscore the narrator’s initial difficulties with formal names, thereby establishing his personal identity
C. To suggest that the father intentionally gave his son a name that would confuse future acquaintances
D. To foreshadow how the narrator’s experiences with language will develop as he matures",B,"The sentence explains how the narrator, as a young child, was only able to say “Pip” instead of his full name. This detail underscores his early struggle to articulate “Pirrip” and “Philip,” thereby emphasizing the formation of his personal identity. By focusing on how he arrived at the nickname, the line functions to introduce and define the main character’s sense of self.","Below is a detailed review with specific suggestions for improvement:

• Context, Objective, and Question: The prompt provides sufficient context by quoting an excerpt from Great Expectations and asking about the function of a specific sentence. However, the formatting guidelines require that the sentence or phrase whose function is being determined is underlined using underscores. Currently, the key sentence is merely presented in quotes. To fix this, replace the quoted sentence with one that is underlined. For example, change

  “My father’s family name being Pirrip, and my Christian name Philip, my infant tongue could make of both names nothing longer or more explicit than Pip.”

to

  _My father’s family name being Pirrip, and my Christian name Philip, my infant tongue could make of both names nothing longer or more explicit than Pip._

• Sufficient Information and Answer Uniqueness: The excerpt and answer options give enough information to determine that option B is correct, and the three distractors are plausible yet clearly incorrect upon deeper analysis. This part meets the guidelines.

• Explanation Quality: The explanation correctly states why option B is the best answer. To further enhance its educational value, consider adding one or two sentences that briefly explain why the distractors are in error. For example, you might add: “Option A wrongly assumes that the sentence focuses on ancestral naming customs, while option C misreads the father’s intent, and option D overstates any future narrative implications.”

• Formatting: Aside from the missing underscores for the key sentence, the overall layout (including the use of \n\n to separate the passage and the question) is acceptable. Just ensure that the underlining requirement is met exactly as specified.

• Difficulty Level: Although the question is marked Hard, the language and reasoning are relatively straightforward. To better align with Hard-difficulty expectations, consider incorporating more complex language or subtle nuances in the distractors. For instance, you might revise one distractor to include an advanced subtlety (e.g., emphasizing an unstated assumption about identity formation) that would challenge even high-performing students.

In summary, the main changes to implement are:
1. Enclose the sentence to be analyzed within underscores (using _ before and after the sentence).
2. Optionally, add a sentence in the explanation clarifying why each incorrect choice fails to capture the sentence’s function.
3. Consider fine-tuning the language of the distractors to meet Hard-difficulty standards.

These adjustments will ensure the question meets the highest SAT question standards for a Hard-difficulty function-of-sentence item.","{""skill"": ""Function of Sentence"", ""difficulty"": ""Hard"", ""question"": ""Charles Dickens's novel *Great Expectations* (1861) begins with the narrator introducing himself as 'Pip':\n\n\""My father’s family name being Pirrip, and my Christian name Philip, my infant tongue could make of both names nothing longer or more explicit than Pip.\""\n\nWhich choice best describes the function of the sentence in the context of the narrator's introduction?"", ""choices"": [""A. To highlight the family’s long-standing naming conventions rooted in historical customs"", ""B. To underscore the narrator’s early linguistic challenges and formation of his personal identity"", ""C. To illustrate the narrator's father’s deliberate selection of a confusing name"", ""D. To foreshadow the narrator's future experiences with the use of language""], ""answer"": ""B"", ""explanation"": ""The sentence illustrates how the young narrator's difficulty enunciating his given names led to his nickname 'Pip'. This reflects his initial relationship with language and marks a significant aspect of his personal identity, directly contributing to the introduction of the protagonist's character.""}","Charles Dickens's novel *Great Expectations* (1861) begins with the narrator introducing himself as 'Pip':

""My father’s family name being Pirrip, and my Christian name Philip, my infant tongue could make of both names nothing longer or more explicit than Pip.""

Which choice best describes the function of the sentence in the context of the narrator's introduction?","A. To highlight the family’s long-standing naming conventions rooted in historical customs
B. To underscore the narrator’s early linguistic challenges and formation of his personal identity
C. To illustrate the narrator's father’s deliberate selection of a confusing name
D. To foreshadow the narrator's future experiences with the use of language",B,"The sentence illustrates how the young narrator's difficulty enunciating his given names led to his nickname 'Pip'. This reflects his initial relationship with language and marks a significant aspect of his personal identity, directly contributing to the introduction of the protagonist's character.","When I first read the sentence, I was a bit confused. It talks about his long, hard-to-pronounce names and then suddenly ‘Pip’ appears. I wasn’t sure if Dickens was talking about a family tradition or if it was about him having trouble saying his name. I almost thought it might be about the family’s naming customs (answer A) or even maybe foreshadowing something later. But after looking more carefully, I realized the sentence is really about the kid not being able to say his own names properly. That made me lean toward answer B, since it says his difficulty with language helped form his identity, even though I wasn’t totally confident at first.","I read the excerpt carefully and noticed that Dickens isn’t just stating a fact about names; he is using the narrator's early difficulty with pronouncing his full names to reveal something important about his character. The line shows that because his infant tongue shortened his names to 'Pip,' it became a defining part of his personal identity. Knowing that the question asks for the function of the sentence in introducing the narrator, answer B – which highlights his early linguistic challenges and identity formation – makes the most sense. I quickly ruled out the other options because they either reference family customs or future events, neither of which is supported by the text.",8,8,"The question is well-crafted and aligns with SAT standards for questions on the function of a sentence. The excerpt from Great Expectations provides a clear context, and the answer choices present plausible alternatives that encourage careful reading and analysis. The correct answer, B, is supported by the fact that the sentence uses the narrator’s early linguistic limitations as a way to convey a significant element of his personal identity. To improve further, the explanation could benefit from a brief discussion of why the other choices are not correct. This would help students, especially those who struggle with the passage, understand the process of elimination. Additionally, clarifying in the stem that the focus is on the narrator’s self-introduction (rather than a broader commentary on family naming or future developments) could reduce potential misinterpretations by lower-level students.","{""skill"": ""Function of Sentence"", ""difficulty"": ""Hard"", ""question"": ""Charles Dickens's novel *Great Expectations* (1861) begins with the narrator introducing himself as 'Pip':\n\n\""My father’s family name being Pirrip, and my Christian name Philip, my infant tongue could make of both names nothing longer or more explicit than Pip.\""\n\nWhich choice best describes the function of this sentence in the context of the narrator's self-introduction?"", ""choices"": [""A. To highlight the family’s long-standing naming conventions rooted in historical customs"", ""B. To underscore the narrator’s early linguistic challenges and formation of his personal identity"", ""C. To illustrate the narrator's father’s deliberate selection of a confusing name"", ""D. To foreshadow the narrator's future experiences with the use of language""], ""answer"": ""B"", ""explanation"": ""The sentence explains how Pip's name originated from his inability as a child to fully articulate his given names, 'Philip Pirrip'. This detail reveals an aspect of Pip’s early self and sets up one of the key elements of his identity. Answer choice B is correct. Answer choice A is incorrect because the sentence does not discuss historical naming conventions. Answer choice C is incorrect because there is no mention of the father deliberately selecting a confusing name. Answer choice D is incorrect as the sentence does not imply future events but rather reflects on the past.""}"
2025-03-11 08:27:09,"{""skill"": ""Main Idea"", ""difficulty"": ""Hard"", ""question"": ""The following excerpt is from Jane Austen’s *Pride and Prejudice* (published in 1813):\\n\\n_It is a truth universally acknowledged, that a single man in possession of a good fortune, must be in want of a wife._ However little known the feelings or views of such a man may be on his first entering a neighbourhood, this truth is so well fixed in the minds of the surrounding families, that he is considered as the rightful property of someone or other of their daughters.\\n\\nIn $1813$, when Austen wrote this passage, she humorously emphasized societal norms.\\n\\nWhich statement best expresses the main idea of the excerpt?"", ""choices"": [""A) It claims that unmarried men become obligated to propose marriage due to family pressure."", ""B) It sets a comedic tone highlighting society’s assumption that wealthy men must pursue marriage."", ""C) It argues that financial stability always ensures total contentment in relationships."", ""D) It contends that personal independence is best achieved by ignoring conventional expectations.""], ""answer"": ""B"", ""explanation"": ""The main idea of the excerpt is that there is a humorous societal presumption linking wealth, marriage, and social expectation. Austen’s opening sentence pokes fun at how families view prosperous bachelors as potential husbands. An expert reader notices that the emphasis is on the comedic portrayal of social norms, rather than on forced marriage (which would be too literal), guaranteed happiness, or outright dismissing social conventions. Therefore, Choice B is correct because it aligns with the text’s playful tone and central theme of societal assumptions about marriage.""}",Main Idea,Hard,"The following excerpt is from Jane Austen’s *Pride and Prejudice* (published in 1813):\n\n_It is a truth universally acknowledged, that a single man in possession of a good fortune, must be in want of a wife._ However little known the feelings or views of such a man may be on his first entering a neighbourhood, this truth is so well fixed in the minds of the surrounding families, that he is considered as the rightful property of someone or other of their daughters.\n\nIn $1813$, when Austen wrote this passage, she humorously emphasized societal norms.\n\nWhich statement best expresses the main idea of the excerpt?","A) It claims that unmarried men become obligated to propose marriage due to family pressure.
B) It sets a comedic tone highlighting society’s assumption that wealthy men must pursue marriage.
C) It argues that financial stability always ensures total contentment in relationships.
D) It contends that personal independence is best achieved by ignoring conventional expectations.",B,"The main idea of the excerpt is that there is a humorous societal presumption linking wealth, marriage, and social expectation. Austen’s opening sentence pokes fun at how families view prosperous bachelors as potential husbands. An expert reader notices that the emphasis is on the comedic portrayal of social norms, rather than on forced marriage (which would be too literal), guaranteed happiness, or outright dismissing social conventions. Therefore, Choice B is correct because it aligns with the text’s playful tone and central theme of societal assumptions about marriage.",Previous input perfect; don't change anything.,"{""skill"": ""Main Idea"", ""difficulty"": ""Hard"", ""question"": ""The following excerpt is from Jane Austen’s *Pride and Prejudice* (published in 1813):\\n\\n_It is a truth universally acknowledged, that a single man in possession of a good fortune, must be in want of a wife._ However little known the feelings or views of such a man may be on his first entering a neighbourhood, this truth is so well fixed in the minds of the surrounding families, that he is considered as the rightful property of someone or other of their daughters.\\n\\nWhich statement best expresses the main idea of the excerpt?"", ""choices"": [""A) It claims that unmarried men become obligated to propose marriage due to family pressure."", ""B) It humorously highlights societal assumptions about the marriage prospects of wealthy single men."", ""C) It argues that financial stability ensures long-term happiness in relationships."", ""D) It suggests that resisting social expectations is key to personal independence.""], ""answer"": ""B"", ""explanation"": ""The passage humorously critiques societal norms, particularly the assumption that wealthy single men are seeking wives. Austen’s tone is satirical, revealing an exaggerated yet astute portrayal of social dynamics around marriage. The main idea aligns with choice B, which captures the humor and focus on societal assumptions present in the excerpt.""}","The following excerpt is from Jane Austen’s *Pride and Prejudice* (published in 1813):\n\n_It is a truth universally acknowledged, that a single man in possession of a good fortune, must be in want of a wife._ However little known the feelings or views of such a man may be on his first entering a neighbourhood, this truth is so well fixed in the minds of the surrounding families, that he is considered as the rightful property of someone or other of their daughters.\n\nWhich statement best expresses the main idea of the excerpt?","A) It claims that unmarried men become obligated to propose marriage due to family pressure.
B) It humorously highlights societal assumptions about the marriage prospects of wealthy single men.
C) It argues that financial stability ensures long-term happiness in relationships.
D) It suggests that resisting social expectations is key to personal independence.",B,"The passage humorously critiques societal norms, particularly the assumption that wealthy single men are seeking wives. Austen’s tone is satirical, revealing an exaggerated yet astute portrayal of social dynamics around marriage. The main idea aligns with choice B, which captures the humor and focus on societal assumptions present in the excerpt.","I read the excerpt and get a little confused by the old-fashioned language. The sentence about a rich man needing a wife reminds me that society expects him to get married. I think about which answer sounds like it matches the idea that people have a funny view of rich single men, and answer B seems to mention that. Even though the other answers mention family pressure or independence, B seems closest, so I choose B.","After a careful reading of the passage, I immediately recognize that Jane Austen’s use of satire is key. I note that she pokes fun at the societal assumption that any wealthy single man is automatically in need of a wife. Although choices A, C, and D bring up themes of obligation, financial stability, or independence, they do not capture the subtle humor in the passage. Choice B specifically underscores the ironic, society-driven notion about the marriage prospects of wealthy bachelors, so I select B with confidence.",9,9,"This question is strong overall. The excerpt from Pride and Prejudice is a classic example of satire that is rich enough to prompt varied interpretations, yet the answer choices are crafted to focus on the primary satirical commentary about societal assumptions. The question aligns well with SAT standards for reading comprehension and main idea questions, offering a hard difficulty level without being unfair. The explanation clearly identifies Austen's tone and the reasoning behind selecting answer B. Still, to push it closer to perfection, the explanation might benefit from a slight expansion that details why the other distractors do not fully capture the passage's intended satire. Improving this clarity in the explanation would further support students in understanding the nuances of the text. Overall, with these minor adjustments, the question is nearly ideal for public release.","{""skill"": ""Main Idea"", ""difficulty"": ""Hard"", ""question"": ""The following excerpt is from Jane Austen's *Pride and Prejudice* (published in 1813):\n\n\\[\n\\text{It is a truth universally acknowledged, that a single man in possession of a good fortune, must be in want of a wife.}\\\n\\text{However little known the feelings or views of such a man may be on his first entering a neighbourhood,}\\\n\\text{this truth is so well fixed in the minds of the surrounding families, that he is considered as the rightful property}\\\n\\text{of someone or other of their daughters.}\n\\]\n\nWhich statement best expresses the main idea of the excerpt?"", ""choices"": [""A) It claims that unmarried men become obligated to propose marriage due to family pressure."", ""B) It humorously highlights societal assumptions about the marriage prospects of wealthy single men."", ""C) It argues that financial stability ensures long-term happiness in relationships."", ""D) It suggests that resisting social expectations is key to personal independence.""], ""answer"": ""B"", ""explanation"": ""The excerpt parodies societal belief systems of the time, using humor to lampoon the idea that wealthy bachelors are automatically seeking wives and are seen as prospects by families with unmarried daughters. Austen's use of satire and generalization provides a clever critique of social norms, which is effectively captured by choice B. Choice A overstates the pressure aspect, choice C misinterprets the financial focus, and choice D detracts from Austen's primary satirical commentary on societal presumptions.""}"
2025-03-11 08:28:26,"{""skill"": ""Main Idea"", ""difficulty"": ""Hard"", ""question"": ""The following excerpt is from Charles Darwin’s *On the Origin of Species* (1859):\\n\""It may metaphorically be said that natural selection is daily and hourly scrutinizing, throughout the world, every variation, even the slightest; rejecting that which is bad, preserving and adding up all that is good; silently and insensibly working, whenever and wherever opportunity offers, at the improvement of each organic being in relation to its organic and inorganic conditions of life.\""\\n\\nWhich statement best expresses the main idea of Darwin’s description of natural selection?"", ""choices"": [""A. Natural selection rarely impacts significant variations among species."", ""B. Natural selection discards unsuitable traits and gradually amplifies beneficial traits."", ""C. Natural selection works only in limited environments where species remain unchanged."", ""D. Natural selection consistently produces identical changes in every living organism.""], ""answer"": ""B"", ""explanation"": ""Darwin emphasizes that natural selection is a constant, subtle process that eliminates harmful traits and accumulates advantageous ones. In the excerpt, he states that it “rejects that which is bad” while “preserving and adding up all that is good.” Answer B captures this core idea. Incorrect choices misrepresent or oversimplify the scope of Darwin’s argument.""}",Main Idea,Hard,"The following excerpt is from Charles Darwin’s *On the Origin of Species* (1859):\n""It may metaphorically be said that natural selection is daily and hourly scrutinizing, throughout the world, every variation, even the slightest; rejecting that which is bad, preserving and adding up all that is good; silently and insensibly working, whenever and wherever opportunity offers, at the improvement of each organic being in relation to its organic and inorganic conditions of life.""\n\nWhich statement best expresses the main idea of Darwin’s description of natural selection?","A. Natural selection rarely impacts significant variations among species.
B. Natural selection discards unsuitable traits and gradually amplifies beneficial traits.
C. Natural selection works only in limited environments where species remain unchanged.
D. Natural selection consistently produces identical changes in every living organism.",B,"Darwin emphasizes that natural selection is a constant, subtle process that eliminates harmful traits and accumulates advantageous ones. In the excerpt, he states that it “rejects that which is bad” while “preserving and adding up all that is good.” Answer B captures this core idea. Incorrect choices misrepresent or oversimplify the scope of Darwin’s argument.",Previous input perfect; don't change anything.,"{""skill"": ""Main Idea"", ""difficulty"": ""Hard"", ""question"": ""The following excerpt is from Charles Darwin's *On the Origin of Species* (1859):\n\n\""It may metaphorically be said that natural selection is daily and hourly scrutinizing, throughout the world, every variation, even the slightest; rejecting that which is bad, preserving and adding up all that is good; silently and insensibly working, whenever and wherever opportunity offers, at the improvement of each organic being in relation to its organic and inorganic conditions of life.\""\n\nWhat does the passage mainly suggest about the process of natural selection?"", ""choices"": [""A. Natural selection examines and eliminates only significant traits."", ""B. Natural selection tirelessly sifts through all variations, favoring beneficial ones."", ""C. The mechanism of natural selection is sporadic and location-specific."", ""D. The process leads to uniform changes across all species.""], ""answer"": ""B"", ""explanation"": ""The passage illustrates the continuous and thorough nature of natural selection. It highlights how even slight variations are scrutinized, with negative traits discarded and positive traits accumulated over time, emphasizing its role in adaptation and improvement.""}","The following excerpt is from Charles Darwin's *On the Origin of Species* (1859):

""It may metaphorically be said that natural selection is daily and hourly scrutinizing, throughout the world, every variation, even the slightest; rejecting that which is bad, preserving and adding up all that is good; silently and insensibly working, whenever and wherever opportunity offers, at the improvement of each organic being in relation to its organic and inorganic conditions of life.""

What does the passage mainly suggest about the process of natural selection?","A. Natural selection examines and eliminates only significant traits.
B. Natural selection tirelessly sifts through all variations, favoring beneficial ones.
C. The mechanism of natural selection is sporadic and location-specific.
D. The process leads to uniform changes across all species.",B,"The passage illustrates the continuous and thorough nature of natural selection. It highlights how even slight variations are scrutinized, with negative traits discarded and positive traits accumulated over time, emphasizing its role in adaptation and improvement.","I read the passage and got a bit overwhelmed by some of the fancy words. I saw that Darwin talks about looking at even little changes all the time. I wasn’t totally sure what that meant, but when I looked at the choices, I ruled out the ones that said natural selection only checks big traits or only happens sometimes or in certain places. I picked B because it said that natural selection goes through all variations and keeps the good ones, which seems to match what I understood.","After carefully reading Darwin’s excerpt, I immediately recognize that the passage emphasizes natural selection as a continuous, meticulous process that examines even the smallest variations and preserves those that are beneficial. I notice the phrase 'daily and hourly scrutinizing' along with 'rejecting that which is bad' clearly suggests a relentless, unbiased filtering. By eliminating choices that either restrict the scope (such as focusing only on significant traits in A) or misrepresent the process (as in C and D), I confirm that answer B is correct because it encapsulates the idea that natural selection continuously evaluates all variations and favors the beneficial ones.",9,8,"The SAT question is well-constructed for a high-difficulty main idea prompt. It uses a genuine excerpt from Darwin’s On the Origin of Species, which is consistent with the challenging, real-world texts seen on the SAT. The answer choices are plausible; they include tempting distractors that force a careful reading of the passage. However, minor improvements could be made. For instance, ensuring that each choice is phrased in a parallel structure and adding slight clarifications in the question stem could help lower-level students without reducing the challenge for high scorers. 

The explanation effectively summarizes the passage’s main idea and succinctly states why answer B is correct. It could be enhanced by further detailing why the other answer choices are incorrect, which would provide additional insight into the reasoning process expected of students. This added detail would help reinforce the strategy of process-of-elimination and deepen students’ understanding of the text. 

Overall, the question is nearly publication-ready. With slight refinements to the wording and an expanded explanation that dissects each distractor, it could be a perfect 10 for both question and explanation quality.","{""skill"": ""Main Idea"", ""difficulty"": ""Hard"", ""question"": ""The following passage is from Charles Darwin's *On the Origin of Species* (1859):\n\n\""It may metaphorically be said that natural selection is daily and hourly scrutinizing, throughout the world, every variation, even the slightest; rejecting that which is bad, preserving and adding up all that is good; silently and insensibly working, whenever and wherever opportunity offers, at the improvement of each organic being in relation to its organic and inorganic conditions of life.\""\n\nWhat does the passage primarily say about natural selection?"", ""choices"": [""A. Natural selection examines and removes only major defects."", ""B. Natural selection operates constantly, evaluating all variations and favoring beneficial ones."", ""C. Natural selection functions intermittently and in specific regions."", ""D. The process of natural selection results in uniformity among species.""], ""answer"": ""B"", ""explanation"": ""The passage clearly emphasizes the continuous and meticulous action of natural selection across the world and over time, ensuring the improvement of species by preserving favorable traits and discarding unfavorable ones. Answer choice B best encapsulates this concept, whereas the other choices either misinterpret the scope or nature of natural selection. Choice A incorrectly suggests selectivity towards only major defects; choice C incorrectly implies an intermittent or localized process; and choice D misrepresents the outcome as uniformity, which is not supported in the passage.""}"
2025-03-11 08:31:25,"{""skill"": ""Inferences"", ""difficulty"": ""Medium"", ""question"": ""In *The Federalist No. 51*, James Madison writes: \n\n\""If men were angels, no government would be necessary. If angels were to govern men, neither external nor internal controls on government would be necessary.\"" \n\nWhich inference is best supported by this excerpt?"", ""choices"": [""A) Governments should be designed to encourage citizens to act as angels."", ""B) Governments must have checks and balances because human nature is imperfect."", ""C) Governments serve no significant purpose when citizens remain virtuous."", ""D) Governments can be led only by citizens with perfect moral character.""], ""answer"": ""B"", ""explanation"": ""Madison highlights that people are not perfect and thus systems of governance must include safeguards against misuse of power. Since humans are not \""angels,\"" checks and balances are needed to regulate authority. The correct option carefully notes that the author refers to human imperfection and calls for structural protections, matching the main inference of the passage.""}",Inferences,Medium,"In *The Federalist No. 51*, James Madison writes: 

""If men were angels, no government would be necessary. If angels were to govern men, neither external nor internal controls on government would be necessary."" 

Which inference is best supported by this excerpt?","A) Governments should be designed to encourage citizens to act as angels.
B) Governments must have checks and balances because human nature is imperfect.
C) Governments serve no significant purpose when citizens remain virtuous.
D) Governments can be led only by citizens with perfect moral character.",B,"Madison highlights that people are not perfect and thus systems of governance must include safeguards against misuse of power. Since humans are not ""angels,"" checks and balances are needed to regulate authority. The correct option carefully notes that the author refers to human imperfection and calls for structural protections, matching the main inference of the passage.",Previous input perfect; don't change anything.,"{""skill"": ""Inferences"", ""difficulty"": ""Medium"", ""question"": ""In *The Federalist No. 51*, James Madison writes: \n\n\""If men were angels, no government would be necessary. If angels were to govern men, neither external nor internal controls on government would be necessary.\"" \n\nBased on this excerpt, which inference is best supported about Madison's view on government?"", ""choices"": [""A) Governments should be designed to encourage citizens to act as angels."", ""B) Governments must have checks and balances because human nature is imperfect."", ""C) Governments serve no significant purpose when citizens remain virtuous."", ""D) Governments can be led only by citizens with perfect moral character.""], ""answer"": ""B"", ""explanation"": ""Madison's statement emphasizes the imperfection of human nature and the corresponding necessity for systems of governance to include mechanisms that prevent misuse of power. Since human beings are not inherently flawless ('not angels'), checks and balances are justified as a precaution. The correct choice recognizes the essence of the excerpt by referencing human imperfection and the need for structural safeguards.""}","In *The Federalist No. 51*, James Madison writes: 

""If men were angels, no government would be necessary. If angels were to govern men, neither external nor internal controls on government would be necessary."" 

Based on this excerpt, which inference is best supported about Madison's view on government?","A) Governments should be designed to encourage citizens to act as angels.
B) Governments must have checks and balances because human nature is imperfect.
C) Governments serve no significant purpose when citizens remain virtuous.
D) Governments can be led only by citizens with perfect moral character.",B,"Madison's statement emphasizes the imperfection of human nature and the corresponding necessity for systems of governance to include mechanisms that prevent misuse of power. Since human beings are not inherently flawless ('not angels'), checks and balances are justified as a precaution. The correct choice recognizes the essence of the excerpt by referencing human imperfection and the need for structural safeguards.","At first, I got a little confused by the idea of angels and men, but after reading it a few times I realized that the quote is saying we can’t expect people to be perfect. Even though some of the words sound fancy, I figured that since people aren’t angels, the government has to step in to keep things in order. Option B mentioning ""checks and balances"" seemed to be the best fit, even though I had a bit of trouble understanding all the choices at first.","I immediately recognize that Madison’s quote contrasts the idea of ideal human behavior (angels) with the realities of human imperfection, which in turn underscores the necessity for institutional safeguards. By quickly eliminating choices that either overly idealize human nature or suggest impractical forms of governance, I determine that the correct inference is that checks and balances are needed because people aren’t naturally perfect—exactly what option B conveys.",9,9,"The question is clearly crafted and aligns well with SAT standards, presenting a medium-level inference challenge. It provides sufficient context by quoting a primary source document (The Federalist No. 51) and offers plausible answer choices, each reflecting common misconceptions or misinterpretations. The explanation succinctly clarifies why Madison’s emphasis on human imperfection leads to the need for checks and balances, which is the central idea in option B. To further enhance this item, consider briefly addressing why the other answer choices are less appropriate, which could help less-prepared students avoid typical pitfalls. This small addition would further bolster the explanation’s effectiveness without compromising its conciseness.","{""skill"": ""Inferences"", ""difficulty"": ""Medium"", ""question"": ""In *The Federalist No. 51*, James Madison writes: \n\n\""If men were angels, no government would be necessary. If angels were to govern men, neither external nor internal controls on government would be necessary.\"" \n\nBased on this excerpt, which inference is best supported about Madison's view on government?"", ""choices"": [""A) Governments should be designed to encourage citizens to act as angels."", ""B) Governments must have checks and balances because human nature is imperfect."", ""C) Governments serve no significant purpose when citizens remain virtuous."", ""D) Governments can be led only by citizens with perfect moral character.""], ""answer"": ""B"", ""explanation"": ""Madison's statement emphasizes the imperfection of human nature and the corresponding necessity for systems of governance to include mechanisms that prevent misuse of power. Since human beings are not inherently flawless ('not angels'), checks and balances are justified as a precaution. The correct choice recognizes the essence of the excerpt by referencing human imperfection and the need for structural safeguards. Dismissed choices: A) misconstrues the purpose of government design; C) incorrectly implies government's purpose is obsolete with virtuous citizenship; D) assumes a requirement for perfect leaders, which the excerpt does not support.""}"
2025-03-11 08:32:54,"{""skill"": ""Main Idea"", ""difficulty"": ""Medium"", ""question"": ""In Nathaniel Hawthorne’s 1851 novel *The House of the Seven Gables,* the scene describing the old Pyncheon mansion emphasizes the structure’s worn-out exterior and the gloomy impressions it evokes. The walls, battered and stained by years of exposure to the elements, seem to manifest the family’s burdensome heritage. Though once representative of the family’s status, the mansion now appears to harbor a sense of lingering regret and uneasy foreboding.\n\nWhich statement most accurately captures the main idea of this focus on the mansion in Hawthorne’s depiction?"", ""choices"": [""A. The novel clarifies that the mansion’s external condition has no correlation to the family’s fortune."", ""B. The reflection of the family’s troubled past and present struggles is symbolized by the mansion’s physical deterioration."", ""C. The narration uses the mansion’s facade to highlight the humorous challenges the Pyncheon family faces."", ""D. The mansion’s robust features suggest that the family’s history remains unaffected by change over time.""], ""answer"": ""B"", ""explanation"": ""The correct answer is B because the passage conveys that the mansion’s state mirrors the family’s deep-seated troubles and decaying fortune. To determine this main idea, notice Hawthorne’s emphasis on the mansion’s worn exterior and its close tie to the Pyncheon family’s history, suggesting that both the structure and the family carry the weight of the past. Choices A, C, and D do not align with the text’s focus on the mansion’s deterioration as a sign of familial and historical burdens.""}",Main Idea,Medium,"In Nathaniel Hawthorne’s 1851 novel *The House of the Seven Gables,* the scene describing the old Pyncheon mansion emphasizes the structure’s worn-out exterior and the gloomy impressions it evokes. The walls, battered and stained by years of exposure to the elements, seem to manifest the family’s burdensome heritage. Though once representative of the family’s status, the mansion now appears to harbor a sense of lingering regret and uneasy foreboding.

Which statement most accurately captures the main idea of this focus on the mansion in Hawthorne’s depiction?","A. The novel clarifies that the mansion’s external condition has no correlation to the family’s fortune.
B. The reflection of the family’s troubled past and present struggles is symbolized by the mansion’s physical deterioration.
C. The narration uses the mansion’s facade to highlight the humorous challenges the Pyncheon family faces.
D. The mansion’s robust features suggest that the family’s history remains unaffected by change over time.",B,"The correct answer is B because the passage conveys that the mansion’s state mirrors the family’s deep-seated troubles and decaying fortune. To determine this main idea, notice Hawthorne’s emphasis on the mansion’s worn exterior and its close tie to the Pyncheon family’s history, suggesting that both the structure and the family carry the weight of the past. Choices A, C, and D do not align with the text’s focus on the mansion’s deterioration as a sign of familial and historical burdens.",Previous input perfect; don't change anything.,"{""skill"": ""Main Idea"", ""difficulty"": ""Medium"", ""question"": ""In Nathaniel Hawthorne’s 1851 novel *The House of the Seven Gables,* the scene describing the old Pyncheon mansion emphasizes the structure’s worn-out exterior and the gloomy impressions it evokes. The walls, battered and stained by years of exposure to the elements, seem to manifest the family’s burdensome heritage. Though once representative of the family’s status, the mansion now appears to harbor a sense of lingering regret and uneasy foreboding.\n\nWhich statement accurately captures the main idea of the mansion’s symbolism as depicted in Hawthorne’s description?"", ""choices"": [""A. The mansion’s deteriorated state highlights the decaying status of the family and its history."", ""B. The Pyncheon mansion remains a resilient emblem of the family’s unwavering influence."", ""C. The haunting description of the mansion serves as commentary on the human spirit’s perpetual endurance."", ""D. The narrative uses the description of the house to emphasize its separation from human affairs.""], ""answer"": ""A"", ""explanation"": ""The correct answer is A because the mansion is described as embodying the family’s declining fortunes, with its weathered and somber appearance acting as a symbol of the burdens and regrets tied to their heritage. This matches the idea of the mansion representing the decay of the family’s social and historical standing. Choices B, C, and D diverge from the key focus of the mansion's deteriorating state mirroring familial decline.""}","In Nathaniel Hawthorne’s 1851 novel *The House of the Seven Gables,* the scene describing the old Pyncheon mansion emphasizes the structure’s worn-out exterior and the gloomy impressions it evokes. The walls, battered and stained by years of exposure to the elements, seem to manifest the family’s burdensome heritage. Though once representative of the family’s status, the mansion now appears to harbor a sense of lingering regret and uneasy foreboding.

Which statement accurately captures the main idea of the mansion’s symbolism as depicted in Hawthorne’s description?","A. The mansion’s deteriorated state highlights the decaying status of the family and its history.
B. The Pyncheon mansion remains a resilient emblem of the family’s unwavering influence.
C. The haunting description of the mansion serves as commentary on the human spirit’s perpetual endurance.
D. The narrative uses the description of the house to emphasize its separation from human affairs.",A,"The correct answer is A because the mansion is described as embodying the family’s declining fortunes, with its weathered and somber appearance acting as a symbol of the burdens and regrets tied to their heritage. This matches the idea of the mansion representing the decay of the family’s social and historical standing. Choices B, C, and D diverge from the key focus of the mansion's deteriorating state mirroring familial decline.","I looked at the passage and saw that the house was described as old and damaged, and it made me think that this might mean that the family had problems. I wasn’t sure if it was trying to say the house was still strong or something else, but when I read option A about the decaying family history, it seemed to match the gloomy description better than the others. I got a little mixed up with the words, but A felt like the right answer.","I carefully read the passage and immediately noticed that Hawthorne’s description emphasizes decay and a sense of burden regarding the family’s history. The adjectives like “worn-out,” “battered,” and the idea of lingering regret point clearly to a deterioration in both the mansion and the family’s fortunes. I quickly ruled out option B because it contradicts the depiction of decay, and options C and D do not capture the idea of a heritage in decline. Therefore, I confidently choose A as it best captures the symbolism of the mansion reflecting the family’s dwindling status.",9,9,"The question is well-designed, clearly aligning with the SAT’s style for main idea and literary analysis questions. It offers sufficient context by describing the mansion in detail, which helps test-takers deduce the symbolic link to the family’s declining status. The answer choices are all plausible distractors, with Option A correctly reflecting the intended interpretation. The explanation is clear and concise; it delineates why Option A is correct and why the others are not. To push the quality even higher, consider adding brief direct quotations from the text to anchor the discussion for students and slightly refining the distractors to introduce more subtle nuance, particularly for lower-level readers. Overall, the question is nearly publication-ready for SAT practice with only minor tweaks needed.","{""skill"": ""Main Idea"", ""difficulty"": ""Medium"", ""question"": ""In Nathaniel Hawthorne’s 1851 novel *The House of the Seven Gables,* how does the description of the Pyncheon mansion contribute to the overarching themes of the narrative? The mansion is described in extensive detail, with an emphasis on its worn-out exterior, gloomy interiors, and the pervasive sense of foreboding it elicits. This conveys its symbolic significance within the story."", ""choices"": [""A. The mansion’s deteriorated state highlights the decaying status of the family and its history."", ""B. The Pyncheon mansion remains a resilient emblem of the family’s unwavering influence."", ""C. The haunting description of the mansion serves as commentary on the human spirit’s perpetual endurance."", ""D. The narrative uses the description of the house to emphasize its separation from human affairs.""], ""answer"": ""A"", ""explanation"": ""The correct answer is A. The mansion’s worn and gloomy state symbolizes the declining fortunes and troubled history of the Pyncheon family. Hawthorne’s description aligns the physical condition of the mansion with the moral and social decay of the family. Alternatives B, C, and D incorrectly interpret the described symbolism, as the mansion is explicitly tied to decay and familial burdens, not resilience or separation from humanity.""}"
2025-03-11 08:34:23,"{""skill"": ""Inferences"", ""difficulty"": ""Medium"", ""question"": ""In Voltaire’s *Candide* (1759), after enduring a series of misfortunes, the eponymous character and his companions settle on a small farm. Candide, embracing a simpler life, concludes that self-improvement is gained through diligent work. He famously sums up this new perspective with the statement, “we must cultivate our garden.”\n\nWhich inference is best supported by the passage?"", ""choices"": [""A. Candide regrets leaving his home and wishes to reverse his decisions."", ""B. Candide believes that consistent practical work can bring peace of mind."", ""C. Candide believes he has become immune to any form of hardship."", ""D. Candide distrusts his companions and wants to live in solitude.""], ""answer"": ""B"", ""explanation"": ""Because Candide decides to focus on tangible daily work, the most reasonable inference is that he views consistent, practical effort as a source of fulfillment. The other choices are not directly supported by the excerpt: there is no indication of regret, immunity to hardship, or distrust of companions.""}",Inferences,Medium,"In Voltaire’s *Candide* (1759), after enduring a series of misfortunes, the eponymous character and his companions settle on a small farm. Candide, embracing a simpler life, concludes that self-improvement is gained through diligent work. He famously sums up this new perspective with the statement, “we must cultivate our garden.”

Which inference is best supported by the passage?","A. Candide regrets leaving his home and wishes to reverse his decisions.
B. Candide believes that consistent practical work can bring peace of mind.
C. Candide believes he has become immune to any form of hardship.
D. Candide distrusts his companions and wants to live in solitude.",B,"Because Candide decides to focus on tangible daily work, the most reasonable inference is that he views consistent, practical effort as a source of fulfillment. The other choices are not directly supported by the excerpt: there is no indication of regret, immunity to hardship, or distrust of companions.",Previous input perfect; don't change anything.,"{""skill"": ""Inferences"", ""difficulty"": ""Medium"", ""question"": ""In Voltaire's *Candide* (1759), after enduring a series of misfortunes, the main character and his companions settle on a small farm. Candide, embracing a simpler life, concludes that self-improvement is gained through diligent work. He famously sums up this new perspective with the statement, 'we must cultivate our garden.'\n\nWhich inference is best supported by the passage?"", ""choices"": [""A. Candide regrets leaving his home and wishes to reverse his decisions."", ""B. Candide believes that consistent practical work can bring peace of mind."", ""C. Candide believes he has become immune to any form of hardship."", ""D. Candide distrusts his companions and wants to live in solitude.""], ""answer"": ""B"", ""explanation"": ""Candide's decision to live a life focused on diligent work and the statement 'we must cultivate our garden' imply that he values the tranquility and satisfaction that come from practical efforts. The other options are not directly supported: regret over past decisions is not suggested, there is no mention of immunity to hardship, and the passage does not imply distrust or a desire for solitude.""}","In Voltaire's *Candide* (1759), after enduring a series of misfortunes, the main character and his companions settle on a small farm. Candide, embracing a simpler life, concludes that self-improvement is gained through diligent work. He famously sums up this new perspective with the statement, 'we must cultivate our garden.'

Which inference is best supported by the passage?","A. Candide regrets leaving his home and wishes to reverse his decisions.
B. Candide believes that consistent practical work can bring peace of mind.
C. Candide believes he has become immune to any form of hardship.
D. Candide distrusts his companions and wants to live in solitude.",B,"Candide's decision to live a life focused on diligent work and the statement 'we must cultivate our garden' imply that he values the tranquility and satisfaction that come from practical efforts. The other options are not directly supported: regret over past decisions is not suggested, there is no mention of immunity to hardship, and the passage does not imply distrust or a desire for solitude.","When I read the passage, I was a bit confused by the phrase ‘cultivate our garden’ because it sounds like it could just mean actual gardening. I wasn’t sure if Candide was regretting his past or maybe trying to isolate himself. I hesitated between different choices, and because I didn’t fully understand the metaphor, I initially leaned toward an answer that mentioned regret or isolation. However, after re-reading the sentence about self-improvement through hard work and thinking about what practical work might do, I finally guessed Option B, even though I’m still a little uncertain.","I read the passage about Candide’s newfound perspective after his hardships and recognized that his statement “we must cultivate our garden” is a metaphor for embracing practical work as a means toward personal improvement and a more serene life. Quickly, I eliminated Options A, C, and D because none of them align with the passage’s clear indication that Candide now values diligent work for its ability to bring satisfaction and a sense of order. Thus, I confidently chose Option B.",8,8,"The question is well-structured for an SAT inference task, providing sufficient context from Candide’s experiences to support the inference that practical, consistent work leads to personal betterment. The answer choices include plausible distractors that require careful elimination, aligning with SAT difficulty. However, the metaphor ‘cultivate our garden’ is subtle and may confuse lower-level readers who might interpret it too literally; a brief hint or rephrasing for clarity could help. The explanation effectively clarifies why Option B is correct by explicitly connecting Candide’s embrace of diligent work to the inferred benefit, but could be improved by directly noting how the metaphor relates to the idea of peace and personal growth. Overall, both the question and its explanation are strong and nearly publication-ready; minor adjustments to clarify the metaphorical language and deepen the explanation would make this a standout SAT practice question.","{""skill"": ""Inferences"", ""difficulty"": ""Medium"", ""question"": ""In Voltaire's *Candide* (1759), after enduring a series of misfortunes, the main character and his companions settle on a small farm. Candide, embracing a simpler life, concludes that self-improvement is gained through diligent work. He famously sums up this new perspective with the statement, 'we must cultivate our garden.' 'Cultivating our garden' here serves as a metaphor for dedicating oneself to constructive and meaningful activities, focusing on personal and communal well-being.\n\nWhich inference is best supported by the passage?"", ""choices"": [""A. Candide regrets leaving his home and wishes to reverse his decisions."", ""B. Candide believes that consistent practical work can bring peace of mind."", ""C. Candide believes he has become immune to any form of hardship."", ""D. Candide distrusts his companions and wants to live in solitude.""], ""answer"": ""B"", ""explanation"": ""Candide's decision to focus on diligent work and the statement 'we must cultivate our garden' imply that he values the tranquility and fulfillment that come from engaging in meaningful labor. The use of 'cultivating our garden' metaphorically suggests personal and collective growth through effort. The other options are not directly supported: there is no evidence for regret over past decisions, immunity to hardship is not mentioned, and distrust or a preference for isolation is not indicated by the passage.""}"
2025-03-11 08:37:43,"{""skill"": ""Main Idea"", ""difficulty"": ""Hard"", ""question"": ""In the following excerpt from Charles Dickens’ *Oliver Twist*, the narrator describes a setting marked by both a stark institution and the daily routines of those who live nearby:\nAmong other public buildings in a certain town, which for many reasons it will be prudent to refrain from mentioning, there is one anciently common to most towns, great or small — to wit, a workhouse...\nThe room in which the boys were fed was a large stone hall, with a copper at one end... The system here was a rough one, but it did produce a remarkable curiosity in their minds regarding the world on the other side of the wall.\n\nWhich choice best expresses the main idea of the excerpt?"", ""choices"": [""A. It emphasizes a sense of wonder about mechanical inventions of the era"", ""B. It highlights the youths’ enduring curiosity despite difficult circumstances"", ""C. It criticizes the legal standards that limited citizens’ freedom of movement"", ""D. It focuses on the townspeople’s reluctance to impose rules on the children""], ""answer"": ""B"", ""explanation"": ""The passage provides a brief description of a workhouse setting and shows that while conditions are harsh, the boys remain intensely curious about the outside world. The best choice must capture how the children demonstrate curiosity even under dire circumstances. Choices A, C, and D focus on other aspects (mechanical systems, legal restrictions, the community’s guidance) that the excerpt does not emphasize. By recognizing the contrast between their meager environment and their eagerness to learn, we see that the passage highlights curiosity prevailing over adversity.""}",Main Idea,Hard,"In the following excerpt from Charles Dickens’ *Oliver Twist*, the narrator describes a setting marked by both a stark institution and the daily routines of those who live nearby:
Among other public buildings in a certain town, which for many reasons it will be prudent to refrain from mentioning, there is one anciently common to most towns, great or small — to wit, a workhouse...
The room in which the boys were fed was a large stone hall, with a copper at one end... The system here was a rough one, but it did produce a remarkable curiosity in their minds regarding the world on the other side of the wall.

Which choice best expresses the main idea of the excerpt?","A. It emphasizes a sense of wonder about mechanical inventions of the era
B. It highlights the youths’ enduring curiosity despite difficult circumstances
C. It criticizes the legal standards that limited citizens’ freedom of movement
D. It focuses on the townspeople’s reluctance to impose rules on the children",B,"The passage provides a brief description of a workhouse setting and shows that while conditions are harsh, the boys remain intensely curious about the outside world. The best choice must capture how the children demonstrate curiosity even under dire circumstances. Choices A, C, and D focus on other aspects (mechanical systems, legal restrictions, the community’s guidance) that the excerpt does not emphasize. By recognizing the contrast between their meager environment and their eagerness to learn, we see that the passage highlights curiosity prevailing over adversity.","Below is our evaluation and recommended improvements:

1. Context, Objective, and Passage Inclusion:
 • The question clearly situates the prompt by introducing an excerpt from Charles Dickens’ *Oliver Twist* and ends with a direct question asking which answer best expresses the main idea.
 • Recommendation: No change needed here.

2. Sufficient Information and Single Correct Answer:
 • The passage clearly gives important details (the workhouse setting and the remark on the boys’ curiosity) that support answer B.
 • There is exactly one best answer (B), while the other three options are clearly inconsistent with the text.
 • Recommendation: To challenge Hard-level readers, consider revising the distractors so that each might seem plausible on a surface reading. For example:
  – Instead of A (“It emphasizes a sense of wonder about mechanical inventions of the era”), you might use “A. It underscores the oppressive nature of the workhouse that inadvertently sparks wonder in its inhabitants.”
  – Instead of C (“It criticizes the legal standards that limited citizens’ freedom of movement”), you might use “C. It critiques the institutional constraints that confine youth while hinting at the possibility of intellectual escape.”
  – Instead of D (“It focuses on the townspeople’s reluctance to impose rules on the children”), you might use “D. It reveals a tension between the rigidity of the institution and the natural inquisitiveness of youth.”
  This way, while still wrong, these choices would require students to analyze subtleties rather than rule them out immediately.

3. Explanation Alignment:
 • The explanation accurately identifies why answer B is correct (highlighting the boys’ enduring curiosity despite harsh circumstances), and briefly explains why the alternatives do not align with the passage.
 • Recommendation: The explanation is educational though you might wish to begin with a more succinct statement linking the passage’s juxtaposition of a harsh setting and the children’s reactions.

4. Formatting:
 • The introduction correctly uses italics for the book title and includes a double line break before the final question.
 • The excerpt, however, is presented with a line break between sentences even though it is a nonpoetic passage. According to our guidelines for regular passages, sentences should be in a continuous paragraph without extra line breaks.
 • Recommendation: Remove the line break between “…to wit, a workhouse…” and “The room in which the boys were fed…” so that the excerpt appears as one continuous paragraph.
 • Also, ensure that the double line break (using “\n\n”) appears immediately after the passage and before the final question prompt.

5. Difficulty Alignment:
 • While the language from Dickens gives the excerpt an advanced tone, the reasoning needed here is relatively straightforward. Hard-difficulty questions are meant to include multi-step analysis and a more nuanced interpretation (e.g., recognizing unstated implications or subtle rhetorical strategies).
 • Recommendation: By refining the answer choices as suggested above, you increase the subtlety of the distractors. This extra layer forces students to more carefully distinguish between superficially plausible options and the answer that truly addresses the underlying theme. This adjustment will better fulfill Hard-level criteria.

In summary, the question is well on track with a clear context, accurate answer and explanation, and largely correct formatting. However, to meet the highest standards for a Hard SAT question, we recommend both a minor formatting fix (removing the unnecessary line break within the non-poetic passage) and revisions to the distractor choices to introduce more sophisticated, plausible traps.","{""skill"": ""Main Idea"", ""difficulty"": ""Medium"", ""question"": ""This excerpt emphasizes the enduring human fascination with the unknown, even in the face of adversity. What is the main idea of the text?"", ""choices"": [""A. It emphasizes the beauty of the workhouse architecture"", ""B. It highlights the boys’ curiosity about the outside world"", ""C. It criticizes the disparity between social classes"", ""D. It focuses on the harsh treatment of the boys in the workhouse""], ""answer"": ""B"", ""explanation"": ""The excerpt describes a setting in which young boys face hardships within a workhouse but remain curious about the larger world outside. This central idea points to their resilience and enduring inquisitiveness. The correct answer, 'B', reflects this main idea accurately, while other options do not align as closely with the text's focus.""}","This excerpt emphasizes the enduring human fascination with the unknown, even in the face of adversity. What is the main idea of the text?","A. It emphasizes the beauty of the workhouse architecture
B. It highlights the boys’ curiosity about the outside world
C. It criticizes the disparity between social classes
D. It focuses on the harsh treatment of the boys in the workhouse",B,"The excerpt describes a setting in which young boys face hardships within a workhouse but remain curious about the larger world outside. This central idea points to their resilience and enduring inquisitiveness. The correct answer, 'B', reflects this main idea accurately, while other options do not align as closely with the text's focus.","I looked at the sentence and got a bit confused. The phrase 'human fascination with the unknown' made me think it might be talking about something big like society or even different classes. I wasn’t sure if it was criticizing the way boys were treated or if it was really about the boys’ curiosity. Some parts of the answer choices mention the workhouse and harsh treatment, and I almost picked D because it seemed to focus on what was happening. But after some thought and checking back, I decided that B – which talks about the boys’ curiosity about the outside world – was the best match.","I read the excerpt description and immediately recognized that despite the harsh environment of a workhouse, the emphasis is on the boys’ persistent curiosity about what lies beyond their confinement. I know that while details like architecture or harsh treatment are mentioned in the passage, they serve only to set the stage, and the true focus is on the boys’ inner drive to explore. Thus, I quickly eliminate choices that either focus on superficial details (like the beauty of the workhouse) or misinterpret the text (such as criticizing social classes or emphasizing cruelty) and confidently select B.",6,7,"The question follows the SAT main idea format reasonably well, and the answer choices are plausible distractors. However, there are a few issues that need attention. First, the question’s prompt only offers a summary of the excerpt rather than the full passage or a more detailed excerpt, which might confuse students since SAT items generally provide sufficient textual evidence. Including more contextual details would help students link the theme of 'fascination with the unknown' to the specific detail of the boys’ curiosity. Second, while the answer choices are clear, they could be refined to more explicitly reflect the text’s focus— for example, rephrasing B to directly reference the link between enduring curiosity and overcoming hardship. Finally, the explanation is clear in stating why B is correct but could be improved by citing specific textual evidence and contrasting how exactly the distractors fail to capture the main idea. These revisions would help in aligning the question perfectly with SAT standards, moving it closer to a rating of 10 in both design and explanation.","{""skill"": ""Main Idea"", ""difficulty"": ""Medium"", ""question"": ""In the context of the passage, the children in the workhouse face significant hardships. Despite these challenges, they exhibit resilience, particularly through their curiosity about the outside world. What is the primary purpose of this excerpt?"", ""choices"": [""A. It describes the architectural details and features of the workhouse."", ""B. It illustrates the impact of harsh conditions on fostering the boys’ yearning for knowledge and exploration."", ""C. It analyzes the disparities between the privileges of the wealthy and the destitute."", ""D. It portrays the outright neglect and abuse within the institution of the workhouse.""], ""answer"": ""B"", ""explanation"": ""The passage focuses on how the boys' inquisitive nature perseveres despite the adversities they face within the workhouse—a testament to their resilience. Choice 'B' accurately captures this central theme, while other options, like 'A' and 'C', touch on peripheral aspects or misinterpret the main idea altogether.""}"
2025-03-11 08:39:08,"{""skill"": ""Inferences"", ""difficulty"": ""Hard"", ""question"": ""The following excerpt is adapted from Jane Austen’s novel *Pride and Prejudice* (1813):\\n\\n“Elizabeth Bennet is known for her *astute* observations, often challenging the social conventions of her time. In one memorable exchange, she pointedly questions Mr. Darcy about his previous reluctance to dance, demonstrating her readiness to question _unspoken_ assumptions. With her wit and intelligence, she interprets subtle social cues that others tend to overlook.”\\n\\nWhich inference about Elizabeth Bennet is best supported by the passage?"", ""choices"": [""A) She generally disregards the feelings of those around her."", ""B) She follows every established tradition without question."", ""C) She notices nuances in situations and responds insightfully."", ""D) She avoids any setting that involves lively conversation.""], ""answer"": ""C"", ""explanation"": ""The passage highlights Elizabeth’s curiosity about Darcy’s behavior and her notable ability to observe social nuances. Because she questions him directly about his initial hesitation to dance, we infer she is perceptive and not afraid to confront others’ unspoken behaviors. By contrast, the incorrect choices overstate her reaction (A), contradict the open-minded nature described (B), or ignore her inclination to engage in conversation (D).""}",Inferences,Hard,"The following excerpt is adapted from Jane Austen’s novel *Pride and Prejudice* (1813):\n\n“Elizabeth Bennet is known for her *astute* observations, often challenging the social conventions of her time. In one memorable exchange, she pointedly questions Mr. Darcy about his previous reluctance to dance, demonstrating her readiness to question _unspoken_ assumptions. With her wit and intelligence, she interprets subtle social cues that others tend to overlook.”\n\nWhich inference about Elizabeth Bennet is best supported by the passage?","A) She generally disregards the feelings of those around her.
B) She follows every established tradition without question.
C) She notices nuances in situations and responds insightfully.
D) She avoids any setting that involves lively conversation.",C,"The passage highlights Elizabeth’s curiosity about Darcy’s behavior and her notable ability to observe social nuances. Because she questions him directly about his initial hesitation to dance, we infer she is perceptive and not afraid to confront others’ unspoken behaviors. By contrast, the incorrect choices overstate her reaction (A), contradict the open-minded nature described (B), or ignore her inclination to engage in conversation (D).","Overall, the question is clear, well formatted, and ties its answer choices directly to evidence in the provided excerpt. The passage is included, there is one correct answer with three clearly incorrect distractors, and the explanation neatly outlines why C is correct while explaining why the other choices do not work.

However, because the question is labeled as Hard, it currently falls short of Hard‐difficulty standards. Hard-difficulty Inferences questions should require multi-step reasoning and include more sophisticated, subtle distractors or require students to reconcile nuanced details from multiple parts of the text. In this question the inference is almost directly stated by the use of terms like “astute” and “subtle social cues,” making the reasoning too immediate and the distractors too obviously off target.

To improve the question’s difficulty level while keeping its original focus, consider the following revisions:

1. Expand the excerpt with an additional sentence that introduces a subtle nuance or even a seeming contradiction. For example, modify the passage to read:
  
  ""The following excerpt is adapted from Jane Austen’s novel Pride and Prejudice (1813):  
    
  “Elizabeth Bennet is known for her *astute* observations, often challenging the social conventions of her time. In one memorable exchange, she pointedly questions Mr. Darcy about his previous reluctance to dance, demonstrating her readiness to question _unspoken_ assumptions. Yet, she tempers her outspokenness with a measured tact that ensures her critiques remain discreet.”  
    
  Given these complexities, which inference about Elizabeth Bennet’s character is best supported by the passage?""

2. Adjust the answer choices so that the distractors appear more plausible upon superficial reading. For instance, you might change them to:
  A) She habitually disregards the underlying feelings of others despite her keen observations.  
  B) She adheres strictly to societal norms, only questioning them when absolutely necessary.  
  C) She perceives subtle social nuances and strategically moderates her criticisms to challenge conventions without alienating others.  
  D) She is so absorbed in detecting social cues that she often misinterprets others’ intentions.

3. Update the explanation to reflect the multi-step reasoning required. For example:
  
  ""Choice C is correct because the passage emphasizes not only Elizabeth’s perceptiveness ('astute' observations and attention to subtle social cues) but also her deliberate restraint ('tempers her outspokenness with a measured tact'). This indicates that she both recognizes nuances in social dynamics and uses this insight to challenge conventions in a strategic manner.  
  Choice A incorrectly suggests that she is insensitive to others’ feelings, which contradicts the text’s implication of moderation. Choice B is inconsistent with the evidence that she actively questions social norms rather than following them blindly. Choice D misrepresents her ability by suggesting a propensity for misinterpretation, whereas the passage supports her skillful discernment.""

These changes will require students to synthesize information from multiple sentences and carefully weigh nuanced language—a true hallmark of Hard-difficulty questions.

In summary, while the original version meets many SAT standards, it needs these adjustments so that its complexity and distractor sophistication properly challenge high-performing students at the Hard level.","{""skill"": ""Inferences"", ""difficulty"": ""Hard"", ""question"": ""The following excerpt is adapted from Jane Austen’s novel *Pride and Prejudice* (1813):\\n\\n\""Elizabeth Bennet is known for her *astute* observations, often challenging the social conventions of her time. In one memorable exchange, she pointedly questions Mr. Darcy about his previous reluctance to dance, demonstrating her readiness to question *unspoken* assumptions. With her wit and intelligence, she interprets subtle social cues that others tend to overlook.\""\\n\\nWhat can be inferred about Elizabeth Bennet based on the passage?"", ""choices"": [""A) She generally disregards the feelings of those around her."", ""B) She follows every established tradition without question."", ""C) She notices nuances in situations and responds insightfully."", ""D) She avoids any setting that involves lively conversation.""], ""answer"": ""C"", ""explanation"": ""The passage highlights Elizabeth Bennet’s habit of making astute observations and challenging typical social norms, demonstrating her perceptive nature. Her ability to interpret subtle cues and willingness to question unspoken assumptions imply she is both observant and insightful. Option C captures these traits effectively. The other options either contradict her character traits or misinterpret her engagement in social settings.""}","The following excerpt is adapted from Jane Austen’s novel *Pride and Prejudice* (1813):\n\n""Elizabeth Bennet is known for her *astute* observations, often challenging the social conventions of her time. In one memorable exchange, she pointedly questions Mr. Darcy about his previous reluctance to dance, demonstrating her readiness to question *unspoken* assumptions. With her wit and intelligence, she interprets subtle social cues that others tend to overlook.""\n\nWhat can be inferred about Elizabeth Bennet based on the passage?","A) She generally disregards the feelings of those around her.
B) She follows every established tradition without question.
C) She notices nuances in situations and responds insightfully.
D) She avoids any setting that involves lively conversation.",C,"The passage highlights Elizabeth Bennet’s habit of making astute observations and challenging typical social norms, demonstrating her perceptive nature. Her ability to interpret subtle cues and willingness to question unspoken assumptions imply she is both observant and insightful. Option C captures these traits effectively. The other options either contradict her character traits or misinterpret her engagement in social settings.","I looked at the passage and saw some big words like 'astute' and 'unspoken assumptions' that made me a bit confused. I wasn’t sure what exactly was being implied about Elizabeth. At first, I thought maybe she was mean or avoided social events, so I got tempted by option D or A. After re-reading and trying to remember that 'astute' means noticing the little details others might miss, I finally settled on option C, even though I had to double-check what the question was really asking.","I read the excerpt carefully and noted that key phrases like ""astute observations"", ""challenging the social conventions"", and ""interprets subtle social cues"" point to Elizabeth's ability to pick up subtle details and respond insightfully. By eliminating answers that don't match these qualities (A and B clearly contradict this portrayal, and D introduces an idea unsupported by the text), I confidently selected option C.",8,8,"The question is well-designed and aligns well with SAT inference questions. It uses a familiar literary excerpt adapted from a classic text, providing a realistic context for inference. The answer choices are plausible and one stands out as clearly supported by the passage, making the correct answer justifiable. The explanation succinctly walks through why Elizabeth's characteristics support option C while dismissing the other choices. However, a minor improvement would be to clarify somewhat challenging vocabulary (such as 'astute' and 'unspoken assumptions') for lower-level students, perhaps by subtly emphasizing these terms in the passage to guide their inferences. Additionally, expanding the explanation with direct references to the text could help less proficient students understand the elimination process even better. Overall, with these small refinements, the question is solid and appropriate for public SAT practice.","{""skill"": ""Inferences"", ""difficulty"": ""Hard"", ""question"": ""The following excerpt is adapted from Jane Austen’s novel *Pride and Prejudice* (1813):\n\n\""Elizabeth Bennet is known for her *astute* observations, often challenging the social conventions of her time. In one memorable exchange, she pointedly questions Mr. Darcy about his previous reluctance to dance, demonstrating her readiness to question *unspoken* assumptions. With her wit and intelligence, she interprets subtle social cues that others tend to overlook.\""\n\nWhat can be inferred about Elizabeth Bennet based on the passage?"", ""choices"": [""A) She generally disregards the feelings of those around her."", ""B) She follows every established tradition without question."", ""C) She notices nuances in situations and responds insightfully."", ""D) She avoids any setting that involves lively conversation.""], ""answer"": ""C"", ""explanation"": ""The passage highlights Elizabeth Bennet’s habit of making astute observations and challenging typical social norms, demonstrating her perceptive nature. Her ability to interpret subtle cues and willingness to question unspoken assumptions imply she is both observant and insightful. Option C captures these traits effectively. The other options either contradict her character traits or misinterpret her engagement in social settings.""}"
2025-03-11 08:40:37,"{""skill"": ""Inferences"", ""difficulty"": ""Hard"", ""question"": ""The following passage is adapted from Charles Dickens’s novel *A Tale of Two Cities* (1859), which portrays events surrounding the French Revolution. In this excerpt, Dickens describes a scene in which a small group of hungry peasants watch an aristocrat’s carriage pass by them at tremendous speed, ignoring their plight.\n\nWhich inference about the aristocrat’s attitude toward the peasants is best supported by the description of the scene?"", ""choices"": [""A. He is oblivious to the peasants’ poverty because he believes it is exaggerated."", ""B. He is fearful of interacting with the peasants, believing they might pose a threat."", ""C. He is indifferent to the peasants’ suffering, as evidenced by his careless rush past them."", ""D. He is unsure how to approach the peasants, so he remains distant to avoid conflict.""], ""answer"": ""C"", ""explanation"": ""Because the aristocrat speeds by without acknowledging the peasants’ suffering, we can infer that he pays little attention to their desperate situation. An expert reader would note the juxtaposition of his wealth and haste against their hunger, clearly suggesting indifference rather than fear or misunderstanding.""}",Inferences,Hard,"The following passage is adapted from Charles Dickens’s novel *A Tale of Two Cities* (1859), which portrays events surrounding the French Revolution. In this excerpt, Dickens describes a scene in which a small group of hungry peasants watch an aristocrat’s carriage pass by them at tremendous speed, ignoring their plight.

Which inference about the aristocrat’s attitude toward the peasants is best supported by the description of the scene?","A. He is oblivious to the peasants’ poverty because he believes it is exaggerated.
B. He is fearful of interacting with the peasants, believing they might pose a threat.
C. He is indifferent to the peasants’ suffering, as evidenced by his careless rush past them.
D. He is unsure how to approach the peasants, so he remains distant to avoid conflict.",C,"Because the aristocrat speeds by without acknowledging the peasants’ suffering, we can infer that he pays little attention to their desperate situation. An expert reader would note the juxtaposition of his wealth and haste against their hunger, clearly suggesting indifference rather than fear or misunderstanding.","The question is generally well constructed: it provides a brief excerpt (with context that it’s adapted from A Tale of Two Cities), a clear task (“Which inference about the aristocrat’s attitude toward the peasants is best supported…”), four answer choices with one clearly correct answer (C), and an explanation that ties the correct choice back to the evidence in the passage. The explanation also briefly notes why the evidence supports indifference rather than fear or uncertainty.

However, to meet the highest standards for a Hard-difficulty Inferences question, consider the following improvements:

1. Depth of Reasoning and Complexity of Passage:
 • The current excerpt describes the scene in a straightforward way (“a small group of hungry peasants watch an aristocrat’s carriage pass by them at tremendous speed, ignoring their plight”), which directly cues the inference of indifference. A Hard version should require multi-step reasoning. 
 • To add nuance, include an additional detail that forces students to synthesize more information. For example, add a sentence such as:
  ""Moreover, his aloof expression and the rapid, unvarying motion of the carriage underscored a detachment that extended beyond mere haste.""
 • This extra detail would compel students to infer not only that he is indifferent but also that his demeanor reflects a deeper, perhaps even condescending, disregard for the peasants.

2. Refinement of the Prompt Question:
 • Instead of “Which inference about the aristocrat’s attitude toward the peasants is best supported by the description of the scene?”, you might consider wording that emphasizes synthesizing multiple clues. For example:
  ""Based on both the rapid pace of his carriage and the absence of any acknowledgment of the suffering peasants, which inference best captures the aristocrat’s underlying attitude?""
 • This slight rephrasing nudges students to connect more than one piece of descriptive evidence.

3. Explanation Enhancements:
 • While your explanation correctly identifies the key evidence (“speeds by without acknowledging the peasants’ suffering”), it would benefit from explicitly explaining why each incorrect option fails. For example, you might add:
  ""Option A is incorrect because the passage does not indicate that the aristocrat draws conclusions about the peasants’ poverty; rather, it shows him actively disregarding them. Option B misinterprets his speed as fear, yet the description offers no suggestion of anxiety. Option D implies uncertainty, which does not align with the decisive action of his rapid departure. Thus, his action most clearly signals indifference.""
 • This expansion more fully models the logical elimination process expected at Hard difficulty.

Overall, the question meets many of the formal guidelines—it has a clear context, sufficient evidence, one correct answer with three distractors, an explanation that connects the evidence to the answer, and proper formatting—but it would be elevated by incorporating an extra layer of descriptive detail and more explicit multi-step reasoning in both the prompt and explanation.

Suggested revision (JSON format):

{
  ""skill"": ""Inferences"",
  ""difficulty"": ""Hard"",
  ""question"": ""The following passage is adapted from Charles Dickens’s novel *A Tale of Two Cities* (1859), which portrays events surrounding the French Revolution. In this excerpt, Dickens describes a scene in which a small group of hungry peasants watches an aristocrat’s carriage speed past. In addition to his rapid movement, his aloof expression and unvarying pace underscore a detachment that extends beyond mere haste.\n\nBased on these details, which inference best captures the underlying attitude the aristocrat holds toward the peasants?"",
  ""choices"": [
    ""A. He is oblivious to the peasants’ poverty because he believes their hardships are exaggerated."",
    ""B. He is fearful of interacting with the peasants, suspecting they might be dangerous."",
    ""C. He is indifferent to the peasants’ suffering, as evidenced by his brisk and unsympathetic passage."",
    ""D. He is uncertain how to engage with the peasants, so he deliberately avoids any contact.""
  ],
  ""answer"": ""C"",
  ""explanation"": ""Option C is correct because the passage details both the aristocrat’s rapid departure and his detached demeanor, which imply a deliberate disregard for the suffering peasants. The text does not suggest that he questions the validity of their poverty (ruling out A), nor does it hint at fear (ruling out B) or uncertainty (ruling out D). Instead, his consistent, unsympathetic pace points to an indifference that encapsulates his attitude.""
}

These revisions ensure the question demands a more complex, multi-step analysis appropriate for Hard difficulty while remaining clear and aligned with SAT-style inferences.","{""skill"": ""Inferences"", ""difficulty"": ""Hard"", ""question"": ""The passage below is adapted from the novel *A Tale of Two Cities* by Charles Dickens (1859), depicting scenes from the period leading up to the French Revolution. A group of poorly fed peasants stands by the roadside while a carriage driven by an aristocrat hurtles past.\n\nBased on this scene, which inference about the aristocrat’s disposition is most supported by the details provided in the excerpt?"", ""choices"": [""A. He finds the peasants’ situation irrelevant compared to his own affairs."", ""B. He assumes the peasants are beneath his notice, showing a dismissive attitude."", ""C. He shows indifference to the peasants' hardship by passing them without concern."", ""D. He is hesitant to engage with the peasants, possibly due to fear of unrest.""], ""answer"": ""C"", ""explanation"": ""The rapid passage of the aristocrat, without acknowledgment of the peasants' plight, emphasizes his indifference to their condition. This reaction, or lack thereof, reflects the contrast between his lavish lifestyle and the peasants' destitution, as described in the narrative's setting.""}","The passage below is adapted from the novel *A Tale of Two Cities* by Charles Dickens (1859), depicting scenes from the period leading up to the French Revolution. A group of poorly fed peasants stands by the roadside while a carriage driven by an aristocrat hurtles past.

Based on this scene, which inference about the aristocrat’s disposition is most supported by the details provided in the excerpt?","A. He finds the peasants’ situation irrelevant compared to his own affairs.
B. He assumes the peasants are beneath his notice, showing a dismissive attitude.
C. He shows indifference to the peasants' hardship by passing them without concern.
D. He is hesitant to engage with the peasants, possibly due to fear of unrest.",C,"The rapid passage of the aristocrat, without acknowledgment of the peasants' plight, emphasizes his indifference to their condition. This reaction, or lack thereof, reflects the contrast between his lavish lifestyle and the peasants' destitution, as described in the narrative's setting.","I read that there are starving peasants and an aristocrat in his carriage hurrying away. I kind of feel that he must not care about them because he’s in a hurry, so I lean toward the answer that says he shows no concern. But I also get a bit confused between answer B and C since both seem to imply he looks down on the peasants. I eventually pick C because it mentions simply not caring, which I think fits best with his fast movement. However, I’m not totally sure why not B, since saying he thinks they are beneath him sounds similar.","After reading the brief excerpt, I recognize that the passage’s main focus is the contrast between the suffering of the peasants and the swift passage of the aristocrat. I notice that the detail provided emphasizes the lack of any pause or display of empathy on his part. By closely comparing the answer choices, I quickly eliminate D (which implies hesitation due to fear) and A (which suggests he’s prioritizing his own affairs) because they introduce ideas not supported by the text. Although B implies a dismissive attitude, it attributes an active opinion about the peasants’ worth rather than simply showing a lack of concern. Therefore, I confidently select C, which accurately captures his indifference. This approach demonstrates careful inference using textual evidence.",7,6,"The question is well-intentioned and aligns with SAT inference skills by requiring students to draw conclusions from a brief, evocative scene. The answer choices are plausible, though B and C are very close in meaning, which may unnecessarily confuse students—particularly those who struggle with nuance. To improve, consider revising the wording of B and/or C to create a clearer distinction; for instance, B could be rephrased to indicate an overt condescension that isn’t directly supported by the text, or C could include language that more clearly mirrors the text’s focus on sheer indifference. The explanation is concise and correctly identifies that the aristocrat’s rapid passage implies indifference; however, it could be improved by more explicitly discussing why the other choices (especially B) are less supported. Enhancing the explanation with a step-by-step elimination of the distractors would help both high-level and low-level students understand the reasoning process fully. Overall, the question has potential, but small adjustments in phrasing and explanation depth would increase its clarity and effectiveness as SAT practice.","{""skill"": ""Inferences"", ""difficulty"": ""Hard"", ""question"": ""The following passage is adapted from the novel *A Tale of Two Cities* by Charles Dickens (1859), portraying a scene leading up to the French Revolution.\n\nA carriage driven by an aristocrat races past a group of destitute peasants on the roadside. Based on the details provided in this scene, what inference can most reasonably be drawn about the aristocrat’s attitude?"", ""choices"": [""A. He believes the peasants' struggles are insignificant compared to his own priorities."", ""B. He regards the peasants with a mindset of inherent superiority, expressing a dismissive view."", ""C. He demonstrates apathy toward the peasants' plight, as shown by his uninterested passage by them."", ""D. He avoids engaging with the peasants out of fear of their potential agitation.""], ""answer"": ""C"", ""explanation"": ""The aristocrat's rapid crossing past the peasants indicates a lack of interest or concern for their poor state, suggesting his indifference. Choice A implies a comparison not directly stated in the text, while B suggests a dismissiveness that is beyond what's explicitly inferred. D posits a motivation of fear, which again is unsupported by the description in the excerpt. Therefore, C is the most justified answer since it directly reflects the inference drawn about apathy from the provided scene.""}"
2025-03-11 08:43:30,"{""skill"": ""Inferences"", ""difficulty"": ""Medium"", ""question"": ""The following passage is adapted from Sir Walter Scott’s 1819 novel *Ivanhoe*, a work in the public domain. In the scene, a knight arrives at the tournament grounds and calmly prepares himself for the competition despite the onlookers’ excitement. His visor is raised, revealing an unwavering expression, and his demeanor suggests neither fear nor arrogance.\n\nWhich inference about the knight’s behavior is best supported by the passage?"", ""choices"": [""A. He is eager to reveal his true identity to the onlookers."", ""B. He is anxious about the possibility of facing a formidable opponent."", ""C. He is steady in his resolve and unaffected by external pressures."", ""D. He is dismissive of the tournament’s importance and wishes to leave early.""], ""answer"": ""C"", ""explanation"": ""In the passage, the knight is portrayed as calm and composed, an indication of sureness in his abilities. From a close reading, the absence of overt fear or arrogance, combined with his steady posture, suggests that he is neither tense nor dismissive, but rather sure of himself. By eliminating the choices that imply impatience or apprehension, the most reasonable inference is that he is resolute and not swayed by the crowd’s reactions.""}",Inferences,Medium,"The following passage is adapted from Sir Walter Scott’s 1819 novel *Ivanhoe*, a work in the public domain. In the scene, a knight arrives at the tournament grounds and calmly prepares himself for the competition despite the onlookers’ excitement. His visor is raised, revealing an unwavering expression, and his demeanor suggests neither fear nor arrogance.

Which inference about the knight’s behavior is best supported by the passage?","A. He is eager to reveal his true identity to the onlookers.
B. He is anxious about the possibility of facing a formidable opponent.
C. He is steady in his resolve and unaffected by external pressures.
D. He is dismissive of the tournament’s importance and wishes to leave early.",C,"In the passage, the knight is portrayed as calm and composed, an indication of sureness in his abilities. From a close reading, the absence of overt fear or arrogance, combined with his steady posture, suggests that he is neither tense nor dismissive, but rather sure of himself. By eliminating the choices that imply impatience or apprehension, the most reasonable inference is that he is resolute and not swayed by the crowd’s reactions.",Previous input perfect; don't change anything.,"{""skill"": ""Inferences"", ""difficulty"": ""Medium"", ""question"": ""The following passage is adapted from Sir Walter Scott’s 1819 novel *Ivanhoe*, a work in the public domain. In the scene, a knight arrives at the tournament grounds and calmly prepares himself for the competition despite the onlookers’ excitement. His visor is raised, revealing an unwavering expression, and his demeanor suggests neither fear nor arrogance.\n\nWhich inference about the knight’s behavior is best supported by the passage?"", ""choices"": [""A. He is eager to reveal his true identity to the onlookers."", ""B. He is anxious about the possibility of facing a formidable opponent."", ""C. He is steady in his resolve and unaffected by external pressures."", ""D. He is dismissive of the tournament’s importance and wishes to leave early.""], ""answer"": ""C"", ""explanation"": ""The passage describes the knight as calm, composed, and not overtly emotional, indicating a steady and confident demeanor. These traits suggest resolve rather than anxiety, impatience, or irreverence, making 'C' the best answer.""}","The following passage is adapted from Sir Walter Scott’s 1819 novel *Ivanhoe*, a work in the public domain. In the scene, a knight arrives at the tournament grounds and calmly prepares himself for the competition despite the onlookers’ excitement. His visor is raised, revealing an unwavering expression, and his demeanor suggests neither fear nor arrogance.

Which inference about the knight’s behavior is best supported by the passage?","A. He is eager to reveal his true identity to the onlookers.
B. He is anxious about the possibility of facing a formidable opponent.
C. He is steady in his resolve and unaffected by external pressures.
D. He is dismissive of the tournament’s importance and wishes to leave early.",C,"The passage describes the knight as calm, composed, and not overtly emotional, indicating a steady and confident demeanor. These traits suggest resolve rather than anxiety, impatience, or irreverence, making 'C' the best answer.","I read the passage and saw the knight wasn’t freaking out even though everyone was excited. At first I wasn’t sure if he was hiding something or was nervous, but then I realized he was just too calm to be scared. I got confused a bit between thinking he might be anxious (option B) or just steady (option C), but since nothing showed he was worried, I finally picked C because it says he’s steady and not bothered by what’s going on.","I read the passage carefully and immediately noticed that Sir Walter Scott’s description of the knight centers on his calm and composed demeanor. The phrase 'calmly prepares himself' along with the precise language that he shows neither fear nor arrogance indicates that he is steadfast and untroubled by the excitement around him. By weighing each option, I confirmed that option C—asserting that he is steady in his resolve and unaffected by external pressures—is best supported. I also ruled out the other choices because they introduce ideas (eagerness to reveal identity, anxiety about opponents, or dismissiveness) that aren’t evidenced in the text.",8,8,"The question is clearly written and aligned with SAT standards; it gives students the necessary context with a brief adaptation from a classic text and frames the task as a classical inference question. The answer choices are plausible distractors, though some could be seen as a bit too obviously incorrect. For instance, option A and D are easier to dismiss, whereas option B serves as a more thought-provoking distractor. To elevate the difficulty without compromising clarity, consider refining distractors to make them subtly less outlandish. The explanation is concise and effectively connects the knight’s described behavior with the correct answer, but it could be improved by explicitly discussing why each incorrect choice fails to capture the passage’s depiction. Overall, both the question and explanation are strong candidates for SAT practice with minor adjustments to enhance depth and challenge.","{""skill"": ""Inferences"", ""difficulty"": ""Medium"", ""question"": ""The following passage is adapted from Sir Walter Scott’s 1819 novel *Ivanhoe*, a work in the public domain. In this scene, a knight arrives at the tournament grounds and calmly prepares himself for the competition despite the onlookers' excitement. His visor is raised, revealing an unwavering expression, and his demeanor suggests neither fear nor arrogance.\n\nWhich inference about the knight's behavior is best supported by the passage?"", ""choices"": [""A. He is eager to reveal his true identity to the onlookers."", ""B. He is concerned about the outcome of the tournament."", ""C. He is composed and focused, demonstrating steady determination."", ""D. He is indifferent to the tournament's proceedings.""], ""answer"": ""C"", ""explanation"": ""The description of the knight's calm and unwavering demeanor, along with his lack of fear or arrogance, strongly supports the inference that he is composed and focused, showing steady determination (choice C). Choices A, B, and D are not as well-supported: the passage does not suggest a desire to reveal his identity (choice A), concern about the tournament's outcome (choice B), or indifference to the tournament (choice D).""}"
2025-03-11 08:44:34,"{""skill"": ""Inferences"", ""difficulty"": ""Medium"", ""question"": ""In Charles Dickens’s novel *Great Expectations* (1861), the young narrator, Pip, describes how he learned about his parents solely by reading their tombstones. He imagines their features based on the shapes of letters on the stones, revealing more about his own thoughts than about his parents.\\\n\\\nWhich inference about Pip is best supported by the description?"", ""choices"": [""A. He is deeply bitter about losing his parents."", ""B. He demonstrates a creative tendency by interpreting minimal clues about them."", ""C. He vividly recalls details about his parents from memory."", ""D. He refuses to discuss any aspect of his parents with others.""], ""answer"": ""B"", ""explanation"": ""Pip has few facts about his parents and gathers information from their tombstones, suggesting he imagines or invents details.\\\n\\\n• He bases his impressions on the shapes of letters on the gravestones, which indicates resourcefulness and creativity rather than detailed memory or bitterness.\\\n• Because his descriptions are largely guesswork, it is logical to infer he is inventive rather than well-informed.\\\n• Answer choice B is correct because it reflects Pip’s imaginative approach in interpreting minimal evidence about his parents.""}",Inferences,Medium,"In Charles Dickens’s novel *Great Expectations* (1861), the young narrator, Pip, describes how he learned about his parents solely by reading their tombstones. He imagines their features based on the shapes of letters on the stones, revealing more about his own thoughts than about his parents.\
\
Which inference about Pip is best supported by the description?","A. He is deeply bitter about losing his parents.
B. He demonstrates a creative tendency by interpreting minimal clues about them.
C. He vividly recalls details about his parents from memory.
D. He refuses to discuss any aspect of his parents with others.",B,"Pip has few facts about his parents and gathers information from their tombstones, suggesting he imagines or invents details.\
\
• He bases his impressions on the shapes of letters on the gravestones, which indicates resourcefulness and creativity rather than detailed memory or bitterness.\
• Because his descriptions are largely guesswork, it is logical to infer he is inventive rather than well-informed.\
• Answer choice B is correct because it reflects Pip’s imaginative approach in interpreting minimal evidence about his parents.",Previous input perfect; don't change anything.,"{""skill"": ""Inferences"", ""difficulty"": ""Medium"", ""question"": ""In Charles Dickens’s novel *Great Expectations* (1861), the young narrator, Pip, describes how he learned about his parents solely by reading their tombstones. He imagines their features based on the shapes of letters on the stones, revealing more about his own thoughts than about his parents. \n\nWhich inference about Pip is best supported by the description?"", ""choices"": [""A. He is deeply bitter about losing his parents."", ""B. He demonstrates a creative tendency by interpreting minimal clues about them."", ""C. He vividly recalls details about his parents from memory."", ""D. He refuses to discuss any aspect of his parents with others.""], ""answer"": ""B"", ""explanation"": ""The description indicates that Pip forms his impressions of his parents from the shapes of letters on their gravestones, as he lacks firsthand knowledge about them. This behavior suggests an imaginative and creative approach to making sense of his limited information about his parents. \n\n- *Bitterness* is not evident in the description, making option A unlikely.\n- Option C is incorrect as Pip's understanding comes from his interpretation of gravestones, not memory.\n- Option D is unsupported because there is no information about Pip discussing or refusing to discuss his parents.\n\nThus, option B is correct as it highlights Pip's creativity in forming speculative ideas about his parents.""}","In Charles Dickens’s novel *Great Expectations* (1861), the young narrator, Pip, describes how he learned about his parents solely by reading their tombstones. He imagines their features based on the shapes of letters on the stones, revealing more about his own thoughts than about his parents. 

Which inference about Pip is best supported by the description?","A. He is deeply bitter about losing his parents.
B. He demonstrates a creative tendency by interpreting minimal clues about them.
C. He vividly recalls details about his parents from memory.
D. He refuses to discuss any aspect of his parents with others.",B,"The description indicates that Pip forms his impressions of his parents from the shapes of letters on their gravestones, as he lacks firsthand knowledge about them. This behavior suggests an imaginative and creative approach to making sense of his limited information about his parents. 

- *Bitterness* is not evident in the description, making option A unlikely.
- Option C is incorrect as Pip's understanding comes from his interpretation of gravestones, not memory.
- Option D is unsupported because there is no information about Pip discussing or refusing to discuss his parents.

Thus, option B is correct as it highlights Pip's creativity in forming speculative ideas about his parents.","I read the description and got a bit confused at first. I wasn’t sure if Pip was sad or just making things up in his head. One option talked about him being creative, which kind of made sense since he was looking at tombstones and trying to figure things out. I wasn’t sure what the others meant exactly, but I ended up picking B because it seemed like he was using his imagination to guess what his parents were like.","Reading the passage, I notice that Dickens isn’t focusing on Pip’s emotional pain or suppressed memories but rather on how he invents details from mere shapes. The line ‘revealing more about his own thoughts than about his parents’ highlights his imaginative process. Option B clearly captures this inventive tendency. I quickly ruled out the other choices because none supported the idea that Pip is creatively inferring his parents’ features.",9,9,"The question is well-designed and aligns with SAT standards. It provides a clear excerpt from Great Expectations and asks students to make an inference—a common task on the SAT. The answer choices are plausible distractors that require students to think carefully about what is supported by the text. The explanation is thorough, confident, and clearly rules out the incorrect options while detailing why option B is correct. One suggestion for further improvement would be to consider adding a slightly more explicit link in the question stem between the description and the inference regarding Pip’s imaginative qualities, which could help students who might be unfamiliar with Dickens’ style. Overall, both the question and explanation are strong and ready for use with minor polishing.","{""skill"": ""Inferences"", ""difficulty"": ""Medium"", ""question"": ""In Charles Dickens’s novel *Great Expectations* (1861), the young narrator, Pip, describes how he learned about his parents solely by reading their tombstones. He imagines their features based on the shapes of letters on the stones, revealing more about his own imaginative tendencies than about his parents.\n\nWhich inference about Pip is best supported by this description?"", ""choices"": [""A. He is deeply bitter about losing his parents."", ""B. He demonstrates a creative tendency by interpreting minimal clues about them."", ""C. He vividly recalls details about his parents from memory."", ""D. He refuses to discuss any aspect of his parents with others.""], ""answer"": ""B"", ""explanation"": ""The description suggests that Pip uses the shapes of letters on the tombstones to imagine what his parents were like. This reveals a creative and imaginative quality, as he forms ideas based on minimal clues. \n\n- Option A, indicating bitterness, is not supported, as the description doesn't convey any emotional bitterness towards the loss of his parents.\n- Option C, vivid recall, is incorrect as Pip does not have memories of his parents; his perceptions are shaped solely by his imagination applied to external clues.\n- Option D, refusal to discuss, is unsupported. There is no indication about Pip's willingness or unwillingness to discuss his parents.\n\nThus, option B is correct as it accurately reflects the imaginative approach Pip takes while interpreting the limited information available to him about his parents.""}"
2025-03-11 08:45:52,"{""skill"": ""Inferences"", ""difficulty"": ""Medium"", ""question"": ""In the following excerpt from the novel *Oliver Twist* by Charles Dickens, first published in 1838, the narrator describes the conditions of Oliver and his companions in the workhouse:\\n\\n\""Oliver and his companions suffered the tortures of slow starvation for three months: at last they got so voracious and wild with hunger, that one boy, who was tall for his age, and hadn’t been used to that sort of thing (for his father had kept a small cook-shop), hinted darkly to his companions, that unless he had another basin of gruel per diem, he was afraid he might some night eat the boy who slept next to him.\""\\n\\nWhich conclusion is best supported by this passage?"", ""choices"": [""A. The workhouse officials are eager to provide extra food for the children"", ""B. Oliver and his friends challenge the strict rules only to amuse themselves"", ""C. The children experience extreme hunger that drives them to desperate thoughts"", ""D. The boy from the cook-shop is the only one truly suffering from the workhouse conditions""], ""answer"": ""C"", ""explanation"": ""The passage notes that Oliver and his fellow orphans endure near-starvation over an extended period, causing them to become ravenous. The statement that a tall boy even contemplates doing something drastic to get more food implies the children are overwhelmingly hungry. This is best captured by option C, which directly addresses the children’s desperate hunger. The other choices either contradict details from the excerpt or overstate the scenario (such as implying that officials willingly provide extra food).""}",Inferences,Medium,"In the following excerpt from the novel *Oliver Twist* by Charles Dickens, first published in 1838, the narrator describes the conditions of Oliver and his companions in the workhouse:\n\n""Oliver and his companions suffered the tortures of slow starvation for three months: at last they got so voracious and wild with hunger, that one boy, who was tall for his age, and hadn’t been used to that sort of thing (for his father had kept a small cook-shop), hinted darkly to his companions, that unless he had another basin of gruel per diem, he was afraid he might some night eat the boy who slept next to him.""\n\nWhich conclusion is best supported by this passage?","A. The workhouse officials are eager to provide extra food for the children
B. Oliver and his friends challenge the strict rules only to amuse themselves
C. The children experience extreme hunger that drives them to desperate thoughts
D. The boy from the cook-shop is the only one truly suffering from the workhouse conditions",C,"The passage notes that Oliver and his fellow orphans endure near-starvation over an extended period, causing them to become ravenous. The statement that a tall boy even contemplates doing something drastic to get more food implies the children are overwhelmingly hungry. This is best captured by option C, which directly addresses the children’s desperate hunger. The other choices either contradict details from the excerpt or overstate the scenario (such as implying that officials willingly provide extra food).",Previous input perfect; don't change anything.,"{""skill"": ""Inferences"", ""difficulty"": ""Medium"", ""question"": ""In the following excerpt from Charles Dickens' novel *Oliver Twist*, first published in 1838, the narrator details the plight of Oliver and the other children in the workhouse and their response to the meager food conditions:\\n\\n\\\""Oliver and his companions suffered the tortures of slow starvation for three months: at last they got so voracious and wild with hunger, that one boy, who was tall for his age, and hadn’t been used to that sort of thing (for his father had kept a small cook-shop), hinted darkly to his companions, that unless he had another basin of gruel per diem, he was afraid he might some night eat the boy who slept next to him.\\\""\\n\\nWhat conclusion about the situation in the workhouse is most supported by this passage?"", ""choices"": [""A. The workhouse officials are eager to provide extra food for the children"", ""B. Oliver and his friends challenge the strict rules only to amuse themselves"", ""C. The children experience extreme hunger that drives them to desperate thoughts"", ""D. The boy from the cook-shop is the only one truly suffering from the workhouse conditions""], ""answer"": ""C"", ""explanation"": ""The extreme hunger indicated in the passage, shown through language like \\\""tortures of slow starvation\\\"" and the drastic and dark suggestion made by one of the boys, supports that the children are affected by extreme hunger driving them to desperate thoughts. This aligns best with option C. Reviewing the other choices: option A is contrary to the text as officials are not keen on helping, option B misrepresents the nature of their actions, and option D incorrectly singles out one boy when the narrative states all the children suffered.""}","In the following excerpt from Charles Dickens' novel *Oliver Twist*, first published in 1838, the narrator details the plight of Oliver and the other children in the workhouse and their response to the meager food conditions:\n\n\""Oliver and his companions suffered the tortures of slow starvation for three months: at last they got so voracious and wild with hunger, that one boy, who was tall for his age, and hadn’t been used to that sort of thing (for his father had kept a small cook-shop), hinted darkly to his companions, that unless he had another basin of gruel per diem, he was afraid he might some night eat the boy who slept next to him.\""\n\nWhat conclusion about the situation in the workhouse is most supported by this passage?","A. The workhouse officials are eager to provide extra food for the children
B. Oliver and his friends challenge the strict rules only to amuse themselves
C. The children experience extreme hunger that drives them to desperate thoughts
D. The boy from the cook-shop is the only one truly suffering from the workhouse conditions",C,"The extreme hunger indicated in the passage, shown through language like \""tortures of slow starvation\"" and the drastic and dark suggestion made by one of the boys, supports that the children are affected by extreme hunger driving them to desperate thoughts. This aligns best with option C. Reviewing the other choices: option A is contrary to the text as officials are not keen on helping, option B misrepresents the nature of their actions, and option D incorrectly singles out one boy when the narrative states all the children suffered.","I read the passage and saw that the kids are really hungry. The part where the boy jokes about eating the friend shows that they are desperate. Even though some choices sound tricky, I think the answer is C because it directly says the children are so hungry it makes them think crazy things. The other choices don’t make sense based on what I read.","Reading the passage, I notice that Dickens uses phrases like “tortures of slow starvation” and recounts how one boy warned he might resort to cannibalism if he didn’t receive more food. These details clearly indicate that the children are suffering from extreme hunger that drives them to desperate thoughts. I quickly eliminate the options that mention officials being eager (A), claims about rule‐challenging for fun (B), or singling out one boy’s suffering (D). Option C is the only one that fits both the tone and detail of the passage perfectly.",8,8,"The question is clearly written, features a well-chosen excerpt, and aligns nicely with SAT standards for inference questions. The passage provides sufficient context, and the answer choices are plausible distractors, though some (like A and B) are rather obviously incorrect. This makes the decision process straightforward, which is acceptable for a medium-level question but might be improved by refining the distractors to be slightly less obviously far-fetched. The explanation is concise and directly ties evidence from the passage to the correct answer, while briefly dismissing the alternatives. However, it could be enhanced by providing a bit more detail on how each distractor fails to align with the text. Overall, both the question and explanation are good candidates for public release, with slight improvements recommended to maximize challenge and instructional clarity.","{""skill"": ""Inferences"", ""difficulty"": ""Medium"", ""question"": ""In the following excerpt from Charles Dickens' novel *Oliver Twist*, first published in 1838, the narrator details the plight of Oliver and the other children in the workhouse, focusing on their suffering due to insufficient food:\\n\\n\\\""Oliver and his companions suffered the tortures of slow starvation for three months: at last they got so voracious and wild with hunger, that one boy, who was tall for his age, and hadn’t been used to that sort of thing (for his father had kept a small cook-shop), hinted darkly to his companions, that unless he had another basin of gruel per diem, he was afraid he might some night eat the boy who slept next to him.\\\""\\n\\nWhat conclusion about the situation in the workhouse is most supported by this passage?"", ""choices"": [""A. The workhouse officials demonstrate concern for the children's welfare, particularly regarding food."", ""B. This humorously exaggerated description illustrates the children's defiance and cunning nature."", ""C. The children's hunger is severe enough that it incites unsettling and desperate thoughts."", ""D. Only the boy who used to live in a cook-shop is unaccustomed to hunger and thus suffers the most.""], ""answer"": ""C"", ""explanation"": ""The excerpt clearly conveys the children's extreme hunger and its psychological toll. The vivid phrasing, such as *tortures of slow starvation* and a dark hint of cannibalism, underscores the severity of their conditions. Option C correctly identifies this desperation caused by hunger as the focal point. Options A and D are incorrect as they misconstrue the adults' (officials') lack of action and suffering being collective rather than singular. Option B mislabels the passage's tone as humorous rather than serious.""}"
2025-03-11 08:58:20,"{""skill"": ""Inferences"", ""difficulty"": ""Hard"", ""question"": ""In Charles Dickens’s *Great Expectations*, the narrator, Pip, reflects: “I was so humiliated that I could not endure the thought of being seen by anyone; no phrase of words could do justice to my shabby clothing.”\n\nWhich inference about Pip’s perspective is best supported by the text?"", ""choices"": [""A. He feels a growing admiration for his humble background."", ""B. He is ashamed of his social status and appearance."", ""C. He blames others for his lack of opportunities."", ""D. He is determined to reject any sort of financial help.""], ""answer"": ""B"", ""explanation"": ""Since Pip focuses on his humiliation and shabby appearance, one can infer that he is keenly aware of social distinctions and feels self-conscious about his lower status. Answer choice B captures the idea that his shame stems from his humble condition. In contrast, the other choices suggest attitudes (admiration, blame, or self-reliance) not clearly supported by the passage. By closely analyzing the narrator’s words and how he views himself, we conclude that his embarrassment and discomfort point to a deeper sense of regret about his social standing.""}",Inferences,Hard,"In Charles Dickens’s *Great Expectations*, the narrator, Pip, reflects: “I was so humiliated that I could not endure the thought of being seen by anyone; no phrase of words could do justice to my shabby clothing.”

Which inference about Pip’s perspective is best supported by the text?","A. He feels a growing admiration for his humble background.
B. He is ashamed of his social status and appearance.
C. He blames others for his lack of opportunities.
D. He is determined to reject any sort of financial help.",B,"Since Pip focuses on his humiliation and shabby appearance, one can infer that he is keenly aware of social distinctions and feels self-conscious about his lower status. Answer choice B captures the idea that his shame stems from his humble condition. In contrast, the other choices suggest attitudes (admiration, blame, or self-reliance) not clearly supported by the passage. By closely analyzing the narrator’s words and how he views himself, we conclude that his embarrassment and discomfort point to a deeper sense of regret about his social standing.","Overall, the question is clear, well formatted, and its explanation appropriately shows why answer B is correct. However, it falls short of the Hard-difficulty guidelines in two key areas:

1. Complexity of the Passage and Reasoning Requirement:
 • The excerpt is brief and offers only a direct cue (Pip’s humiliation over his shabby clothing), which allows for a fairly immediate inference. Hard-difficulty questions should require multi-step reasoning and a deeper synthesis of ideas. To elevate the difficulty, consider expanding the passage to include additional context—for example, a follow-up sentence that hints at Pip’s internal conflict about societal expectations or reveals a subtle contradiction in his beliefs. 
 • Suggested revision:  
  ""In Charles Dickens’s *Great Expectations*, the narrator, Pip, reflects:  
  'I was so humiliated that I could not endure the thought of being seen by anyone; no phrase of words could do justice to my shabby clothing.'  
  Furthermore, he admits in a quieter moment that beneath his outward embarrassment, he harbored a conflicting desire to rise above his lowly origins—a longing that both tormented and motivated him.""  
  Then, update the question to read:  
  ""Which inference about Pip’s internal perspective is best supported by the text?""  
  This additional sentence forces students to integrate multiple details and consider subtle internal conflict rather than a straightforward reading.

2. Advanced Language and Sophisticated Distractors:
 • Hard questions should also employ more advanced language. For instance, option B could be reworded with more sophisticated vocabulary to deepen the nuance.  
 • Suggested change for option B:  
  Original: ""He is ashamed of his social status and appearance.""  
  Revised: ""He is profoundly self‐conscious and dismayed by his inferior social standing and unrefined appearance.""  
 • Likewise, consider revising the other choices to include language that mirrors this advanced tone, ensuring that they remain plausible yet subtly flawed upon deeper analysis.

In summary, while the question is structurally sound and its explanation is educational, modifying the passage and answer choices as suggested will better align the question with the Hard-difficulty criteria by requiring deeper, multi-step inferences and employing more complex vocabulary.","{""skill"": ""Inferences"", ""difficulty"": ""Hard"", ""question"": ""In Charles Dickens’s *Great Expectations*, the narrator, Pip, reflects: “I was so humiliated that I could not endure the thought of being seen by anyone; no phrase of words could do justice to my shabby clothing.”\n\nWhat does this passage suggest about how Pip views himself in this moment?"", ""choices"": [""A. He feels pride in overcoming his humble upbringing."", ""B. He is deeply self-conscious about his poor appearance."", ""C. He resents others who point out his humble background."", ""D. He considers seeking help to improve his status.""], ""answer"": ""B"", ""explanation"": ""In the quoted passage, Pip expresses feelings of humiliation and shame regarding his shabby clothing, indicating that he is acutely aware of how his appearance reflects his social status. This suggests that Pip feels self-conscious and uncomfortable about his humble condition. Thus, option B is the most accurate interpretation of his perspective. The other choices are misaligned, as there is no sign of pride, resentment towards others, or consideration of seeking help in the passage.""}","In Charles Dickens’s *Great Expectations*, the narrator, Pip, reflects: “I was so humiliated that I could not endure the thought of being seen by anyone; no phrase of words could do justice to my shabby clothing.”

What does this passage suggest about how Pip views himself in this moment?","A. He feels pride in overcoming his humble upbringing.
B. He is deeply self-conscious about his poor appearance.
C. He resents others who point out his humble background.
D. He considers seeking help to improve his status.",B,"In the quoted passage, Pip expresses feelings of humiliation and shame regarding his shabby clothing, indicating that he is acutely aware of how his appearance reflects his social status. This suggests that Pip feels self-conscious and uncomfortable about his humble condition. Thus, option B is the most accurate interpretation of his perspective. The other choices are misaligned, as there is no sign of pride, resentment towards others, or consideration of seeking help in the passage.","When I read the quote, I got that Pip felt really embarrassed about how he looked and didn’t want anyone to see him because of his old, messy clothes. Even though some options sounded like they might be about his background or wanting to change things, I kept thinking about his bad feelings. I figured out that he was mostly worried about his appearance, which made me pick B, even if I had a bit of a hard time comparing all the choices.","I immediately recognized that Pip’s feelings of humiliation and shame in the passage indicate he is deeply self-conscious about his appearance. By noting the use of the words 'humiliated' and 'shabby,' I concluded that the passage reflects a negative self-image. I quickly eliminated choices that mentioned pride, resentment, or seeking help—none of which align with the text’s tone. Therefore, option B clearly fits the evidence provided.",9,9,"This question is well-crafted; it presents a clear excerpt from Great Expectations and requires students to make a subtle inference about Pip's self-view. The answer choices are plausible distractors that force careful reading, ensuring that both high-level and lower-level students must engage with the text. The explanation is concise and effectively models the elimination of implausible options with clear reference to text evidence. To further improve the question, you might consider providing a slightly richer context or a brief background note to assist students who are less familiar with Dickens. Additionally, refining some wording in the answer choices to remove any unintended hints could make the distractors even more balanced. Overall, this question is highly aligned with SAT inference standards and is ready for public release with minimal adjustments.","{""skill"": ""Inferences"", ""difficulty"": ""Hard"", ""question"": ""In Charles Dickens’s *Great Expectations*, the narrator, Pip, reflects: “I was so humiliated that I could not endure the thought of being seen by anyone; no phrase of words could do justice to my shabby clothing.”\n\nWhat does this passage suggest about how Pip views himself in this moment?"", ""choices"": [""A. He feels pride in overcoming his humble upbringing."", ""B. He is deeply self-conscious about his poor appearance."", ""C. He resents others who point out his humble background."", ""D. He considers seeking help to improve his status.""], ""answer"": ""B"", ""explanation"": ""The passage explicitly describes Pip's feelings of humiliation and his sensitivity to his appearance. Pip's focus on his 'shabby clothing' and the deep shame it causes indicates a strong self-consciousness about his external representation and the perception of others. Therefore, the correct answer is B. The other options do not align with the passage's tone or content; there is no indication of pride, resentment, or a deliberate intention to improve his status at this moment.""}"
2025-03-11 09:00:19,"{""skill"": ""Inferences"", ""difficulty"": ""Hard"", ""question"": ""During an early scene from Charles Dickens’s **Oliver Twist** (1837–1839), the young Oliver endures _harsh conditions_ at the parish workhouse, receiving meager meals and repeated admonishments from the overseers. Despite these obstacles, he dares to ask for more food, an action that the workhouse authorities interpret as defiance.\n\nWhich inference about Oliver’s perspective is most strongly supported by the description of his actions?"", ""choices"": [""A. He believes the overseers are eager to offer him better living conditions."", ""B. He senses that the system is unjust but hopes that courage might lead to improvement."", ""C. He concludes that remaining silent will ensure he avoids punishment."", ""D. He thinks the overseers have already given him far more than he deserves.""], ""answer"": ""B"", ""explanation"": ""Oliver’s decision to speak up suggests he feels the meager food allotment is inequitable and that his willingness to risk consequences reflects a hope for better treatment. \n• Option A is incorrect because it implies the overseers are sympathetic, which contradicts their harsh reaction.\n• Option C is incorrect because Oliver does not remain silent; he explicitly requests more food.\n• Option D is incorrect because Oliver’s request for additional nourishment suggests he does not believe he has received enough.""}",Inferences,Hard,"During an early scene from Charles Dickens’s **Oliver Twist** (1837–1839), the young Oliver endures _harsh conditions_ at the parish workhouse, receiving meager meals and repeated admonishments from the overseers. Despite these obstacles, he dares to ask for more food, an action that the workhouse authorities interpret as defiance.

Which inference about Oliver’s perspective is most strongly supported by the description of his actions?","A. He believes the overseers are eager to offer him better living conditions.
B. He senses that the system is unjust but hopes that courage might lead to improvement.
C. He concludes that remaining silent will ensure he avoids punishment.
D. He thinks the overseers have already given him far more than he deserves.",B,"Oliver’s decision to speak up suggests he feels the meager food allotment is inequitable and that his willingness to risk consequences reflects a hope for better treatment. 
• Option A is incorrect because it implies the overseers are sympathetic, which contradicts their harsh reaction.
• Option C is incorrect because Oliver does not remain silent; he explicitly requests more food.
• Option D is incorrect because Oliver’s request for additional nourishment suggests he does not believe he has received enough.","Below is the detailed feedback and suggested revisions:

1. Context and Clarity:
 • The question does provide a short contextual description of an Oliver Twist scene and asks what inference about Oliver’s perspective is supported by his behavior. However, for a Hard–difficulty Inferences question you should expect the passage to incorporate multiple details or layers that require synthesizing subtle cues. 
 • Suggestion: Expand the passage slightly so that students must integrate more evidence. For example, add a sentence noting that Oliver’s internal hesitation or a secondary, indirect cue hints at his underlying awareness of systemic injustice.

2. Sufficient Information:
 • The description gives enough information for the inference but could be richer in detail to compel multi-step reasoning. 
 • In a Hard–difficulty question, include an additional detail (or two) that hints at internal conflict—forcing the reader to weigh both the overt defiance and the nuanced inner turmoil. 

3. Answer Choices:
 • The current distractors are clear but lack the sophistication expected for a Hard question. Hard–level distractors should sound plausible based on partial evidence.
 • Revision suggestion: Reword the choices so that they incorporate more subtle language. For example, instead of:
  ""A. He believes the overseers are eager to offer him better living conditions.""
  consider something like, ""A. He mistakenly interprets the overseers’ supportive gestures as indicative of potential improvements.""
 • Similarly, revise the remaining options to include language that could tempt a student who stops after one superficial reading.

4. Explanation:
 • The explanation is clear and correctly identifies option B as the best answer. However, for a Hard question the explanation should model multi‐step reasoning.
 • Improvement: Begin with a succinct statement such as, ""Oliver’s bold request, set against the backdrop of repeated reprimands, implies he perceives the system as unjust."" Then add one or two sentences showing how a careful reader must reconcile the act of defiance with the possibility of hope for improvement. Finally, briefly note why each alternative neglects one or more critical pieces of evidence from the passage.

5. Formatting:
 • The overall JSON formatting is correct. One minor point: the word “admonishments” is nonstandard. Replace it with “admonitions” or “reprimands” for clarity and professional tone.
 • Ensure that paragraphs within the explanation are separated by two newlines and that any emphasis (like the title Oliver Twist) uses the provided formatting consistently.

6. Alignment with Hard Difficulty:
 • While the question is labeled Hard, its language and reasoning requirement are relatively straightforward. Hard–level Inferences questions must evoke complex vocabulary, demand multi–step reasoning, and include sophisticated distractors.
 • To elevate the difficulty, revise the passage and answer choices so that students must integrate multiple details and weigh subtle textual cues. For example, introduce an additional sentence in the passage hinting at Oliver's internal conflict or at another behavior that could lead to more than one plausible inference—forcing a careful synthesis of evidence.

Example Revised Question:

{
  ""skill"": ""Inferences"",
  ""difficulty"": ""Hard"",
  ""question"": ""During an early scene from Charles Dickens’s Oliver Twist (1837–1839), Oliver endures not only the harsh conditions of the parish workhouse—marked by meager meals and repeated reprimands from the overseers—but also an unspoken inner conflict. Although his request for additional food appears outwardly defiant, subtle cues in his hesitance and the oppressive atmosphere suggest a deeper internal realization about the system’s inequities. Which inference most strongly captures the interplay between Oliver’s internal perspective and the external interpretation of his actions?"",
  ""choices"": [
    ""A. He misconstrues the rigid demeanor of the overseers as an inadvertent promise of future amelioration."",
    ""B. He perceives the workhouse system as inherently unjust and, despite his fears, harbors a cautious hope that his act of defiance might herald improvement."",
    ""C. He concludes that silence is the only viable strategy, yet his request for extra food indicates a momentary lapse rather than a deliberate stance."",
    ""D. He believes that the overt harshness is a facade masking benevolence, and his request is designed to test their generosity.""
  ],
  ""answer"": ""B"",
  ""explanation"": ""Option B is the best answer because it synthesizes multiple pieces of evidence: Oliver’s bold request amid physical deprivation and repeated reprimands suggests more than mere impulsiveness—it reveals an underlying recognition of inequity and a tentative hope for change. A careful reader must combine the overt description of harsh conditions with the subtle implication of internal conflict to arrive at this inference. Option A is incorrect because there is no textual evidence that Oliver misinterprets the overseers’ demeanor as promising improvement. Option C is inadequate since it overlooks the deliberate nature of his request in favor of a simplistic interpretation of silence. Option D is off–target as it contradicts the text's portrayal of the workhouse environment as relentlessly oppressive rather than covertly benevolent.""
}

In summary, while the original question is fundamentally sound, it does not fully meet the High–difficulty (Hard) criteria as outlined in the guidelines. Adjustments in textual detail, vocabulary, and the sophistication of distractors as noted above will elevate it to the desired standard.","{""skill"": ""Inferences"", ""difficulty"": ""Hard"", ""question"": ""During an early scene from Charles Dickens’s **Oliver Twist** (1837–1839), the young Oliver endures *harsh conditions* at the parish workhouse, receiving meager meals and repeated admonishments from the overseers. Despite these obstacles, he dares to ask for more food, an action that the workhouse authorities interpret as defiance.\n\nWhich inference about Oliver’s perspective is most strongly supported by the description of his actions?"", ""choices"": [""A. He believes the overseers are eager to offer him better living conditions."", ""B. He senses that the system is unjust but hopes that courage might lead to improvement."", ""C. He concludes that remaining silent will ensure he avoids punishment."", ""D. He thinks the overseers have already given him far more than he deserves.""], ""answer"": ""B"", ""explanation"": ""Oliver’s decision to speak up suggests he feels the meager food allotment is inequitable and that his willingness to risk consequences reflects a hope for better treatment.\n\nOption A is incorrect because it implies the overseers are sympathetic, which contradicts their harsh reaction.\nOption C is incorrect because Oliver does not remain silent; he explicitly requests more food.\nOption D is incorrect because Oliver’s request for additional nourishment suggests he does not believe he has received enough.""}","During an early scene from Charles Dickens’s **Oliver Twist** (1837–1839), the young Oliver endures *harsh conditions* at the parish workhouse, receiving meager meals and repeated admonishments from the overseers. Despite these obstacles, he dares to ask for more food, an action that the workhouse authorities interpret as defiance.

Which inference about Oliver’s perspective is most strongly supported by the description of his actions?","A. He believes the overseers are eager to offer him better living conditions.
B. He senses that the system is unjust but hopes that courage might lead to improvement.
C. He concludes that remaining silent will ensure he avoids punishment.
D. He thinks the overseers have already given him far more than he deserves.",B,"Oliver’s decision to speak up suggests he feels the meager food allotment is inequitable and that his willingness to risk consequences reflects a hope for better treatment.

Option A is incorrect because it implies the overseers are sympathetic, which contradicts their harsh reaction.
Option C is incorrect because Oliver does not remain silent; he explicitly requests more food.
Option D is incorrect because Oliver’s request for additional nourishment suggests he does not believe he has received enough.","I looked at the description and got kind of confused by the word 'defiance' and the harsh conditions. At first, I thought maybe Oliver was just being rebellious without thinking much about it, and some choices made it seem like he might just be acting out against the overseers. It was hard for me to decide if his asking for more food was a way to show anger or if he believed things were unfair. I ended up guessing, even though I wasn’t completely sure which answer really matched what he was feeling.","I read the passage carefully and immediately recognized that Oliver’s act of asking for more food, despite harsh treatment at the workhouse, is not simply rebellious but reflects a belief that what he’s getting is unjust and that change might be possible. By ruling out the choices that focus on a misplaced trust or silence, I quickly saw that answer B—indicating that he senses an injustice and hopes his daring might lead to improvement—is the best inference.",8,8,"The question is well-constructed, clearly articulated, and aligns with the SAT’s emphasis on inference questions. It successfully provides a brief context that sets up the inference about Oliver’s perspective, and the answer choices eliminate ambiguity by being distinct. However, a couple of improvements could make it even stronger. First, consider substituting less common vocabulary like 'admonishments' with a more familiar term such as 'reprimands' or 'scoldings' to ensure that students’ difficulties stem from conceptual inference rather than unfamiliar words. Second, while the explanation is concise and effective at eliminating the distractors, it could be enhanced by more explicitly detailing how Oliver’s willingness to risk consequences signals a hope for improvement rather than simple defiance. These adjustments would help clarify the inferential leap and better support both high-level and lower-level test takers, moving the question closer to a perfect score.","{""skill"": ""Inferences"", ""difficulty"": ""Hard"", ""question"": ""During an early scene from Charles Dickens’s **Oliver Twist** (1837–1839), the young Oliver endures *harsh conditions* at the parish workhouse, receiving meager meals and repeated scoldings from the overseers. Despite these obstacles, he dares to ask for more food, an action that the workhouse authorities interpret as defiance.\n\nWhich inference about Oliver’s perspective is most strongly supported by the description of his actions?"", ""choices"": [""A. He believes the overseers are eager to offer him better living conditions."", ""B. He senses that the system is unjust but hopes that courage might lead to improvement."", ""C. He concludes that remaining silent will ensure he avoids punishment."", ""D. He thinks the overseers have already given him far more than he deserves.""], ""answer"": ""B"", ""explanation"": ""Oliver’s decision to ask for additional food, despite severe consequences, indicates that he recognizes the inequity of his circumstances. His action reflects a belief that his courage might prompt some form of change. Option A is incorrect because Oliver's actions do not stem from a belief in the overseers’ benevolence. Option C is wrong because Oliver speaks out rather than staying silent. Option D is not supported, as it contradicts Oliver’s explicit request for more food, which indicates dissatisfaction with his rations.""}"
2025-03-11 09:02:09,"{""skill"": ""Function of Sentence"", ""difficulty"": ""Hard"", ""question"": ""The following excerpt is adapted from Leo Tolstoy’s public-domain novel *War and Peace*:\n\n\""In the middle of the night, Pierre rose from his table, lit by a flickering candelabra, and felt a sudden wave of clarity about his purpose. He realized that every misfortune in his life had led him inexorably to this single, luminous moment.\""\n\nWhich choice best describes the primary function of the second sentence in the excerpt?\n\n"", ""choices"": [""A. It illustrates Pierre’s desire to seek assistance from others in attaining his goal"", ""B. It explains why Pierre believes he must renounce his past completely"", ""C. It emphasizes Pierre’s realization that his struggles have culminated in newfound insight"", ""D. It foreshadows a future conflict that will hinder Pierre’s sense of resolution""], ""answer"": ""C"", ""explanation"": ""First, note that the second sentence highlights how every misfortune in Pierre’s life has guided him to a crucial moment of illumination. By focusing on how these earlier struggles contributed to his current clarity, the sentence underscores the importance of his realization. It does not suggest Pierre looks to others for help, renounces his past, or experiences immediate conflict. Instead, it reveals that his hardships led to a culminating insight, making choice C the best description of the sentence’s function.""}",Function of Sentence,Hard,"The following excerpt is adapted from Leo Tolstoy’s public-domain novel *War and Peace*:

""In the middle of the night, Pierre rose from his table, lit by a flickering candelabra, and felt a sudden wave of clarity about his purpose. He realized that every misfortune in his life had led him inexorably to this single, luminous moment.""

Which choice best describes the primary function of the second sentence in the excerpt?

","A. It illustrates Pierre’s desire to seek assistance from others in attaining his goal
B. It explains why Pierre believes he must renounce his past completely
C. It emphasizes Pierre’s realization that his struggles have culminated in newfound insight
D. It foreshadows a future conflict that will hinder Pierre’s sense of resolution",C,"First, note that the second sentence highlights how every misfortune in Pierre’s life has guided him to a crucial moment of illumination. By focusing on how these earlier struggles contributed to his current clarity, the sentence underscores the importance of his realization. It does not suggest Pierre looks to others for help, renounces his past, or experiences immediate conflict. Instead, it reveals that his hardships led to a culminating insight, making choice C the best description of the sentence’s function.","The content and answer choices demonstrate clear context, sufficient information, and an explanation that effectively clarifies why choice C is correct. The distractors are plausible and reveal common misreadings, and the explanation explicitly links Pierre’s insight to the sentence’s function.

However, the question does not fully follow the formatting and difficulty guidelines. Specifically:

1. The sentence whose function is being determined must be enclosed in underscores. Instead of asking about “the second sentence,” it should present the sentence as, for example, 
  _InHe realized that every misfortune in his life had led him inexorably to this single, luminous moment._
2. The question prompt should then refer to “the underlined sentence” (not merely “the second sentence”). For instance, change it to: 
  “Which choice best describes the primary function of the underlined sentence in the excerpt?”

Making these revisions will satisfy the requirement that an underlined sentence using '_' appears, along with the proper formatting between paragraphs (\n\n). The language and reasoning already provide an appropriate challenge for a Hard-level question.

Suggested modifications:
• In the excerpt, revise the second sentence to:  
  _InHe realized that every misfortune in his life had led him inexorably to this single, luminous moment._
• Revise the question prompt to:
  “Which choice best describes the primary function of the underlined sentence in the excerpt?”

Otherwise, the question meets the high-quality standards for a Digital SAT question.

","{""skill"": ""Function of Sentence"", ""difficulty"": ""Hard"", ""question"": ""The next excerpt is adapted from Leo Tolstoy's public-domain novel *War and Peace*:\n\n\""In the middle of the night, Pierre rose from his table, lit by a flickering candelabra, and felt a sudden wave of clarity about his purpose. He realized that every misfortune in his life had led him inexorably to this single, luminous moment.\""\n\nHow does the second sentence primarily function within the provided text?"", ""choices"": [""A. It characterizes Pierre's need to involve others in achieving his clarity"", ""B. It emphasizes Pierre's conclusion to break away from his past misfortunes"", ""C. It underscores how Pierre's prior challenges culminate in his moment of insight"", ""D. It hints that Pierre's newfound resolution may encounter future complications""], ""answer"": ""C"", ""explanation"": ""The second sentence elaborates on Pierre’s epiphany, showcasing that his past hardships have collectively brought him to a pivotal moment of understanding. This reinforces the significance of his realization and does not highlight a need for external aid, renunciation of the past, or foreshadow challenges, but rather focuses on the culmination of his experiences into newfound clarity, aligning with choice C.""}","The next excerpt is adapted from Leo Tolstoy's public-domain novel *War and Peace*:

""In the middle of the night, Pierre rose from his table, lit by a flickering candelabra, and felt a sudden wave of clarity about his purpose. He realized that every misfortune in his life had led him inexorably to this single, luminous moment.""

How does the second sentence primarily function within the provided text?","A. It characterizes Pierre's need to involve others in achieving his clarity
B. It emphasizes Pierre's conclusion to break away from his past misfortunes
C. It underscores how Pierre's prior challenges culminate in his moment of insight
D. It hints that Pierre's newfound resolution may encounter future complications",C,"The second sentence elaborates on Pierre’s epiphany, showcasing that his past hardships have collectively brought him to a pivotal moment of understanding. This reinforces the significance of his realization and does not highlight a need for external aid, renunciation of the past, or foreshadow challenges, but rather focuses on the culmination of his experiences into newfound clarity, aligning with choice C.","I read the passage and saw that Pierre suddenly felt clear about his purpose after many bad things happened. I wasn’t sure if he was saying he should forget his past or that his past led him to this moment. I got confused between answers B and C, but since C says that his struggles add up to his moment of insight, I went with C even though it was a bit hard to decide.","After reading the excerpt, I recognized that the second sentence is used to explain how all of Pierre’s past misfortunes have built up to his sudden, insightful moment. By linking his previous hardships to the clarity he experiences, the sentence underscores a culmination of events rather than suggesting a break from the past or hinting at future issues. Thus, I confidently select choice C.",8,8,"The question is well-aligned with SAT standards and successfully challenges students to think about how a sentence functions within a literary excerpt. The use of an adapted passage from a recognized text like War and Peace gives it authenticity, and the answer choices are plausible, minimizing guesswork. However, minor improvements could be made: clarifying the context just enough to help lower-level students without giving away the answer, or adding a brief contextual hint in the stem to ensure the function (cumulative effect) stands out. The explanation is concise and correctly dismisses the other choices, but it could benefit from a bit more detail on why common misinterpretations (such as thinking the sentence implies a need to break away from the past or anticipates future issues) are incorrect. Overall, both the question and its explanation are strong, with room for slight refinement to maximize clarity for all ability levels.","{""skill"": ""Function of Sentence"", ""difficulty"": ""Hard"", ""question"": ""The following excerpt is adapted from Leo Tolstoy's public-domain novel *War and Peace*:\n\n\""In the middle of the night, Pierre rose from his table, lit by a flickering candelabra, and felt a sudden wave of clarity about his purpose. He realized that every misfortune in his life had led him inexorably to this single, luminous moment.\""\n\nHow does the second sentence primarily function within the provided text?"", ""choices"": [""A. It characterizes Pierre's need to involve others in achieving his clarity"", ""B. It emphasizes Pierre's conclusion to break away from his past misfortunes"", ""C. It underscores how Pierre's prior challenges culminate in his moment of insight"", ""D. It hints that Pierre's newfound resolution may encounter future complications""], ""answer"": ""C"", ""explanation"": ""The second sentence serves to highlight Pierre's reflection on how his life's adversities have collectively brought him to a defining moment of understanding. This function aligns with answer choice C as it portrays the culmination of past challenges leading to an epiphany. The sentence does not indicate reliance on others, a disregard for the past, or foreshadow future difficulties, which rules out options A, B, and D.""}"
