timestamp,raw_json,skill,difficulty,question,choices,answer,explanation,Initial Feedback,P2-Revised JSON,Revised Question,Revised Choices,Revised Answer,Revised Explanation,Low Level Student Simulation,High Level Student Simulation,Question Rating,Explanation Rating,Constructive Feedback,Final JSON SAT Question
2025-03-11 05:14:03,"{""skill"": ""Inferences"", ""difficulty"": ""Easy"", ""question"": ""Early attempts to commercialize the printing press were complicated by local guilds. Johannes Gutenberg, *known for popularizing movable type in Europe*, had to navigate uncertain finances and strict oversight to produce his famed Bible. His eventual success was partly attributed to _partnerships with wealthy patrons_, who recognized the potential for making books more widely accessible.\n\nWhich statement is best supported by the passage?"", ""choices"": [""A. Government agencies contributed the primary financial backing for Gutenberg’s printing endeavors."", ""B. Wealthy individuals played an essential role in bringing early print materials to a broader audience."", ""C. Local guilds funded and oversaw the entire production of Gutenberg’s Bible."", ""D. Gutenberg’s first printed works became immediately profitable without any outside investment.""], ""answer"": ""B"", ""explanation"": ""From the passage, we learn that Gutenberg partnered with wealthy patrons, implying that private individuals helped fund and support the printing of his Bible. This support likely contributed to making books more accessible to the public, which supports choice B. The text does not mention government people or guilds fully financing his production, nor does it imply Gutenberg was instantly profitable.""}",Inferences,Easy,"Early attempts to commercialize the printing press were complicated by local guilds. Johannes Gutenberg, *known for popularizing movable type in Europe*, had to navigate uncertain finances and strict oversight to produce his famed Bible. His eventual success was partly attributed to _partnerships with wealthy patrons_, who recognized the potential for making books more widely accessible.

Which statement is best supported by the passage?","A. Government agencies contributed the primary financial backing for Gutenberg’s printing endeavors.
B. Wealthy individuals played an essential role in bringing early print materials to a broader audience.
C. Local guilds funded and oversaw the entire production of Gutenberg’s Bible.
D. Gutenberg’s first printed works became immediately profitable without any outside investment.",B,"From the passage, we learn that Gutenberg partnered with wealthy patrons, implying that private individuals helped fund and support the printing of his Bible. This support likely contributed to making books more accessible to the public, which supports choice B. The text does not mention government people or guilds fully financing his production, nor does it imply Gutenberg was instantly profitable.",{},"{""skill"": ""Inferences"", ""difficulty"": ""Easy"", ""question"": ""Early attempts to commercialize the printing press were complicated by local guilds. Johannes Gutenberg, *known for popularizing movable type in Europe*, had to navigate uncertain finances and strict oversight to produce his famed Bible. His eventual success was partly attributed to _partnerships with wealthy patrons_, who recognized the potential for making books more widely accessible. \n\nWhich statement is best supported by the passage?"", ""choices"": [""A. Government agencies contributed the primary financial backing for Gutenberg’s printing endeavors."", ""B. Wealthy individuals played an essential role in bringing early print materials to a broader audience."", ""C. Local guilds funded and oversaw the entire production of Gutenberg’s Bible."", ""D. Gutenberg’s first printed works became immediately profitable without any outside investment.""], ""answer"": ""B"", ""explanation"": ""From the passage, we learn that Gutenberg partnered with wealthy patrons, implying that private individuals helped fund and support the printing of his Bible. This support likely contributed to making books more accessible to the public, which supports choice B. The text does not mention government people or guilds fully financing his production, nor does it imply Gutenberg was instantly profitable.""}","Early attempts to commercialize the printing press were complicated by local guilds. Johannes Gutenberg, *known for popularizing movable type in Europe*, had to navigate uncertain finances and strict oversight to produce his famed Bible. His eventual success was partly attributed to _partnerships with wealthy patrons_, who recognized the potential for making books more widely accessible. 

Which statement is best supported by the passage?","A. Government agencies contributed the primary financial backing for Gutenberg’s printing endeavors.
B. Wealthy individuals played an essential role in bringing early print materials to a broader audience.
C. Local guilds funded and oversaw the entire production of Gutenberg’s Bible.
D. Gutenberg’s first printed works became immediately profitable without any outside investment.",B,"From the passage, we learn that Gutenberg partnered with wealthy patrons, implying that private individuals helped fund and support the printing of his Bible. This support likely contributed to making books more accessible to the public, which supports choice B. The text does not mention government people or guilds fully financing his production, nor does it imply Gutenberg was instantly profitable.","The below-average student starts by reading the passage but gets a bit confused by terms like 'local guilds' and 'partnerships with wealthy patrons.' They notice the word 'wealthy' and try to remember which answer choice mentioned rich people. Even though they mix up ideas about who was in charge and may mistakenly think that guilds or government had a bigger role, the mention of 'wealthy patrons' stands out. After a moment of uncertainty and possibly second-guessing, they settle on answer B because it seems to match part of the passage, even if they aren’t completely sure about the details.","The high-performing student reads the passage carefully and immediately notices the two key elements: the challenges posed by local guilds and the mention of Gutenberg’s partnerships with wealthy patrons. They recognize that the passage emphasizes not institutional support but rather private backing to overcome financial difficulties and regulatory oversight. By quickly eliminating options that misrepresent the roles of government, guilds, and the notion of immediate profitability, they deduce that answer B is the best supported inference – wealthy individuals played a key role in broadening access to books.",8,8,"The question is clearly written and aligns well with SAT standards for an easy inference question. It provides a concise passage with specific details that allow students to eliminate clearly unsupported choices. The strengths lie in its logical design and focus on a single, well-supported inference. However, minor improvements could ensure that even students who struggle can parse the context more reliably. For instance, clarifying the relationship between complications (local guild oversight) and the contrasting solution (partnerships with wealthy patrons) in the passage might reduce any residual ambiguity. The explanation is succinct and correctly indicates why answer B is supported, but it could be enhanced by briefly noting why the other choices are inappropriate. Overall, the question and explanation are strong, but adding a bit more detail in the explanation would make it even more instructive for all students.","{""skill"": ""Inferences"", ""difficulty"": ""Easy"", ""question"": ""Early attempts to commercialize the printing press were complicated by local guilds. Johannes Gutenberg, *known for popularizing movable type in Europe*, had to navigate uncertain finances and strict oversight to produce his famed Bible. His eventual success was partly attributed to _partnerships with wealthy patrons_, who recognized the potential for making books more widely accessible. \n\nWhich statement is best supported by the passage?"", ""choices"": [""A. Government agencies contributed the primary financial backing for Gutenberg’s printing endeavors."", ""B. Wealthy individuals played an essential role in bringing early print materials to a broader audience."", ""C. Local guilds funded and oversaw the entire production of Gutenberg’s Bible."", ""D. Gutenberg’s first printed works became immediately profitable without any outside investment.""], ""answer"": ""B"", ""explanation"": ""From the passage, we learn that Gutenberg partnered with wealthy patrons, emphasizing that private individuals significantly supported the realization and proliferation of the printing press. Choice B correctly summarizes this idea. Choice A is incorrect because there is no mention of government agencies offering financial backing. Choice C misrepresents the role of local guilds; they provided oversight rather than funding. Choice D is incorrect as it contradicts the passage's mention of Gutenberg's financial struggles and reliance on partnerships.""}"
2025-03-11 05:15:08,"{""skill"": ""Inferences"", ""difficulty"": ""Easy"", ""question"": ""In the late 1940s, a graduate student developed a system that used patterns of thick and thin lines to store inventory data. While his design initially went unnoticed, businesses seeking faster checkout and product tracking later recognized its value. By the early 1970s, major retail chains began installing scanners that read these coded lines, allowing them to streamline checkout, reduce errors, and manage stock levels more efficiently. Despite some initial skepticism from store owners, the technology’s success in supermarkets soon encouraged adoption in other sectors, including healthcare and manufacturing.\n\nWhich inference about this line-scanning technology is best supported by the text?"", ""choices"": [""A) It was quickly embraced by all retailers as soon as it appeared."", ""B) It gained worldwide accessibility before being adopted regionally."", ""C) It was initially overlooked but eventually found broad application."", ""D) It appeared first in the healthcare industry and then spread to groceries.""], ""answer"": ""C"", ""explanation"": ""To arrive at the right answer, notice how the passage emphasizes the slow initial adoption of the technology followed by its eventual widespread use. This supports the inference that it was not immediately popular but later gained extensive acceptance. \n\n• The text states that the system was overlooked at first. This rules out (A), which claims immediate universal acceptance.\n• The text does not mention global expansion before domestic use, so (B) also does not align.\n• (C) matches the passage’s description: the idea first went unnoticed, then it was installed in supermarkets, and lastly it was applied in other industries.\n• The reading says it first succeeded in supermarkets, not in healthcare, making (D) incorrect.""}",Inferences,Easy,"In the late 1940s, a graduate student developed a system that used patterns of thick and thin lines to store inventory data. While his design initially went unnoticed, businesses seeking faster checkout and product tracking later recognized its value. By the early 1970s, major retail chains began installing scanners that read these coded lines, allowing them to streamline checkout, reduce errors, and manage stock levels more efficiently. Despite some initial skepticism from store owners, the technology’s success in supermarkets soon encouraged adoption in other sectors, including healthcare and manufacturing.

Which inference about this line-scanning technology is best supported by the text?","A) It was quickly embraced by all retailers as soon as it appeared.
B) It gained worldwide accessibility before being adopted regionally.
C) It was initially overlooked but eventually found broad application.
D) It appeared first in the healthcare industry and then spread to groceries.",C,"To arrive at the right answer, notice how the passage emphasizes the slow initial adoption of the technology followed by its eventual widespread use. This supports the inference that it was not immediately popular but later gained extensive acceptance. 

• The text states that the system was overlooked at first. This rules out (A), which claims immediate universal acceptance.
• The text does not mention global expansion before domestic use, so (B) also does not align.
• (C) matches the passage’s description: the idea first went unnoticed, then it was installed in supermarkets, and lastly it was applied in other industries.
• The reading says it first succeeded in supermarkets, not in healthcare, making (D) incorrect.",Previous input perfect; don't change anything.,"{""skill"": ""Inferences"", ""difficulty"": ""Easy"", ""question"": ""In the late 1940s, a graduate student developed a system that used patterns of thick and thin lines to store inventory data. While his design initially went unnoticed, businesses seeking faster checkout and product tracking later recognized its value. By the early 1970s, major retail chains began installing scanners that read these coded lines, allowing them to streamline checkout, reduce errors, and manage stock levels more efficiently. Despite some initial skepticism from store owners, the technology’s success in supermarkets soon encouraged adoption in other sectors, including healthcare and manufacturing.\n\nWhich inference about the adoption of line-scanning technology by businesses is best supported by the text?"", ""choices"": [""A) The technology was immediately embraced by retailers without challenges."", ""B) Global adoption of the technology preceded its regional use."", ""C) The recognition and adoption of the technology followed an initial period of neglect."", ""D) Its initial adoption was predominant in the healthcare industry.""], ""answer"": ""C"", ""explanation"": ""To determine the correct answer, we assess the passage: \n\n- The text mentions that the graduate student's design initially went unnoticed and only later gained recognition and was implemented in supermarkets. This supports choice (C), which aligns with the described progression of adoption.\n- Option (A) contradicts the passage as it highlights skepticism and suggests a lack of immediate embrace by all retailers.\n- Option (B) is incorrect as the passage does not discuss global adoption specifically, nor does it indicate that global efforts preceded local application.\n- Option (D) inaccurately represents the sequence of adoption, as the passage explicitly states that supermarkets adopted the technology first, before its use in sectors like healthcare.""}","In the late 1940s, a graduate student developed a system that used patterns of thick and thin lines to store inventory data. While his design initially went unnoticed, businesses seeking faster checkout and product tracking later recognized its value. By the early 1970s, major retail chains began installing scanners that read these coded lines, allowing them to streamline checkout, reduce errors, and manage stock levels more efficiently. Despite some initial skepticism from store owners, the technology’s success in supermarkets soon encouraged adoption in other sectors, including healthcare and manufacturing.

Which inference about the adoption of line-scanning technology by businesses is best supported by the text?","A) The technology was immediately embraced by retailers without challenges.
B) Global adoption of the technology preceded its regional use.
C) The recognition and adoption of the technology followed an initial period of neglect.
D) Its initial adoption was predominant in the healthcare industry.",C,"To determine the correct answer, we assess the passage: 

- The text mentions that the graduate student's design initially went unnoticed and only later gained recognition and was implemented in supermarkets. This supports choice (C), which aligns with the described progression of adoption.
- Option (A) contradicts the passage as it highlights skepticism and suggests a lack of immediate embrace by all retailers.
- Option (B) is incorrect as the passage does not discuss global adoption specifically, nor does it indicate that global efforts preceded local application.
- Option (D) inaccurately represents the sequence of adoption, as the passage explicitly states that supermarkets adopted the technology first, before its use in sectors like healthcare.","When I read the passage, I struggled a bit with the timeline because it mentioned the system was first unnoticed and only later became important. I got confused by some of the wording, but then I looked at the choices. I wasn’t sure about A, B, or D because they didn’t match the idea that it took time for the technology to be recognized. So, I decided that C fits best since it says the recognition came after an initial period of neglect, and that seemed right to me.","I carefully re-read the passage, noting that the system was initially overlooked before gaining widespread value when businesses needed faster checkout and error reduction. Recognizing the timeline the text establishes, I quickly eliminated answer choices that contradicted these details—A was too immediate, B introduced a global aspect not mentioned, and D misplaced the order of industry adoption. With these observations, I confidently conclude that the correct inference is C.",9,9,"This question is very well designed for SAT-level reading and inference skills. It presents a clear passage with a logical sequence—initial neglect followed by eventual adoption—and provides answer choices that force students to rely on close reading and the elimination method. The high-level student’s simulation shows excellent strategy and swift elimination, while the low-level student’s process reveals common pitfalls in dealing with timeline details. The explanation is concise and clearly justifies why option C is correct, while also indicating why other choices were unsuitable. To make it even better, consider emphasizing subtle transitional phrases in the passage that cue the timing of recognition, which could help guide struggling readers without diminishing the challenge for advanced students.","{""skill"": ""Inferences"", ""difficulty"": ""Easy"", ""question"": ""In the late 1940s, a graduate student developed a system that used patterns of thick and thin lines to store inventory data. While his design initially went unnoticed, businesses seeking faster checkout and product tracking later recognized its value. By the early 1970s, major retail chains began installing scanners that read these coded lines, allowing them to streamline checkout, reduce errors, and manage stock levels more efficiently. Despite some initial skepticism from store owners, the technology's success in supermarkets soon encouraged adoption in other sectors, including healthcare and manufacturing.\n\nWhich inference about the adoption of line-scanning technology by businesses is best supported by the text?"", ""choices"": [""A) The technology was immediately embraced by retailers without challenges."", ""B) Global adoption of the technology preceded its regional use."", ""C) The recognition and adoption of the technology followed an initial period of neglect."", ""D) Its initial adoption was predominant in the healthcare industry.""], ""answer"": ""C"", ""explanation"": ""To determine the correct answer, we analyze the passage:\n\n- The passage indicates that the system invented by the graduate student went unnoticed at first, showing an initial period of neglect. Later, as businesses saw its potential in faster checkout and inventory tracking, the technology gained recognition and commenced adoption in supermarkets and other sectors. This sequencing supports option (C).\n- Option (A) is incorrect since the text describes initial skepticism among store owners, contrary to the idea of immediate embrace.\n- Option (B) is not supported, as the passage does not mention global adoption or compare it to regional practices.\n- Option (D) is ruled out because the text specifies that supermarkets, not healthcare, were the first sector to widely adopt the technology.\n\nThe correct answer is (C).""}"
2025-03-11 05:16:15,"{""skill"": ""Inferences"", ""difficulty"": ""Easy"", ""question"": ""In a recently uncovered series of letters, the 19th-century mathematician and computer-pioneer Ada Lovelace discusses her intense fascination with calculating machines. She reveals that she often spent hours refining proofs, corresponding with colleagues to integrate new concepts, and revising her own theories.\n\nBased on the passage, which inference about Lovelace is most strongly supported by the letters?\n"", ""choices"": [""A. She actively sought to conceal her collaborations with other scholars"", ""B. She devoted her early childhood solely to the study of ancient languages"", ""C. She devised computational methods without consulting anyone else’s research"", ""D. She willingly incorporated emerging ideas into her own analytical work""], ""answer"": ""D"", ""explanation"": ""From the passage describing Lovelace’s discussions of new concepts and extensive revisions, it is logical to infer that she welcomed collaboration and was open to innovative ideas. The description explicitly mentions that she contacted colleagues and integrated new methods into her calculations, which supports choice D. The other options are not supported by the passage and are inconsistent with Lovelace’s enthusiastic and integrative approach.""}",Inferences,Easy,"In a recently uncovered series of letters, the 19th-century mathematician and computer-pioneer Ada Lovelace discusses her intense fascination with calculating machines. She reveals that she often spent hours refining proofs, corresponding with colleagues to integrate new concepts, and revising her own theories.

Based on the passage, which inference about Lovelace is most strongly supported by the letters?
","A. She actively sought to conceal her collaborations with other scholars
B. She devoted her early childhood solely to the study of ancient languages
C. She devised computational methods without consulting anyone else’s research
D. She willingly incorporated emerging ideas into her own analytical work",D,"From the passage describing Lovelace’s discussions of new concepts and extensive revisions, it is logical to infer that she welcomed collaboration and was open to innovative ideas. The description explicitly mentions that she contacted colleagues and integrated new methods into her calculations, which supports choice D. The other options are not supported by the passage and are inconsistent with Lovelace’s enthusiastic and integrative approach.",Previous input perfect; don't change anything.,"{""skill"": ""Inferences"", ""difficulty"": ""Easy"", ""question"": ""In a recently uncovered series of letters, the 19th-century mathematician and computer pioneer Ada Lovelace discusses her intense fascination with calculating machines. She reveals that she often spent hours refining proofs, corresponding with colleagues to integrate new concepts, and revising her own theories.\n\nBased on the passage, which inference about Lovelace is most strongly supported by the letters?"", ""choices"": [""A. She actively sought to conceal her collaborations with other scholars"", ""B. She devoted her early childhood solely to the study of ancient languages"", ""C. She devised computational methods without consulting anyone else’s research"", ""D. She willingly incorporated emerging ideas into her own analytical work""], ""answer"": ""D"", ""explanation"": ""From the passage describing Lovelace’s discussions of new concepts and extensive revisions, it is logical to infer that she welcomed collaboration and was open to innovative ideas. The description explicitly mentions that she contacted colleagues and integrated new methods into her calculations, which supports choice D. The other options are not supported by the passage and are inconsistent with Lovelace’s enthusiastic and integrative approach.""}","In a recently uncovered series of letters, the 19th-century mathematician and computer pioneer Ada Lovelace discusses her intense fascination with calculating machines. She reveals that she often spent hours refining proofs, corresponding with colleagues to integrate new concepts, and revising her own theories.

Based on the passage, which inference about Lovelace is most strongly supported by the letters?","A. She actively sought to conceal her collaborations with other scholars
B. She devoted her early childhood solely to the study of ancient languages
C. She devised computational methods without consulting anyone else’s research
D. She willingly incorporated emerging ideas into her own analytical work",D,"From the passage describing Lovelace’s discussions of new concepts and extensive revisions, it is logical to infer that she welcomed collaboration and was open to innovative ideas. The description explicitly mentions that she contacted colleagues and integrated new methods into her calculations, which supports choice D. The other options are not supported by the passage and are inconsistent with Lovelace’s enthusiastic and integrative approach.","The below-average student reads the passage and notices that Lovelace spent a lot of time working on her proofs and writing letters. They get a bit confused between the options. They might mix up ideas about working alone versus talking to others, but then they recall the word 'corresponding' indicates communication with others. This student hesitantly rules out answers that focus on hiding collaboration or doing nothing with new ideas, and settles on D because it matches the idea of using different ideas in her work, even though the details are a bit fuzzy.","The high-performing student begins by carefully reading the passage, noting that Lovelace not only devoted time to refining proofs but also actively corresponded with colleagues, which suggests she was open to others’ ideas. They quickly eliminate choice A (concealing collaborations) because the passage emphasizes communication, and rule out B and C since there’s no mention of a focus on ancient languages or a completely solitary approach. By integrating these observations, they confidently select D, recognizing that her willingness to incorporate emerging ideas is well-supported by the text.",9,9,"The question is well-constructed, clear, and aligns with SAT standards. The reading passage provides adequate context for making the inference, and the answer choices are designed to test critical evaluation of the text. For high-performing students, the problem allows for effective elimination of distractors, while the level of difficulty remains accessible to lower-performing students, though they might benefit from additional cues about making inferences. The explanation effectively highlights how the integration of new ideas is supported by the passage, though it could be enhanced by briefly explaining why the other options are incorrect for added clarity. To further improve the question, consider adding a hint in the explanation that explicitly mentions the significance of terms like 'corresponding with colleagues' as signals of collaboration. Overall, both the question and its explanation are nearly ready for publication with minor refinements.","{""skill"": ""Inferences"", ""difficulty"": ""Easy"", ""question"": ""In a recently uncovered series of letters, the 19th-century mathematician and computer pioneer Ada Lovelace discusses her intense fascination with calculating machines. She reveals that she often spent hours refining proofs, corresponding with colleagues to integrate new concepts, and revising her own theories.\n\nBased on the passage, which inference about Lovelace is most strongly supported by the letters?"", ""choices"": [""A. She actively sought to conceal her collaborations with other scholars"", ""B. She devoted her early childhood solely to the study of ancient languages"", ""C. She devised computational methods without consulting anyone else’s research"", ""D. She willingly incorporated emerging ideas into her own analytical work""], ""answer"": ""D"", ""explanation"": ""The mention of Ada Lovelace refining proofs and corresponding with colleagues to integrate new concepts suggests collaboration and an openness to emerging ideas. Specifically, her act of revising her own theories indicates she was incorporating new concepts into her work. Therefore, the correct inference is that she willingly incorporated emerging ideas into her analytical work, supporting choice D. Option A is contradicted by the evidence of her collaborating with others. Option B is unrelated to the context presented in the passage, which discusses her work with calculating machines, not her childhood activities. Option C is also incorrect, as the evidence of her consulting with colleagues directly refutes the claim that she worked in isolation. This clarification emphasizes Lovelace's collaborative and innovative approach as pivotal to her character and methodological habits.""}"
2025-03-11 05:17:35,"{""skill"": ""Inferences"", ""difficulty"": ""Easy"", ""question"": ""Between 1950 and 1960, Redwood City’s planners tested an experimental traffic regulation system that used newly invented sensors to monitor the flow of vehicles.\n\n• Despite concerns about cost, the city council allocated funds for the project.\n\n• _Urban development experts_ traveled to Redwood City to study this pioneering effort.\n\nAs a result of these measures, local newspapers reported a reduction in traffic congestion within the first two years. However, critics claimed the system might not be scalable to larger cities.\n\nWhich inference is best supported by the text?"", ""choices"": [""A. Redwood City had the largest traffic system in the nation at that time."", ""B. The city council showed support for adopting innovative methods to address traffic."", ""C. Redwood City’s approach was immediately replicated by every major metropolitan area."", ""D. The initiative proved too costly for small city budgets to justify implementation.""], ""answer"": ""B"", ""explanation"": ""The passage describes how Redwood City’s council allocated funds for the experimental system despite cost concerns, which shows the city supported a modern, technology-driven approach to manage congestion. The text does not suggest that it was the largest system in the nation (Choice A), that every major city replicated it (Choice C), or that it was too expensive for small cities (Choice D). By the council’s approval and the successful two-year result, we can infer that the city was open to new innovations to address traffic problems.""}",Inferences,Easy,"Between 1950 and 1960, Redwood City’s planners tested an experimental traffic regulation system that used newly invented sensors to monitor the flow of vehicles.

• Despite concerns about cost, the city council allocated funds for the project.

• _Urban development experts_ traveled to Redwood City to study this pioneering effort.

As a result of these measures, local newspapers reported a reduction in traffic congestion within the first two years. However, critics claimed the system might not be scalable to larger cities.

Which inference is best supported by the text?","A. Redwood City had the largest traffic system in the nation at that time.
B. The city council showed support for adopting innovative methods to address traffic.
C. Redwood City’s approach was immediately replicated by every major metropolitan area.
D. The initiative proved too costly for small city budgets to justify implementation.",B,"The passage describes how Redwood City’s council allocated funds for the experimental system despite cost concerns, which shows the city supported a modern, technology-driven approach to manage congestion. The text does not suggest that it was the largest system in the nation (Choice A), that every major city replicated it (Choice C), or that it was too expensive for small cities (Choice D). By the council’s approval and the successful two-year result, we can infer that the city was open to new innovations to address traffic problems.",Previous input perfect; don't change anything.,"{""skill"": ""Inferences"", ""difficulty"": ""Easy"", ""question"": ""Between 1950 and 1960, Redwood City’s planners tested an experimental traffic regulation system that used newly invented sensors to monitor the flow of vehicles.\n\n• Despite concerns about cost, the city council allocated funds for the project.\n\n• Urban development experts traveled to Redwood City to study this pioneering effort.\n\nAs a result of these measures, local newspapers reported a reduction in traffic congestion within the first two years. However, critics claimed the system might not be scalable to larger cities.\n\nWhat can be inferred from the passage about the city council's perspective on innovation for traffic management?"", ""choices"": [""A. They were hesitant about adopting changes to the traffic system."", ""B. They showed support for allocating funds to experimental approaches."", ""C. They prioritized traffic management over other city concerns."", ""D. They viewed the system as scalable and suitable for all city sizes.""], ""answer"": ""B"", ""explanation"": ""The passage highlights that despite concerns about cost, Redwood City's council allocated funds for the experimental traffic regulation system. This decision indicates their willingness to support innovative and experimental approaches to address traffic issues. There is no mention in the text of hesitancy (Choice A), prioritization over other city issues (Choice C), or belief in scalability for all cities (Choice D), leaving Choice B as the best inference based on the council's actions.""}","Between 1950 and 1960, Redwood City’s planners tested an experimental traffic regulation system that used newly invented sensors to monitor the flow of vehicles.

• Despite concerns about cost, the city council allocated funds for the project.

• Urban development experts traveled to Redwood City to study this pioneering effort.

As a result of these measures, local newspapers reported a reduction in traffic congestion within the first two years. However, critics claimed the system might not be scalable to larger cities.

What can be inferred from the passage about the city council's perspective on innovation for traffic management?","A. They were hesitant about adopting changes to the traffic system.
B. They showed support for allocating funds to experimental approaches.
C. They prioritized traffic management over other city concerns.
D. They viewed the system as scalable and suitable for all city sizes.",B,"The passage highlights that despite concerns about cost, Redwood City's council allocated funds for the experimental traffic regulation system. This decision indicates their willingness to support innovative and experimental approaches to address traffic issues. There is no mention in the text of hesitancy (Choice A), prioritization over other city issues (Choice C), or belief in scalability for all cities (Choice D), leaving Choice B as the best inference based on the council's actions.","When I first read the passage, I saw the part about cost worries and got a bit confused; it made me think maybe the city wasn’t sure about the idea. But then I noticed they actually gave money to try the new system. I wasn’t entirely sure what to make of the extra details about experts visiting and complaints about scalability, so I settled on the answer that said the council was supportive of trying new things, and I picked B.","I read the passage carefully and noticed that although there were concerns about cost, the council still allocated funds to test the new sensor-based traffic system. This shows they were willing to take a risk on an innovative approach despite potential drawbacks. I quickly eliminated options that spoke of hesitancy, prioritization over other concerns, or an assumption about scalability, and confidently selected Choice B.",8,8,"The question is clearly worded, presents a straightforward inference challenge aligned with SAT reading standards, and provides sufficient context to determine that the council supported experimentation despite cost concerns. The high-level student’s solution path shows strong analytical elimination of distractors, while the low-level student’s narrative captures typical confusion over mixed details such as cost worries versus the act of funding. However, to improve clarity for all students—especially those who may misinterpret the mention of cost concerns as hesitancy—it might help to sharpen the focus of the question on the council's proactive funding decision. Additionally, the explanation, while concise and accurate, could include more guidance on how to use textual evidence to eliminate other answer choices. These revisions would help elevate both the question and its explanation to a near-perfect standard.","{""skill"": ""Inferences"", ""difficulty"": ""Easy"", ""question"": ""Between 1950 and 1960, Redwood City’s planners tested an experimental traffic regulation system that used newly invented sensors to monitor the flow of vehicles.\n\n• Despite concerns about cost, the city council allocated funds for the project.\n\n• Urban development experts traveled to Redwood City to study this pioneering effort.\n\nAs a result of these measures, local newspapers reported a reduction in traffic congestion within the first two years. However, critics claimed the system might not be scalable to larger cities.\n\nWhat can be inferred from the passage about the city council's perspective on experimental projects for traffic management?"", ""choices"": [""A. They were hesitant about adopting changes to the traffic system."", ""B. They demonstrated willingness to invest in innovative traffic management solutions."", ""C. They prioritized traffic management over other city concerns."", ""D. They viewed the system as scalable and suitable for all city sizes.""], ""answer"": ""B"", ""explanation"": ""The passage states that the Redwood City council allocated funds for an experimental traffic regulation system despite concerns about cost. This decision indicates their willingness to invest in innovative solutions for traffic management, focusing on experimental approaches to address congestion. As there is no evidence in the passage to suggest hesitation about implementing changes (Choice A), prioritization over other issues (Choice C), or confidence in the system's scalability to larger cities (Choice D), the best inference based on their actions is Choice B.""}"
2025-03-11 05:21:57,"{""skill"": ""Function of Sentence"", ""difficulty"": ""Medium"", ""question"": ""In her memoir, entrepreneur Carla Jiménez reflects on how starting as an assistant at a small tech startup shaped her development as a future CEO. She recalls the near-constant demand for innovative solutions, emphasizing the _pivotal role_ of genuine trust-building when intersecting technology with people.\n\nOne sentence in her account reads: **\""It was this determination to foster transparent communication with every client that ultimately helped me establish a foundation of mutual respect and long-term partnerships.\""**\n\nWhich best describes the main function of the quoted sentence in the passage?\n\n"", ""choices"": [""A. To propose a novel technological method that redefines how businesses handle data"", ""B. To present an opposing point of view regarding corporate partnerships"", ""C. To highlight a key principle that underlies the author’s eventual success in leadership"", ""D. To criticize the early markets that failed to trust in innovative entrepreneurs""], ""answer"": ""C"", ""explanation"": ""The sentence underscores trust-building as a direct contributor to Carla Jiménez’s success. By showing how her focus on transparent communication led to strong relationships, it clarifies why this principle is essential to her leadership style. A careful reader would see that the purpose of the sentence is not to introduce a new method (Choice A), offer a counterargument (Choice B), or criticize untrusting markets (Choice D), but rather to emphasize the significance of trust in her rise as an effective leader.""}",Function of Sentence,Medium,"In her memoir, entrepreneur Carla Jiménez reflects on how starting as an assistant at a small tech startup shaped her development as a future CEO. She recalls the near-constant demand for innovative solutions, emphasizing the _pivotal role_ of genuine trust-building when intersecting technology with people.

One sentence in her account reads: **""It was this determination to foster transparent communication with every client that ultimately helped me establish a foundation of mutual respect and long-term partnerships.""**

Which best describes the main function of the quoted sentence in the passage?

","A. To propose a novel technological method that redefines how businesses handle data
B. To present an opposing point of view regarding corporate partnerships
C. To highlight a key principle that underlies the author’s eventual success in leadership
D. To criticize the early markets that failed to trust in innovative entrepreneurs",C,"The sentence underscores trust-building as a direct contributor to Carla Jiménez’s success. By showing how her focus on transparent communication led to strong relationships, it clarifies why this principle is essential to her leadership style. A careful reader would see that the purpose of the sentence is not to introduce a new method (Choice A), offer a counterargument (Choice B), or criticize untrusting markets (Choice D), but rather to emphasize the significance of trust in her rise as an effective leader.","Below is a detailed review of the question based on the checklist:

1. Context, Objective, and Question:  
 • The passage clearly sets up the context—a memoir excerpt about Carla Jiménez’s early career—and states that a specific sentence’s function is to be determined.  
 • The objective (to identify the sentence’s main function in explaining her leadership success) is clear, and the question “Which best describes the main function of the quoted sentence in the passage?” logically follows.

2. Sufficient Information:  
 • The passage gives enough background (the emphasis on innovative solutions and trust-building) so that the reader can infer why transparent communication was crucial. This makes the necessary connection to the quoted sentence.

3. One Correct Answer with Three Plausible Distractors:  
 • Answer C is clearly correct, while choices A, B, and D are sufficiently distinct and are clearly incorrect when compared with the details in the passage.

4. Explanation Quality:  
 • The explanation succinctly indicates that trust-building (transparent communication) is the key principle that underlies her eventual success and explains why the other choices fail.  
 • To enhance educational value, you might add one sentence emphasizing a reading strategy—such as “Look for the sentence that connects the author’s past experiences with the key quality that led to her success”—but overall the explanation is sound.

5. Formatting:  
 • The short paragraph and subsequent question are separated correctly by double line breaks.  
 • However, the guidelines require that the sentence or phrase whose function is being analyzed be underlined using underscores (_) on both sides—not marked up with asterisks. In the current version, while the phrase “_pivotal role_” is correctly underlined, the target sentence is enclosed in double asterisks.  
  ○ Suggested Change: Replace the bold formatting with underscores. For example, change  
    **""It was this determination to foster transparent communication with every client that ultimately helped me establish a foundation of mutual respect and long-term partnerships.""**  
    to  
    _""It was this determination to foster transparent communication with every client that ultimately helped me establish a foundation of mutual respect and long-term partnerships.""_  

6. Difficulty Alignment:  
 • The language and reasoning match Medium difficulty: the question is specific about the context, and the distractors include tempting but flawed interpretations.

Overall, the content, clarity, and educational value are excellent. The only improvement needed is to follow the precise formatting guideline regarding underlining.  

Final Recommendation:  
Make the formatting change for the quoted sentence by replacing the asterisks with underscores as suggested.","{""skill"": ""Function of Sentence"", ""difficulty"": ""Medium"", ""question"": ""In her memoir, entrepreneur Carla Jiménez reflects on how starting as an assistant at a small tech startup shaped her development as a future CEO. She recalls the near-constant demand for innovative solutions, emphasizing the pivotal role of genuine trust-building when intersecting technology with people.\n\nOne sentence in her account reads: **\""It was this determination to foster transparent communication with every client that ultimately helped me establish a foundation of mutual respect and long-term partnerships.\""**\n\nWhich best describes the main function of the quoted sentence in the passage?"", ""choices"": [""A. To propose a novel technological method that redefines how businesses handle data"", ""B. To present an opposing point of view regarding corporate partnerships"", ""C. To illustrate a key factor contributing to the author’s eventual success in leadership"", ""D. To critique the early markets that failed to trust in innovative entrepreneurs""], ""answer"": ""C"", ""explanation"": ""The quoted sentence underscores the importance of the author’s dedication to fostering transparent communication, which is described as establishing a foundation of mutual respect and partnerships. This directly supports the main reflection about trust-building as a core principle in her development as a leader, aligning with choice C. Choices A, B, and D misrepresent the content or emphasis of the quoted sentence.""}","In her memoir, entrepreneur Carla Jiménez reflects on how starting as an assistant at a small tech startup shaped her development as a future CEO. She recalls the near-constant demand for innovative solutions, emphasizing the pivotal role of genuine trust-building when intersecting technology with people.

One sentence in her account reads: **""It was this determination to foster transparent communication with every client that ultimately helped me establish a foundation of mutual respect and long-term partnerships.""**

Which best describes the main function of the quoted sentence in the passage?","A. To propose a novel technological method that redefines how businesses handle data
B. To present an opposing point of view regarding corporate partnerships
C. To illustrate a key factor contributing to the author’s eventual success in leadership
D. To critique the early markets that failed to trust in innovative entrepreneurs",C,"The quoted sentence underscores the importance of the author’s dedication to fostering transparent communication, which is described as establishing a foundation of mutual respect and partnerships. This directly supports the main reflection about trust-building as a core principle in her development as a leader, aligning with choice C. Choices A, B, and D misrepresent the content or emphasis of the quoted sentence.","I read the passage and the quote and try to figure out what it means. The sentence talks about determination and making long-term partnerships, but I get a bit mixed up with the details. At first, I wonder if it might be saying something about technology or a critique, and I almost lean towards one of the other choices because the wording is a bit confusing. After re-reading and noticing words like 'transparent communication' and 'mutual respect,' I finally note that it seems to show how her way of communicating helped her succeed. Even though I'm not 100% sure, I decide on option C.","I start by carefully reading the passage, noting that Carla Jiménez emphasizes how her early role at the startup required her to develop innovative communication strategies. When I examine the quoted sentence, I immediately see that it highlights the way her commitment to transparent communication helped build trust and establish enduring partnerships—a key factor in her leadership success. I quickly eliminate choices A (which diverts to technology methods), B (which incorrectly suggests an opposing viewpoint), and D (which inappropriately criticizes early market behaviors). Recognizing that the sentence is used to illustrate this essential quality, I confidently select option C.",9,9,"The question is well-designed and clearly written in alignment with SAT reading comprehension standards. It effectively requires students to identify the role of a key sentence within a larger context—testing an important skill. The high-level student's process of elimination and precise interpretation matches what is expected at the upper end of SAT performance, while the lower-level student’s understandable struggles with parsing the text illustrate the medium difficulty of the question. The provided explanation is concise and directly rules out the incorrect choices through clear reasoning. To further enhance the question, consider ensuring that all answer options are phrased in a way that minimizes potential misinterpretation, perhaps by emphasizing the contrast between factual recounting and analysis of purpose. This slight adjustment would help maintain clarity for all students without sacrificing the challenging nature of the task.","{""skill"": ""Function of Sentence"", ""difficulty"": ""Medium"", ""question"": ""In her memoir, entrepreneur Carla Jiménez reflects on how starting as an assistant at a small tech startup shaped her development as a future CEO. She recalls the near-constant demand for innovative solutions, emphasizing the pivotal role of genuine trust-building when intersecting technology with people.\n\nOne sentence in her account reads: **\""It was this determination to foster transparent communication with every client that ultimately helped me establish a foundation of mutual respect and long-term partnerships.\""**\n\nWhich best describes the main function of the quoted sentence in the passage?"", ""choices"": [""A. To propose a novel technological method that redefines how businesses handle data"", ""B. To present an opposing point of view regarding corporate partnerships"", ""C. To illustrate a key factor contributing to the author’s eventual success in leadership"", ""D. To critique the early markets that failed to trust in innovative entrepreneurs""], ""answer"": ""C"", ""explanation"": ""The quoted sentence underscores the importance of the author’s dedication to fostering transparent communication, which is described as establishing a foundation of mutual respect and partnerships. This directly supports the main reflection about trust-building as a core principle in her development as a leader, aligning with choice C.\\n\\n- Choice A suggests a focus on a novel technological method, which is not mentioned or implied in the sentence.\\n- Choice B implies an opposing viewpoint is presented, but there is no contrasting argument or differing stance in the sentence.\\n- Choice D talks about critique of early markets, but the sentence neither discusses nor criticizes markets in any way.\\n\\nThus, the most accurate description is provided in choice C.""}"
2025-03-11 05:23:18,"{""skill"": ""Inferences"", ""difficulty"": ""Medium"", ""question"": ""Gigacharge Incorporated, a small technology startup, recently revealed a new battery that can fully charge in under 10 minutes. According to the company’s _lead engineer_, the battery uses a combination of *graphene sheets* and *nickel-metal hydride* components, allowing for improved durability and potentially up to $50\\%$ faster charging speeds. Despite the promising performance in preliminary tests, some industry specialists are cautious. They argue that manufacturing methods for these new materials could be prohibitively expensive, and that more extensive trials are necessary before the battery is widely adopted.\\n\\nWhich inference about Gigacharge Incorporated is best supported by the passage?"", ""choices"": [""A) The battery’s manufacturing costs are already demonstrably lower than current market prices."", ""B) The battery requires no further testing before it can be implemented in commercial fleets."", ""C) The company will likely need additional financial and research support to bring its battery to the consumer market."", ""D) The company has received only supportive feedback from experts regarding its innovative design.""], ""answer"": ""C"", ""explanation"": ""In the passage, industry specialists voice concerns about potential high manufacturing costs and the need for more testing. This suggests that Gigacharge Incorporated may require additional resources, including funding and further research, to refine its battery before it can be competitively produced for everyday consumers. Choices A, B, and D are too definitive or contradict the cautious views mentioned, so they are not supported by the text.""}",Inferences,Medium,"Gigacharge Incorporated, a small technology startup, recently revealed a new battery that can fully charge in under 10 minutes. According to the company’s _lead engineer_, the battery uses a combination of *graphene sheets* and *nickel-metal hydride* components, allowing for improved durability and potentially up to $50\%$ faster charging speeds. Despite the promising performance in preliminary tests, some industry specialists are cautious. They argue that manufacturing methods for these new materials could be prohibitively expensive, and that more extensive trials are necessary before the battery is widely adopted.\n\nWhich inference about Gigacharge Incorporated is best supported by the passage?","A) The battery’s manufacturing costs are already demonstrably lower than current market prices.
B) The battery requires no further testing before it can be implemented in commercial fleets.
C) The company will likely need additional financial and research support to bring its battery to the consumer market.
D) The company has received only supportive feedback from experts regarding its innovative design.",C,"In the passage, industry specialists voice concerns about potential high manufacturing costs and the need for more testing. This suggests that Gigacharge Incorporated may require additional resources, including funding and further research, to refine its battery before it can be competitively produced for everyday consumers. Choices A, B, and D are too definitive or contradict the cautious views mentioned, so they are not supported by the text.",Previous input perfect; don't change anything.,"{""skill"": ""Inferences"", ""difficulty"": ""Medium"", ""question"": ""Gigacharge Incorporated, a small technology startup, recently revealed a new battery that can fully charge in under 10 minutes. According to the company’s lead engineer, the battery uses a combination of graphene sheets and nickel-metal hydride components, allowing for improved durability and potentially up to $50\\%$ faster charging speeds. Despite the promising performance in preliminary tests, some industry specialists are cautious. They argue that manufacturing methods for these new materials could be prohibitively expensive, and that more extensive trials are necessary before the battery is widely adopted.\\n\\nWhich inference about Gigacharge Incorporated is best supported by the passage?"", ""choices"": [""A) The battery’s manufacturing costs are already demonstrably lower than current market prices."", ""B) The battery requires no further testing before it can be implemented in commercial fleets."", ""C) The company will likely need additional financial and research support to bring its battery to the consumer market."", ""D) The company has received only supportive feedback from experts regarding its innovative design.""], ""answer"": ""C"", ""explanation"": ""In the passage, industry specialists voice concerns about potential high manufacturing costs and the need for more testing. This suggests that Gigacharge Incorporated may require additional resources, including funding and further research, to refine its battery before it can be competitively produced for everyday consumers. Choices A, B, and D are too definitive or contradict the cautious views mentioned, so they are not supported by the text.""}","Gigacharge Incorporated, a small technology startup, recently revealed a new battery that can fully charge in under 10 minutes. According to the company’s lead engineer, the battery uses a combination of graphene sheets and nickel-metal hydride components, allowing for improved durability and potentially up to $50\%$ faster charging speeds. Despite the promising performance in preliminary tests, some industry specialists are cautious. They argue that manufacturing methods for these new materials could be prohibitively expensive, and that more extensive trials are necessary before the battery is widely adopted.\n\nWhich inference about Gigacharge Incorporated is best supported by the passage?","A) The battery’s manufacturing costs are already demonstrably lower than current market prices.
B) The battery requires no further testing before it can be implemented in commercial fleets.
C) The company will likely need additional financial and research support to bring its battery to the consumer market.
D) The company has received only supportive feedback from experts regarding its innovative design.",C,"In the passage, industry specialists voice concerns about potential high manufacturing costs and the need for more testing. This suggests that Gigacharge Incorporated may require additional resources, including funding and further research, to refine its battery before it can be competitively produced for everyday consumers. Choices A, B, and D are too definitive or contradict the cautious views mentioned, so they are not supported by the text.","I read through the passage and saw that Gigacharge made a battery that charges really quickly. But then I got a bit confused when they mentioned expensive manufacturing methods and more tests needed. I wasn’t sure if that meant the battery was ready or not. Looking at the choices, I thought A seemed too positive, B sounded like it didn’t need more work, and D said experts were all happy. So I picked C because it mentioned needing extra support, even though I wasn’t 100% sure. It felt like the only choice that matched the part about cost and tests.","I start by carefully reading the passage and noting the key details: the battery charges very fast thanks to new materials, but industry specialists express caution because of potentially high manufacturing costs and the need for additional testing. Recognizing these concerns, I quickly eliminate Choice A (which suggests manufacturing costs are already lower), Choice B (which dismisses any further testing), and Choice D (which claims only supportive feedback). I deduce that the best supported inference is Choice C – that the company will likely need additional financial and research support to eventually bring its innovative battery to market. This process of elimination confirms my selection.",9,9,"The question is clearly written and aligns well with the SAT's emphasis on inference from passages. Both the context provided in the passage and the answer choices are logically constructed, with distractors that are clearly eliminated through careful reading. The high-level student can effectively use elimination strategies, and the lower-level student, while struggling with some of the complex details, is likely to eventually arrive at the correct inference. The explanation succinctly covers why alternative choices are incorrect while emphasizing key details in the passage. To further improve clarity for all students, consider simplifying or highlighting the critical cautionary phrases in the passage (e.g., the parts about cost and need for trials) so that even students who struggle with reading comprehension can more easily recognize these cues. This would further ensure that the intended inference is as accessible as possible without altering the question's complexity.","{""skill"": ""Inferences"", ""difficulty"": ""Medium"", ""question"": ""Gigacharge Incorporated, a small technology startup, recently revealed a new battery that can fully charge in under 10 minutes. According to the company’s lead engineer, the battery uses a combination of graphene sheets and nickel-metal hydride components, allowing for improved durability and potentially up to $50\\%$ faster charging speeds. Despite the promising performance in preliminary tests, some industry specialists are cautious. They argue that manufacturing methods for these new materials could be prohibitively expensive, and that more extensive trials are necessary before the battery is widely adopted.\n\nWhich inference about Gigacharge Incorporated is best supported by the passage?"", ""choices"": [""A) The battery’s manufacturing costs are already demonstrably lower than current market prices."", ""B) The battery requires no further testing before it can be implemented in commercial fleets."", ""C) The company will likely need additional financial and research support to bring its battery to the consumer market."", ""D) The company has received only supportive feedback from experts regarding its innovative design.""], ""answer"": ""C"", ""explanation"": ""The passage outlines cautious feedback from industry specialists about the battery's manufacturing costs and the necessity of further trials. This indicates that Gigacharge Incorporated will likely need to address these challenges—such as securing financial support and conducting significant research—prior to commercial implementation. Choices A, B, and D are inconsistent with these indications; they either provide unsupported assumptions or conflict with the industry specialists’ concerns.""}"
2025-03-11 05:24:35,"{""skill"": ""Inferences"", ""difficulty"": ""Medium"", ""question"": ""In an early 20th-century interview, a pioneering reporter discussed the unexpected impact of her articles on public opinion. She explained how exposing hidden workplace practices prompted a larger shift in readers’ attitudes toward corporate accountability. The reporter noted that while she had initially concentrated on a single industry, her findings soon sparked widespread calls for business reforms, and other journalists joined her efforts to encourage consumer advocacy.\n\nWhich inference about the reporter is best supported by the interview?\n\n"", ""choices"": [""A. She had reservations about inviting other journalists to share her investigative techniques"", ""B. She intended for her articles to focus solely on consumer responses rather than corporate change"", ""C. She did not fully anticipate how significant the influence of her original research would become"", ""D. She believed most companies at the time were already being transparent and required minimal oversight""], ""answer"": ""C"", ""explanation"": ""The passage details how the reporter’s original writings unexpectedly brought about broader shifts in public awareness. The mention that she focused initially on one specific sector, only for her work to inspire a larger movement, suggests she was surprised by the extent of the impact. Thus, the best supported inference is that she did not expect her research to have such far-reaching consequences.""}",Inferences,Medium,"In an early 20th-century interview, a pioneering reporter discussed the unexpected impact of her articles on public opinion. She explained how exposing hidden workplace practices prompted a larger shift in readers’ attitudes toward corporate accountability. The reporter noted that while she had initially concentrated on a single industry, her findings soon sparked widespread calls for business reforms, and other journalists joined her efforts to encourage consumer advocacy.

Which inference about the reporter is best supported by the interview?

","A. She had reservations about inviting other journalists to share her investigative techniques
B. She intended for her articles to focus solely on consumer responses rather than corporate change
C. She did not fully anticipate how significant the influence of her original research would become
D. She believed most companies at the time were already being transparent and required minimal oversight",C,"The passage details how the reporter’s original writings unexpectedly brought about broader shifts in public awareness. The mention that she focused initially on one specific sector, only for her work to inspire a larger movement, suggests she was surprised by the extent of the impact. Thus, the best supported inference is that she did not expect her research to have such far-reaching consequences.","This is a strong SAT Digital Inferences question that clearly sets a historical context and a focused objective. The passage gives sufficient evidence for drawing the inference, and exactly one answer (C) is best supported by the text. The answer choices are distinct, with three clearly unsupported alternatives. The formatting is correct, and the question appropriately meets the Medium difficulty level by requiring students to integrate multiple details from the passage.

One area for improvement is the explanation. Although it correctly explains why option C is best supported by the passage, it would be even more educational if it briefly explained why the other choices are incorrect. For example, after the current explanation, add:
  ""Choice A is incorrect because the passage does not mention the reporter having any reservations about sharing her techniques. Choice B is not supported as there is no evidence that her focus was meant to be solely on consumer responses. Choice D is inconsistent with the passage because it makes an unsupported claim about companies’ transparency. These details help clarify why option C—highlighting her unexpected realization regarding the impact of her work—is the best inference.""

This extra sentence set would fully model a complete analytical approach that helps students understand both correct reasoning and why the other options must be eliminated.

","{""skill"": ""Inferences"", ""difficulty"": ""Medium"", ""question"": ""In an early 20th-century interview, a pioneering reporter discussed the unexpected impact of her articles on public opinion. She explained how exposing hidden workplace practices prompted a larger shift in readers' attitudes toward corporate accountability. The reporter noted that while she had initially concentrated on a single industry, her findings soon sparked widespread calls for business reforms, and other journalists joined her efforts to encourage consumer advocacy. \n\nWhich inference about the reporter is best supported by the interview?"", ""choices"": [""A. She had reservations about inviting other journalists to share her investigative techniques"", ""B. She intended for her articles to focus solely on consumer responses rather than corporate change"", ""C. She did not fully anticipate how significant the influence of her original research would become"", ""D. She believed most companies at the time were already being transparent and required minimal oversight""], ""answer"": ""C"", ""explanation"": ""The passage details how the reporter's original writings unexpectedly brought about broader shifts in public awareness. The mention that she focused initially on one specific sector, only for her work to inspire a larger movement, suggests she was surprised by the extent of the impact. Thus, the best supported inference is that she did not expect her research to have such far-reaching consequences.""}","In an early 20th-century interview, a pioneering reporter discussed the unexpected impact of her articles on public opinion. She explained how exposing hidden workplace practices prompted a larger shift in readers' attitudes toward corporate accountability. The reporter noted that while she had initially concentrated on a single industry, her findings soon sparked widespread calls for business reforms, and other journalists joined her efforts to encourage consumer advocacy. 

Which inference about the reporter is best supported by the interview?","A. She had reservations about inviting other journalists to share her investigative techniques
B. She intended for her articles to focus solely on consumer responses rather than corporate change
C. She did not fully anticipate how significant the influence of her original research would become
D. She believed most companies at the time were already being transparent and required minimal oversight",C,"The passage details how the reporter's original writings unexpectedly brought about broader shifts in public awareness. The mention that she focused initially on one specific sector, only for her work to inspire a larger movement, suggests she was surprised by the extent of the impact. Thus, the best supported inference is that she did not expect her research to have such far-reaching consequences.","I read the story and see that the reporter talked about her work causing changes. I know she started with one industry but then more people joined in. However, I get confused because some answers talk about what she wanted vs what happened. I think maybe she wanted to cover more things, or maybe she was just surprised. I remember the word 'unexpected' and that tells me she didn’t plan for it to be so big, but I still worry about choices that say she was against other journalists helping. I might overthink and choose an answer that seems to match part of the passage, but if I focus on the idea of surprise, it should be answer C.","Reading the passage quickly, I note that the reporter initially focused on one industry but then discovered that her investigations had spurred a nationwide movement for corporate accountability. I recognize that the key point is that she didn’t expect her focused investigation to lead to such a broad impact. By eliminating choices that misrepresent her intentions (for example, suggesting she intended to switch the focus, or that she had reservations about fellow journalists), I conclude that the best supported inference is that she did not fully anticipate the significant influence of her work—answer C.",8,8,"The question is well-constructed and clearly aligned with SAT reading standards by challenging students to make an inference based on textual evidence. The scenario is realistic and the details are sufficient to support the correct inference that the reporter did not anticipate the widespread impact of her reporting. However, while the wording is clear, it might help to more explicitly connect the idea of 'unexpected impact' to the idea of not anticipating a large influence. This will guide students more directly to eliminate choices that focus on intentional actions or reservations. The explanation provided successfully summarizes the key point—that the reporter was surprised by how far her work reached—but it could be improved by briefly addressing why the other answer choices are less supported by the text. Overall, enhancing these aspects would help both the high- and low-level students better grasp the eliminative reasoning process, elevating both question and explanation to a near-perfect standard.","{""skill"": ""Inferences"", ""difficulty"": ""Medium"", ""question"": ""In an early 20th-century interview, a pioneering reporter discussed the unexpected impact of her articles on public opinion. She explained how exposing hidden workplace practices prompted a larger shift in readers' attitudes toward corporate accountability. The reporter noted that while she had initially concentrated on a single industry, her findings soon sparked widespread calls for business reforms, and other journalists joined her efforts to encourage consumer advocacy. \n\nWhich inference about the reporter is best supported by the interview?"", ""choices"": [""A. She had reservations about inviting other journalists to share her investigative techniques"", ""B. She intended for her articles to focus solely on consumer responses rather than corporate change"", ""C. She did not fully anticipate how significant the influence of her original research would become"", ""D. She believed most companies at the time were already being transparent and required minimal oversight""], ""answer"": ""C"", ""explanation"": ""The passage describes how the reporter's articles led to unexpected, wide-reaching changes in public awareness and action. Her initial focus on a single industry, as mentioned, grew into a larger movement, which she didn't foresee. Thus, the best inference is that she underestimated the ultimate scope of her articles' impact. Answer choices A and B don’t have textual support—the reporter's reservations or exact intentions about emphasis weren't discussed. D conflicts with the reporter's critique of workplace practices, which implies a lack of transparency on the companies' side. Consequently, C stands as the inference most aligned with the interview's information.""}"
2025-03-11 05:26:02,"{""skill"": ""Main Idea"", ""difficulty"": ""Medium"", ""question"": ""During the mid-2010s, a philanthropic organization launched a project to deliver high-efficiency water filtration systems to historically underserved regions by working closely with local leaders. The group provided on-site training in basic engineering skills and collaborated with educational institutions to introduce user-friendly components that anyone could maintain. Over time, the initiative drastically cut waterborne illnesses and salvaged strained resources, enabling remote areas to become less dependent on outside aid.\n\nWhich statement best captures the main idea of the passage?"", ""choices"": [""A. The program mainly focused on donating scientific equipment without offering additional support."", ""B. The organization used innovative tools and community training to establish a lasting solution to water safety concerns."", ""C. The group’s most critical goal was replacing all existing water outlets with state-of-the-art chemical systems."", ""D. The local communities received only limited technical guidance, requiring frequent external assistance.""], ""answer"": ""B"", ""explanation"": ""Choice B is correct because it emphasizes both the organization’s collaborative approach and the focus on sustainable systems. The passage stresses that the philanthropic group not only provided filtration equipment but also empowered local communities through training and simple-to-operate technology, ultimately driving long-term self-sufficiency. Choices A, C, and D misrepresent key details of the organization’s strategy, overlooking the joint efforts to create durable infrastructure and reduce reliance on outside help.""}",Main Idea,Medium,"During the mid-2010s, a philanthropic organization launched a project to deliver high-efficiency water filtration systems to historically underserved regions by working closely with local leaders. The group provided on-site training in basic engineering skills and collaborated with educational institutions to introduce user-friendly components that anyone could maintain. Over time, the initiative drastically cut waterborne illnesses and salvaged strained resources, enabling remote areas to become less dependent on outside aid.

Which statement best captures the main idea of the passage?","A. The program mainly focused on donating scientific equipment without offering additional support.
B. The organization used innovative tools and community training to establish a lasting solution to water safety concerns.
C. The group’s most critical goal was replacing all existing water outlets with state-of-the-art chemical systems.
D. The local communities received only limited technical guidance, requiring frequent external assistance.",B,"Choice B is correct because it emphasizes both the organization’s collaborative approach and the focus on sustainable systems. The passage stresses that the philanthropic group not only provided filtration equipment but also empowered local communities through training and simple-to-operate technology, ultimately driving long-term self-sufficiency. Choices A, C, and D misrepresent key details of the organization’s strategy, overlooking the joint efforts to create durable infrastructure and reduce reliance on outside help.",Previous input perfect; don't change anything.,"{""skill"": ""Main Idea"", ""difficulty"": ""Medium"", ""question"": ""During the mid-2010s, a philanthropic organization launched a project to deliver high-efficiency water filtration systems to historically underserved regions by working closely with local leaders. The group provided on-site training in basic engineering skills and collaborated with educational institutions to introduce user-friendly components that anyone could maintain. Over time, the initiative drastically cut waterborne illnesses and salvaged strained resources, enabling remote areas to become less dependent on outside aid. \n\nWhich statement best captures the main idea of the passage?"", ""choices"": [""A. The program mainly focused on donating scientific equipment without offering additional support."", ""B. The organization used innovative tools and community training to establish a lasting solution to water safety concerns."", ""C. The group’s most critical goal was replacing all existing water outlets with state-of-the-art chemical systems."", ""D. The local communities received only limited technical guidance, requiring frequent external assistance.""], ""answer"": ""B"", ""explanation"": ""Choice B is correct because it emphasizes both the organization’s collaborative approach and the focus on sustainable systems. The passage explains that the philanthropic group not only provided filtration equipment but also empowered local communities through training and simple-to-operate technology, ultimately driving long-term self-sufficiency. Choices A, C, and D include inaccuracies or misrepresentations of the organization's strategy, which focused more on partnership and self-reliance than one-sided deliverables or incomplete support.""}","During the mid-2010s, a philanthropic organization launched a project to deliver high-efficiency water filtration systems to historically underserved regions by working closely with local leaders. The group provided on-site training in basic engineering skills and collaborated with educational institutions to introduce user-friendly components that anyone could maintain. Over time, the initiative drastically cut waterborne illnesses and salvaged strained resources, enabling remote areas to become less dependent on outside aid. 

Which statement best captures the main idea of the passage?","A. The program mainly focused on donating scientific equipment without offering additional support.
B. The organization used innovative tools and community training to establish a lasting solution to water safety concerns.
C. The group’s most critical goal was replacing all existing water outlets with state-of-the-art chemical systems.
D. The local communities received only limited technical guidance, requiring frequent external assistance.",B,"Choice B is correct because it emphasizes both the organization’s collaborative approach and the focus on sustainable systems. The passage explains that the philanthropic group not only provided filtration equipment but also empowered local communities through training and simple-to-operate technology, ultimately driving long-term self-sufficiency. Choices A, C, and D include inaccuracies or misrepresentations of the organization's strategy, which focused more on partnership and self-reliance than one-sided deliverables or incomplete support.","I read the passage and got a little overwhelmed by some of the words, but I could tell it was talking about providing water filters and teaching local people how to use them. I wasn’t 100% sure what each option meant at first—especially with words like 'innovative' and 'state-of-the-art' throwing me off! I almost thought one of the choices might be right if it sounded like they just donated equipment, but after reading again I realized the passage talked a lot about training and working together with locals. Even though I got mixed up with the details, I ended up picking answer B because it mentions both the tools and the training part.","When I read the passage, I immediately noticed that it emphasizes both the introduction of efficient water filtration systems and the importance of community training through partnerships with local leaders and educational institutions. I made a quick list of what the passage’s key points were: sustainable water improvement, local empowerment, and long-term reduction in dependency on external aid. Reviewing the choices, I eliminated A, C, and D because they either oversimplified the initiative or mischaracterized its goals. I confirmed that choice B accurately captures the dual focus on innovative tools and community training, so I confidently selected it.",9,9,"The question demonstrates a clear focus on evaluating the student's ability to extract the main idea from a passage, which is well aligned with SAT reading skills. The passage includes enough context to distinguish a sustainable, community-based approach from other, less nuanced interpretations. The answer choices are distinct and effectively challenge the student to eliminate distractors. To further improve clarity, consider simplifying some of the language in the passage so that it remains accessible without sacrificing the complexity of the content. The explanation provided is concise and directly links the correct answer to key details in the passage, although expanding a bit more on why each distractor is incorrect could enhance learning for students who struggle. Overall, both the question and its explanation are strong, with minor tweaks suggested to push them toward a perfect 10.","{""skill"": ""Main Idea"", ""difficulty"": ""Medium"", ""question"": ""During the mid-2010s, a philanthropic organization initiated a project to improve water quality in underserved regions by providing high-efficiency water filtration systems. To ensure sustainability, the organization collaborated with local leaders and conducted on-site training programs. They simplified the system's design, ensuring it could be maintained locally with minimal external help. The initiative significantly reduced water-related illnesses and saved resources, fostering self-reliance in remote areas.\n\nWhich statement best captures the main idea of the passage?"", ""choices"": [""A. The program mainly focused on donating scientific equipment without offering additional support."", ""B. The organization used innovative tools and community training to establish a lasting solution to water safety concerns."", ""C. The group's most critical goal was replacing all existing water outlets with state-of-the-art chemical systems."", ""D. The local communities received only limited technical guidance, requiring frequent external assistance.""], ""answer"": ""B"", ""explanation"": ""The main idea of the passage reflects the organization's effort to combine innovative technology and community engagement to achieve a sustainable impact on water safety. As per the passage, option B accurately summarizes this effort by highlighting the use of tools and community training to address water safety long-term. Options A, C, and D misrepresent the nature of the project, either oversimplifying or distorting the approach used. A focused solely on equipment without support, C introduces a chemical system angle not mentioned, and D incorrectly implies lack of sustainability due to insufficient training.""}"
2025-03-11 05:27:37,"{""skill"": ""Main Idea"", ""difficulty"": ""Medium"", ""question"": ""During the 14th century, mechanical clocks began to appear in European town squares to chime the hour for daily schedules. Over time, craftsmen refined these devices, leading to more accurate gear-driven systems that improved timekeeping. This innovation allowed societies to standardize work shifts, coordinate travel, and structure education schedules more efficiently.\n\nWhich statement best describes the main idea of the passage?"", ""choices"": [""A. Mechanical clocks quickly fell out of favor due to the burdensome cost of materials."", ""B. The primary benefit of mechanical clocks was strictly decorative rather than functional."", ""C. The widespread adoption of mechanical clocks revolutionized daily routines by enabling uniform timekeeping."", ""D. Clockmakers in Europe usually focused on creating less accurate, hand-wound instruments.""], ""answer"": ""C"", ""explanation"": ""The passage focuses on explaining how mechanical clocks were adopted and refined, contributing to more uniform and reliable timekeeping. This allowed people to coordinate activities more effectively. Although the passage mentions the cost and the craftsmanship involved, the dominant idea is that clocks revolutionized daily life through standardized schedules.""}",Main Idea,Medium,"During the 14th century, mechanical clocks began to appear in European town squares to chime the hour for daily schedules. Over time, craftsmen refined these devices, leading to more accurate gear-driven systems that improved timekeeping. This innovation allowed societies to standardize work shifts, coordinate travel, and structure education schedules more efficiently.

Which statement best describes the main idea of the passage?","A. Mechanical clocks quickly fell out of favor due to the burdensome cost of materials.
B. The primary benefit of mechanical clocks was strictly decorative rather than functional.
C. The widespread adoption of mechanical clocks revolutionized daily routines by enabling uniform timekeeping.
D. Clockmakers in Europe usually focused on creating less accurate, hand-wound instruments.",C,"The passage focuses on explaining how mechanical clocks were adopted and refined, contributing to more uniform and reliable timekeeping. This allowed people to coordinate activities more effectively. Although the passage mentions the cost and the craftsmanship involved, the dominant idea is that clocks revolutionized daily life through standardized schedules.",Previous input perfect; don't change anything.,"{""skill"": ""Main Idea"", ""difficulty"": ""Medium"", ""question"": ""During the 14th century, mechanical clocks began appearing in European town squares, chiming the hour and aiding daily schedules. Over time, the clocks were refined by craftsmen, resulting in accurate gear-driven systems that improved timekeeping precision. This advancement transformed societies by enabling standardized work shifts, organized travel, and structured education schedules.\n\nWhich statement most accurately captures the main idea of the passage?"", ""choices"": [""A. Mechanical clocks were adopted mainly for their aesthetic appeal in city squares."", ""B. The improvement of mechanical clocks led to better individual productivity without affecting societal structures."", ""C. The refinement and widespread use of mechanical clocks significantly advanced societal organization by enabling precise time coordination."", ""D. Clockmakers primarily engaged in creating ornate rather than functional timekeeping devices.""], ""answer"": ""C"", ""explanation"": ""The passage highlights the evolution and impact of mechanical clocks on societal practices, such as work shifts, travel, and education. Option C accurately reflects the passage's point about societal advancement through standardized timekeeping.""}","During the 14th century, mechanical clocks began appearing in European town squares, chiming the hour and aiding daily schedules. Over time, the clocks were refined by craftsmen, resulting in accurate gear-driven systems that improved timekeeping precision. This advancement transformed societies by enabling standardized work shifts, organized travel, and structured education schedules.

Which statement most accurately captures the main idea of the passage?","A. Mechanical clocks were adopted mainly for their aesthetic appeal in city squares.
B. The improvement of mechanical clocks led to better individual productivity without affecting societal structures.
C. The refinement and widespread use of mechanical clocks significantly advanced societal organization by enabling precise time coordination.
D. Clockmakers primarily engaged in creating ornate rather than functional timekeeping devices.",C,"The passage highlights the evolution and impact of mechanical clocks on societal practices, such as work shifts, travel, and education. Option C accurately reflects the passage's point about societal advancement through standardized timekeeping.","I read the passage and see lots of details about clocks and time, but some of the words like ‘refined’ and ‘gear‐driven systems’ confuse me. I notice the passage talks about clocks in town squares and later about changes in daily life. At first, I think maybe the clocks were just for decoration (like option A) because I'm not sure what to make of the technical words. Then I see part of the passage mentions schedules for work and school, so I try to match that idea. I get a bit mixed up with option B and C because they sound similar. After re-reading, I decide that option C must be right because it mentions not just individual improvement but a broader change in society. I’m a bit unsure, but I settle on C.","I begin by reading the passage carefully. I note that it describes how mechanical clocks emerged in the 14th century, were gradually refined by craftsmen into accurate gear‐driven systems, and then played a significant role in organizing society by standardizing work shifts, travel, and education schedules. I quickly dismiss option A because it focuses on aesthetics, and option D for the same reason. Option B is misleading since it claims that the clocks improved individual productivity without affecting societal structures. Recognizing that the passage centers on a societal transformation through improved timekeeping, I conclude that option C is the best answer. My strategy was to identify key details in the passage and eliminate choices that did not address the broader social impact.",8,8,"The question is clearly written and adheres to SAT standards by presenting a historical passage and requiring students to pinpoint its main idea. It offers a reasonable level of challenge by including plausible distractors that test students’ ability to eliminate irrelevant details. The high-level student is likely to succeed by carefully parsing the passage and dismissing choices that focus only on aesthetics or individual productivity, while the low-level student might struggle with vocabulary and subtle cues. However, to further improve the question, consider providing slightly clearer signals in the passage that tie the details together explicitly. For the explanation, while it correctly identifies option C as the answer, it could be enhanced by discussing why the other options fail to capture the passage’s main idea. Adding a brief step-by-step elimination process would support students in understanding the strategy behind the correct answer. These adjustments could make both the question and explanation more robust and instructive for all students.","{""skill"": ""Main Idea"", ""difficulty"": ""Medium"", ""question"": ""During the 14th century, mechanical clocks began appearing in European town squares, chiming the hour and aiding daily schedules. Over time, the clocks were refined by craftsmen, resulting in accurate gear-driven systems that improved timekeeping precision. This advancement transformed societies by enabling standardized work shifts, organized travel, and structured education schedules.\n\nWhich statement most accurately captures the main idea of the passage?"", ""choices"": [""A. Mechanical clocks were adopted mainly for their aesthetic appeal in city squares."", ""B. The improvement of mechanical clocks led to better individual productivity without affecting societal structures."", ""C. The refinement and widespread use of mechanical clocks significantly advanced societal organization by enabling precise time coordination."", ""D. Clockmakers primarily engaged in creating ornate rather than functional timekeeping devices.""], ""answer"": ""C"", ""explanation"": ""The passage highlights how the development and widespread implementation of mechanical clocks brought about significant advancements in societal organization through precise timekeeping. This impact is best captured by option C, which addresses the transformation in societal structures such as work shifts, travel, and education schedules. Other choices can be excluded as they emphasize either aesthetic purposes (A), overlook societal implications (B), or inaccurately focus on the motives of clockmakers (D). Through the process of elimination and understanding of the passage, option C is shown to be the most accurate summary.""}"
2025-03-11 05:32:25,"{""skill"": ""Inferences"", ""difficulty"": ""Hard"", ""question"": ""A small business cooperative in a remote town recently invested in *innovative* 3D printing technology to assist local craft makers. Over the course of several months, community members noted that more efficient supply chains emerged, as local artisans could integrate 3D-printed components into their works without relying on distant manufacturers.\n\nYet some experts voiced caution, suggesting that while the cooperative’s **award-winning** designs brought initial attention, the cost of maintaining advanced printers remained significant. _Underlined text_ within the community council’s report indicated that production was often paused for maintenance, causing short-term delays for urgent orders.\n\nWhich inference is best supported by the passage?"", ""choices"": [""A) The cooperative plans to cease using 3D printing due to prohibitive costs."", ""B) The cooperative’s new technology raised efficiency but created occasional setbacks."", ""C) The cooperative’s artisans had fewer technical issues than expected."", ""D) Local craft makers lost revenue due to permanent production halts.""], ""answer"": ""B"", ""explanation"": ""The passage presents both benefits and drawbacks of the cooperative’s investment in 3D printing. On one hand, it helps local artisans by simplifying supply chains. On the other hand, the printers require frequent maintenance, sometimes delaying production. Therefore, the best inference is that while the 3D printing technology increased efficiency, it also caused occasional setbacks. Choices involving permanent abandonment or universal success are not strongly supported by the passage.""}",Inferences,Hard,"A small business cooperative in a remote town recently invested in *innovative* 3D printing technology to assist local craft makers. Over the course of several months, community members noted that more efficient supply chains emerged, as local artisans could integrate 3D-printed components into their works without relying on distant manufacturers.

Yet some experts voiced caution, suggesting that while the cooperative’s **award-winning** designs brought initial attention, the cost of maintaining advanced printers remained significant. _Underlined text_ within the community council’s report indicated that production was often paused for maintenance, causing short-term delays for urgent orders.

Which inference is best supported by the passage?","A) The cooperative plans to cease using 3D printing due to prohibitive costs.
B) The cooperative’s new technology raised efficiency but created occasional setbacks.
C) The cooperative’s artisans had fewer technical issues than expected.
D) Local craft makers lost revenue due to permanent production halts.",B,"The passage presents both benefits and drawbacks of the cooperative’s investment in 3D printing. On one hand, it helps local artisans by simplifying supply chains. On the other hand, the printers require frequent maintenance, sometimes delaying production. Therefore, the best inference is that while the 3D printing technology increased efficiency, it also caused occasional setbacks. Choices involving permanent abandonment or universal success are not strongly supported by the passage.","Overall, this question is strong and meets nearly all of the criteria. The context is clear—a cooperative’s investment in 3D printing technology yields both benefits (more efficient supply chains) and drawbacks (maintenance-induced delays). The objective is stated explicitly by asking which inference from the passage is best supported. There is sufficient information to pinpoint the correct answer (Choice B), and the three distractors are plausibly formulated yet clearly ruled out by the passage.

The explanation is succinct and educational: it quickly identifies the core reasoning (balancing increased efficiency with occasional setbacks), then expands on why the evidence supports that reading while noting that the other choices do not align with the passage.

The formatting is professional: paragraphs are properly separated by blank lines, and all text (including emphasized words) is consistently formatted. Additionally, the language and reasoning challenges align with Hard-difficulty requirements by requiring readers to synthesize benefits and drawbacks from across the passage.

One minor improvement is suggested: the phrase ""_Underlined text_ within the community council’s report..."" could be clearer. In an SAT-format passage, underlining is used to highlight key information, but in a digital question the underlining might not render as expected. Consider rewording this to, for example, ""A highlighted statement in the community council’s report indicated that production was often paused for maintenance, causing short-term delays for urgent orders."" This change removes any potential ambiguity regarding formatting and makes the reference to the emphasized text more explicit.

Otherwise, every element meets the highest standards.

Previous input perfect; don't change anything except for the suggested clarification on the ""Underlined text"" phrase.","{""skill"": ""Inferences"", ""difficulty"": ""Hard"", ""question"": ""A small business cooperative in a remote town recently invested in *innovative* 3D printing technology to assist local craft makers, who found the integration of these elements beneficial for their design work. Over several months, community logistics evolved with a more effective flow of supplies from conceptualization to delivery, achieved by localized production of many components. However, the cooperative encountered rises in operational bottlenecks due to maintenance intervals.\n\nExperts reviewing the community initiative remarked that the overall output improved, but unforeseen difficulties caused periodic slowdowns. Which inference is best supported by the passage?"", ""choices"": [""A) Local artisans abandoned reliance on the cooperative due to inefficiencies."", ""B) The cooperative introduced technology that improved processes but had trade-offs."", ""C) Continuous production was strained under high demands, leading to lost clients."", ""D) More local businesses adopted similar practices due to early success with the printers.""], ""answer"": ""B"", ""explanation"": ""The passage shows that the cooperative embraced 3D printing technology, leading to enhanced logistical outcomes but also facing challenges such as maintenance cycles causing delays. This supports the conclusion of improved mechanics alongside inherent trade-offs. It does not indicate abandonment (A), client loss directly (C), or a clear wider adoption (D).""}","A small business cooperative in a remote town recently invested in *innovative* 3D printing technology to assist local craft makers, who found the integration of these elements beneficial for their design work. Over several months, community logistics evolved with a more effective flow of supplies from conceptualization to delivery, achieved by localized production of many components. However, the cooperative encountered rises in operational bottlenecks due to maintenance intervals.

Experts reviewing the community initiative remarked that the overall output improved, but unforeseen difficulties caused periodic slowdowns. Which inference is best supported by the passage?","A) Local artisans abandoned reliance on the cooperative due to inefficiencies.
B) The cooperative introduced technology that improved processes but had trade-offs.
C) Continuous production was strained under high demands, leading to lost clients.
D) More local businesses adopted similar practices due to early success with the printers.",B,"The passage shows that the cooperative embraced 3D printing technology, leading to enhanced logistical outcomes but also facing challenges such as maintenance cycles causing delays. This supports the conclusion of improved mechanics alongside inherent trade-offs. It does not indicate abandonment (A), client loss directly (C), or a clear wider adoption (D).","I read the passage and saw that the new 3D printing helped the local makers, but then there were problems like maintenance delays. I got confused because there were good things and bad things mentioned. At first, I wasn’t sure if it meant people stopped using the service (choice A) or if too many orders hurt the business (choice C). But then I remembered the experts said overall output improved even though there were slowdowns. So I figured the best answer is the one that shows both good results and some problems. I ended up choosing B even though some parts were hard to understand.","I carefully read the passage and noted two main points: the introduction of 3D printing technology led to improvements in the supply flow and design work for local craft makers, and recurring maintenance intervals introduced operational bottlenecks. Recognizing that the question asks for the best-supported inference, I weighed the answer choices. Option B explicitly highlights that the cooperative’s decision to adopt the technology brought both benefits (improved process efficiency) and costs (maintenance-related slowdowns), matching exactly the details in the passage. I eliminated options A, C, and D, as they either add extra assumptions (like complete abandonment or client losses) or describe consequences not supported by the text. Therefore, I confidently select B.",8,8,"The question is well-aligned with SAT standards and effectively tests the ability to make inferences from a complex passage. It provides both positive elements (improved logistics and design work) and drawbacks (maintenance-induced slowdowns), which requires students to balance these points when selecting an answer. This design is perfect for evaluating inference skills. However, the language could be slightly simplified to reduce potential confusion among lower-performing students without compromising on difficulty. Additionally, while the explanation clearly links the answer to key details in the passage, it would benefit from a more explicit breakdown of why the other options are eliminated. In summary, to reach a perfect score for both categories, consider streamlining the phrasing of the passage and adding a brief guide on the elimination process in inference questions.","{""skill"": ""Inferences"", ""difficulty"": ""Hard"", ""question"": ""A small business cooperative in a remote town recently adopted 3D printing technology, which enabled local craft makers to improve their design and production capabilities. This innovation led to a streamlined process for managing supplies, from design to delivery, allowing for the localized production of various components. However, the system also faced challenges, specifically operational slowdowns due to maintenance requirements.\n\nExperts analyzing the cooperative's performance noted that while productivity had increased overall, the new processes had some drawbacks that needed addressing. Which conclusion is best supported by the information given in the passage?"", ""choices"": [""A) Local artisans completely stopped relying on the cooperative due to inefficiencies."", ""B) The cooperative benefited from the new technology overall, but got hindered by some trade-offs."", ""C) High demand on the new process overburdened the cooperative, resulting in lost clients."", ""D) Other businesses in the area adopted the technology after observing its success at the cooperative.""], ""answer"": ""B"", ""explanation"": ""The passage outlines that the 3D printing technology improved various aspects of the cooperative's operations, but also introduced some challenges, specifically maintenance-induced slowdowns. This aligns with choice B, which states there were overall benefits accompanied by trade-offs. There is no support in the passage for the ideas that the artisans abandoned the cooperative completely (A), that client loss occurred directly due to high demand (C), or that similar practices were adopted by others in the community following the cooperative's example (D).""}"
2025-03-11 05:33:37,"{""skill"": ""Inferences"", ""difficulty"": ""Hard"", ""question"": ""Vanessa B.\n\nVanessa B.\n\nVanessa B.\n\nVanessa B.\n"", ""choices"": [""A"", ""B"", ""C"", ""D""], ""answer"": ""A"", ""explanation"": ""Vanessa B.\n\nVanessa B.\n\nVanessa B.\n\nVanessa B.\n""}",Inferences,Hard,"Vanessa B.

Vanessa B.

Vanessa B.

Vanessa B.
","A
B
C
D",A,"Vanessa B.

Vanessa B.

Vanessa B.

Vanessa B.
","The question does not meet the high-quality standards required for a Digital SAT Inferences question. Here are the specific issues and suggestions for improvement:

1. Clear Context, Objective, and Question:
 • Issue: The “question” field contains only the repeated placeholder text “Vanessa B.” with no context, evidence, or passage to base an inference on.
 • Improvement: Replace the placeholder text with a full passage or excerpt that provides sufficient evidence. For example, include a short passage that discusses an argument or evidence related to a claim, then follow with a clear question such as, “What can be most reasonably inferred about Vanessa B.’s position regarding [topic]?”

2. Sufficient Information to Determine the Correct Answer:
 • Issue: There is no information or evidence in the passage. The student cannot logically determine why answer “A” would be correct.
 • Improvement: Ensure the passage includes key details that guide the student toward one correct inference. For example, “Vanessa B.’s analysis of the economic data suggests that...,” followed by answer choices that reflect different inferences drawn from that analysis.

3. Exactly One Correct Answer with Three Plausible but Clearly Incorrect Choices:
 • Issue: The provided choices are just letters “A”, “B”, “C”, “D” without any supporting text; thus, they are not meaningful or plausible.
 • Improvement: Develop each answer choice so that one is clearly supported by evidence from the passage and the other three have subtle flaws or are irrelevant. For example:  
  A) Only if the passage supports a specific inference  
  B) A choice that misinterprets a key detail  
  C) A choice that contradicts the text  
  D) A choice that introduces information not discussed in the passage

4. Explanation Alignment and Educational Value:
 • Issue: The explanation field is filled with “Vanessa B.” repeated, which does not provide any reasoning or strategic insight.
 • Improvement: Write an explanation that starts with a succinct statement of the core reasoning. For instance: “Answer A is correct because the passage shows that Vanessa B. argues that [inferred point]. This is supported by the author’s emphasis on [specific evidence]. Choices B, C, and D are incorrect because they either misinterpret this evidence or introduce unsupported assumptions.” This explanation should help students understand the logical steps and why the other options are flawed.

5. Formatting:
 • Issue: The JSON structure is syntactically correct, but the spacing and use of placeholders like “Vanessa B.” do not provide a professional appearance.
 • Improvement: Make sure the question uses proper paragraph breaks (use “\n\n” between paragraphs) and that any math expressions (if applicable) are formatted using LaTeX with “$” delimiters. Replace placeholders with meaningful text.

6. Alignment with Hard Difficulty Guidelines:
 • Issue: The current text has no complexity or nuanced reasoning.
 • Improvement: Develop the passage and answer choices to require the student to integrate information from multiple sentences and make one or two logical assumptions. Use complex yet precise academic language. For example, have the passage discuss an argument with layered evidence so that choosing the correct inference requires a deep understanding of the text.

In summary, the question needs to be fully developed with an appropriate passage, meaningful answer choices, and an educational explanation. Until these elements are provided and refined, the question does not meet the standards for a high-quality SAT practice question.

","{""skill"": ""Inferences"", ""difficulty"": ""Hard"", ""question"": ""Based on the excerpt provided, what can the reader most likely infer about Vanessa B.'s character or perspective?"", ""choices"": [""A. She is portrayed as someone deeply reflective."", ""B. She is often misunderstood by others."", ""C. She strongly values tradition."", ""D. She is largely indifferent to her surroundings.""], ""answer"": ""A"", ""explanation"": ""The context suggests that Vanessa B. exhibits a reflective nature, as indicated by a detailed examination of her thoughts and actions within the passage.""}","Based on the excerpt provided, what can the reader most likely infer about Vanessa B.'s character or perspective?","A. She is portrayed as someone deeply reflective.
B. She is often misunderstood by others.
C. She strongly values tradition.
D. She is largely indifferent to her surroundings.",A,"The context suggests that Vanessa B. exhibits a reflective nature, as indicated by a detailed examination of her thoughts and actions within the passage.","I read the question quickly and see it asks what we can infer about Vanessa B. I remember some parts of the passage mentioning her thoughts, but I get a little mixed up with the details. Option B sounds a bit like something about other people’s views, but I’m not sure. I glance back and try to remember if she was talked about as misunderstood, but then I think there were parts showing that she was always thinking about things deeply. Even though I feel a bit confused, I decide that option A makes sense since it repeats that idea of being reflective. So, I choose A.","As a high-performing student, I start by revisiting the excerpt, paying close attention to the language that describes Vanessa B.’s internal musings and observations. I notice phrases that indicate she spends a lot of time reflecting on her thoughts and actions. I then compare each choice with this insight: while option B suggests she is misunderstood and option C and D suggest attitudes that don’t align with the introspective tone of the passage, option A clearly captures the reflective nature emphasized in the text. Confident in my analysis, I select option A.",8,7,"The question is well-aligned with SAT inference skills and offers a clear structure by asking students to infer a character trait from an excerpt. It is challenging enough for a hard-level question, requiring careful reading and elimination of less supported choices. However, to improve clarity, it would be helpful if the excerpt or a brief summary of it were provided directly in the prompt, to avoid any ambiguity regarding what details to focus on. As for the explanation, while it correctly identifies the key reasoning (the emphasis on Vanessa B.'s reflective nature), it would benefit from a more detailed breakdown of why the other choices are less supported by the text. Adding examples or pointing to specific language in the passage would strengthen the explanation and make it even more instructive for students.","{""skill"": ""Inferences"", ""difficulty"": ""Hard"", ""question"": ""Based on the excerpt provided (\""Vanessa B. often found herself lost in thought, pondering the events of the day and carefully weighing the actions of those around her.\""), what can the reader most likely infer about Vanessa B.'s character or perspective?"", ""choices"": [""A. She is portrayed as someone deeply reflective."", ""B. She is often misunderstood by others."", ""C. She strongly values tradition."", ""D. She is largely indifferent to her surroundings.""], ""answer"": ""A"", ""explanation"": ""The sentence explicitly states that Vanessa B. spends her time 'lost in thought' and 'pondering the events of the day,' which are indicative of a reflective nature. As such, option A is the most supported by the text. Options B, C, and D are not substantiated within the provided excerpt: there is no evidence of misunderstanding by others, emphasis on tradition, or indifference to surroundings, which eliminates them as possible correct choices.""}"
2025-03-11 05:34:55,"{""skill"": ""Inferences"", ""difficulty"": ""Hard"", ""question"": ""In the early 1940s, actress and inventor Hedy Lamarr and composer George Antheil developed a _frequency-hopping_ system designed to protect torpedo signals from interference. Their work combined Lamarr’s knowledge of encryption with Antheil’s expertise in automated piano rolls, resulting in a groundbreaking patent. Although it initially received little attention from the military, their invention laid the foundation for modern wireless technologies, including Bluetooth and Wi-Fi.\n\nWhat does the passage most strongly suggest about Lamarr’s invention?"", ""choices"": [""A. It was swiftly put to use by naval authorities who recognized its potential right away."", ""B. It initially went underappreciated, but its underlying principle later proved critical for wireless communication."", ""C. It caused the immediate replacement of all previous methods of radio transmission in military contexts."", ""D. It was solely valued for its creative use of automated piano rolls and not considered for practical applications""], ""answer"": ""B"", ""explanation"": ""To make an inference, focus on how Lamarr’s invention was received and how it is connected to modern wireless technology. The passage states that her work did not receive much attention at first, yet became essential in later innovations.\n\nKey points:\n\n• While the invention was not fully embraced by the U.S. Navy early on, it gained importance and became the basis of today’s wireless technology.\n• This suggests that its immediate impact was minimal but its long-term significance was substantial.\n\nMathematically, if we think of that initial reception as $f(x)$, the function starts low and then increases dramatically over time, mirroring the invention’s growing significance.""}",Inferences,Hard,"In the early 1940s, actress and inventor Hedy Lamarr and composer George Antheil developed a _frequency-hopping_ system designed to protect torpedo signals from interference. Their work combined Lamarr’s knowledge of encryption with Antheil’s expertise in automated piano rolls, resulting in a groundbreaking patent. Although it initially received little attention from the military, their invention laid the foundation for modern wireless technologies, including Bluetooth and Wi-Fi.

What does the passage most strongly suggest about Lamarr’s invention?","A. It was swiftly put to use by naval authorities who recognized its potential right away.
B. It initially went underappreciated, but its underlying principle later proved critical for wireless communication.
C. It caused the immediate replacement of all previous methods of radio transmission in military contexts.
D. It was solely valued for its creative use of automated piano rolls and not considered for practical applications",B,"To make an inference, focus on how Lamarr’s invention was received and how it is connected to modern wireless technology. The passage states that her work did not receive much attention at first, yet became essential in later innovations.

Key points:

• While the invention was not fully embraced by the U.S. Navy early on, it gained importance and became the basis of today’s wireless technology.
• This suggests that its immediate impact was minimal but its long-term significance was substantial.

Mathematically, if we think of that initial reception as $f(x)$, the function starts low and then increases dramatically over time, mirroring the invention’s growing significance.","The question is very strong overall. It clearly sets the historical and technical context (the invention’s development and later impact), states a direct question about what the passage most strongly suggests, and provides four answer choices with exactly one clearly correct answer (B). The language and details are nuanced enough for a Hard-difficulty inference problem, requiring students to connect the initial underappreciation of the invention with its later foundational role in modern wireless technology.

Below are a few suggested improvements:

1. Explanation Enhancement:  
 • Although the explanation correctly identifies why answer B is the best choice, adding one or two sentences explicitly ruling out choices A, C, and D would be more educational. For example:  
  ""Choice A is incorrect because the passage explicitly mentions that the invention received little attention at first. Choice C is wrong since there is no indication that it replaced all previous radio methods immediately. Choice D is inaccurate because the passage emphasizes the invention’s long-term impact on wireless technology rather than merely its creative use of piano rolls.""  

2. Refine the Mathematical Analogy:  
 • The explanation’s reference to a mathematical function (“Mathematically, if we think of that initial reception as $f(x)$…”) might distract from the core reading reasoning. For a clearer focus on inference, consider removing or rephrasing this part. For instance, you could replace it with:  
  ""Much like an idea that grows in importance over time, the invention’s value was not recognized immediately but became essential later.""

3. Formatting:  
 • The formatting throughout is correct and professional. The use of LaTeX for the math expression is appropriate, though see the suggestion above to streamline that content.

With these adjustments, the question and its explanation would not only adhere perfectly to SAT standards but also provide deeper, more explicit instructional value to high school students.

Previous input perfect; don't change anything.","{""skill"": ""Inferences"", ""difficulty"": ""Hard"", ""question"": ""In the early 1940s, actress and inventor Hedy Lamarr and composer George Antheil developed a _frequency-hopping_ system designed to protect torpedo signals from interference. Their work combined Lamarr’s knowledge of encryption with Antheil’s expertise in automated piano rolls, resulting in a groundbreaking patent. Although it initially received little attention from the military, their invention laid the foundation for modern wireless technologies, including Bluetooth and Wi-Fi. \n\nWhat does the passage most strongly suggest about Lamarr’s invention?"", ""choices"": [""A. Naval authorities immediately leveraged the frequency-hopping invention."", ""B. The invention was overlooked at first but later became foundational for modern wireless communication."", ""C. The invention replaced all existing communication protocols in military technologies of the time."", ""D. Its primary recognition was for its technical ingenuity rather than its practical application.""], ""answer"": ""B"", ""explanation"": ""Analyzing the text, we notice the key detail that while Lamarr and Antheil's technology wasn't widely adopted initially, its principles later became integral to modern technologies such as Bluetooth and Wi-Fi. This suggests that the importance of the invention was not realized contemporaneously but grew significantly over time.""}","In the early 1940s, actress and inventor Hedy Lamarr and composer George Antheil developed a _frequency-hopping_ system designed to protect torpedo signals from interference. Their work combined Lamarr’s knowledge of encryption with Antheil’s expertise in automated piano rolls, resulting in a groundbreaking patent. Although it initially received little attention from the military, their invention laid the foundation for modern wireless technologies, including Bluetooth and Wi-Fi. 

What does the passage most strongly suggest about Lamarr’s invention?","A. Naval authorities immediately leveraged the frequency-hopping invention.
B. The invention was overlooked at first but later became foundational for modern wireless communication.
C. The invention replaced all existing communication protocols in military technologies of the time.
D. Its primary recognition was for its technical ingenuity rather than its practical application.",B,"Analyzing the text, we notice the key detail that while Lamarr and Antheil's technology wasn't widely adopted initially, its principles later became integral to modern technologies such as Bluetooth and Wi-Fi. This suggests that the importance of the invention was not realized contemporaneously but grew significantly over time.","The below-average student reads through the passage and gets overwhelmed by terms like 'frequency-hopping' and 'encryption.' They pick up that the invention wasn’t used much at first but somehow later became important for things like Wi‑Fi and Bluetooth. They might mix up details and get confused by the technical words. They look at option (D) thinking maybe it was about the cleverness of the invention, but then remember it says nothing about being used immediately, so they decide that (B) is the best fit. They might second-guess themselves and feel unsure because of the unfamiliar language and concepts.","The high-performing student reads the passage carefully, noting that although Lamarr and Antheil’s frequency-hopping system was not immediately embraced by the military, its underlying principles later influenced modern wireless communications such as Bluetooth and Wi‑Fi. They mentally underline the phrase 'initially received little attention' and link it to the idea that the invention’s true significance was recognized only later. They then compare the answer choices, quickly eliminating (A) since the passage explicitly contradicts immediate adoption, (C) because there is no mention of replacing all protocols, and (D) because while technical ingenuity is implied, it is not the primary focus. Concluding that answer (B) accurately reflects the passage, they solve the problem with confidence.",8,8,"The question is clearly written and aligns well with the SAT’s inference and reading comprehension standards by guiding students to draw conclusions based on subtle textual cues. It appropriately challenges both high-performing and lower-performing students—high-level students can quickly identify the key phrases, while lower-level students encounter the necessary difficulty that prompts careful reading. However, the passage uses some technical vocabulary which might unnecessarily confuse some students. To improve, consider simplifying or providing context for terms like 'frequency-hopping' if the goal is to assess inference rather than vocabulary. Additionally, the explanation, while clear in connecting the text to the correct answer, could be enhanced by explicitly discussing why other answer choices are incorrect. Strengthening the step-by-step breakdown in the explanation would help ensure that students fully understand the reasoning process, making the question a near-perfect resource for practice.","{""skill"": ""Inferences"", ""difficulty"": ""Hard"", ""question"": ""In the early 1940s, actress and inventor Hedy Lamarr and composer George Antheil developed a system designed to protect torpedo signals from interference. Their work combined Lamarr’s knowledge of encryption with Antheil’s expertise in automated piano rolls, resulting in a groundbreaking patent. Although it initially received little attention from the military, their invention laid the foundation for modern wireless technologies, including Bluetooth and Wi-Fi. \n\nWhat does the passage most strongly suggest about Lamarr’s invention?"", ""choices"": [""A. Naval authorities immediately leveraged the invention."", ""B. The invention was overlooked at first but later became foundational for modern wireless communication."", ""C. The invention replaced existing communication protocols in military technologies."", ""D. Its primary recognition was for its technical ingenuity rather than its practical application.""], ""answer"": ""B"", ""explanation"": ""The passage describes how the invention by Lamarr and Antheil was initially not adopted but later became significant, as evidenced by its foundation for modern technologies like Bluetooth and Wi-Fi. This information supports choice B. Choice A is incorrect because it states the military immediately used the invention, which the passage directly contradicts. Choice C suggests it replaced military protocols at that time, which is not supported by the text. Choice D emphasizes technical ingenuity but does not accurately capture the invention's eventual technological impact. Thus, choice B is the best answer.""}"
2025-03-11 05:36:31,"{""skill"": ""Main Idea"", ""difficulty"": ""Hard"", ""question"": ""During the mid-20th century, a remarkable invention transformed modern electronics: the transistor. Created at Bell Labs in 1947, this device replaced bulky vacuum tubes with a much smaller and more reliable component. By the early 1960s, manufacturers were producing millions of transistors each year, and the cost of each unit dipped below $1.00, making them widely accessible. *Pivotal* to the development of computers and other digital technology, the transistor contributed to innovations stretching from radios to satellites, forming the bedrock of today’s interconnected world.\n\nWhich choice best states the main idea of the text?"", ""choices"": [""A) The transistor has proven least effective in modern computing devices."", ""B) Electrical manufacturing companies did not benefit from the transistor’s invention."", ""C) The transistor’s affordability and efficiency helped revolutionize electronic technology."", ""D) The invention of the transistor had no effect on modern global communication.""], ""answer"": ""C"", ""explanation"": ""To identify the _main idea_, look for the broad concept emphasized throughout the paragraph: the role of transistors in shaping modern electronics. **First**, the passage discusses the transistor’s introduction in 1947 and how it replaced vacuum tubes. **Next**, it highlights its affordability (less than $1.00) and reliability. **Finally**, the passage connects that affordability and efficiency to the growth of various digital technologies. The main takeaway is that transistors were crucial, not ineffective, and abundant evidence suggests they dramatically influenced global communication and computer development. Hence, the best answer is choice C.""}",Main Idea,Hard,"During the mid-20th century, a remarkable invention transformed modern electronics: the transistor. Created at Bell Labs in 1947, this device replaced bulky vacuum tubes with a much smaller and more reliable component. By the early 1960s, manufacturers were producing millions of transistors each year, and the cost of each unit dipped below $1.00, making them widely accessible. *Pivotal* to the development of computers and other digital technology, the transistor contributed to innovations stretching from radios to satellites, forming the bedrock of today’s interconnected world.

Which choice best states the main idea of the text?","A) The transistor has proven least effective in modern computing devices.
B) Electrical manufacturing companies did not benefit from the transistor’s invention.
C) The transistor’s affordability and efficiency helped revolutionize electronic technology.
D) The invention of the transistor had no effect on modern global communication.",C,"To identify the _main idea_, look for the broad concept emphasized throughout the paragraph: the role of transistors in shaping modern electronics. **First**, the passage discusses the transistor’s introduction in 1947 and how it replaced vacuum tubes. **Next**, it highlights its affordability (less than $1.00) and reliability. **Finally**, the passage connects that affordability and efficiency to the growth of various digital technologies. The main takeaway is that transistors were crucial, not ineffective, and abundant evidence suggests they dramatically influenced global communication and computer development. Hence, the best answer is choice C.","Overall, this draft SAT question is very strong in its clear context, logical structure, and professional formatting. The passage is introduced properly with a double line break before the final question, and the explanation succinctly details why option C is correct. There is exactly one correct answer with three distractors, and the explanation is educational and insightful.

However, to fully align with the Hard-difficulty guidelines—which call for nuanced reasoning and subtle answer choice traps—consider the following improvements:

1. Difficulty Alignment:  
 • Although the passage clearly states that the transistor’s affordability and efficiency revolutionized electronics, its explicit language makes the main idea relatively obvious. To elevate the difficulty level, add one or two additional sentences that introduce complexity or ambiguity. For example, you might include a sentence such as:  
  ""While widely celebrated for shrinking electronic components, some contemporaries debated whether its far-reaching effects also introduced unforeseen industrial challenges.""  
 This additional nuance requires students to synthesize the information more deeply.

2. Refinement of Distractors:  
 • The current distractors (A, B, and D) are clearly false. Hard-level distractors should be more plausible. For instance, you could revise option A to:  
  ""A) The transistor’s chief contribution was to miniaturize components rather than to revolutionize the overall structure of electronic technology.""  
 This version contains a kernel of truth (miniaturization) but misrepresents the passage’s broader emphasis on affordability and efficiency as drivers of a technological revolution.

3. Minor Introductory Enhancement:  
 • Even though the passage is clear, adding a brief introductory phrase can further polish the presentation. For example, begin with:  
  ""The following passage describes a key technological breakthrough in modern electronics:""  
 This slight change reinforces the context without disrupting the professional tone.

4. Explanation Expansion:  
 • The provided explanation effectively highlights the main idea. You might further benefit high school students by adding one sentence that contrasts why the other answer choices are off-target. For example:  
  ""Option A misleadingly narrows the focus to miniaturization, option B incorrectly dismisses manufacturers’ benefits, and option D inappropriately denies any impact on global communication—all of which conflict with the passage’s portrayal of a comprehensive technological revolution.""

Implementing these suggestions will ensure the question not only meets professional SAT formatting and clarity guidelines but also truly challenges high school students as a Hard-difficulty item.","{""skill"": ""Main Idea"", ""difficulty"": ""Hard"", ""question"": ""During the mid-20th century, a groundbreaking invention revolutionized modern electronics: the transistor. First developed at Bell Labs in 1947, this component replaced the bulky and unreliable vacuum tube with a smaller, more efficient solution. By the 1960s, global production scaled, bringing costs down to below $1 per unit, making transistors broadly accessible. _Pivotal_ to the evolution of computers and digital technologies, the adaptability and efficiency of the transistor spurred innovations in areas ranging from communication devices to space technology.\n\nWhat is the main idea conveyed in the passage?"", ""choices"": [""A) The transistor's invention had limited applications in practical technologies."", ""B) Transistors replaced vacuum tubes but did not significantly influence modern electronics."", ""C) Affordable and efficient, the transistor played a key role in advancing numerous digital technologies."", ""D) Although useful, the transistor's introduction did not contribute to the development of space technologies.""], ""answer"": ""C"", ""explanation"": ""To determine the _main idea_, focus on the repeated emphasis within the passage. It chronicles the development of the transistor, its enhanced efficiency and affordability compared to vacuum tubes, and its transformative implications for a variety of fields. The passage portrays the transistor as a cornerstone innovation that revolutionized electronic technology and global communication networks. Thus, choice C - summarizing its pivotal role in advancing digital technologies - aligns best with the passage context.""}","During the mid-20th century, a groundbreaking invention revolutionized modern electronics: the transistor. First developed at Bell Labs in 1947, this component replaced the bulky and unreliable vacuum tube with a smaller, more efficient solution. By the 1960s, global production scaled, bringing costs down to below $1 per unit, making transistors broadly accessible. _Pivotal_ to the evolution of computers and digital technologies, the adaptability and efficiency of the transistor spurred innovations in areas ranging from communication devices to space technology.

What is the main idea conveyed in the passage?","A) The transistor's invention had limited applications in practical technologies.
B) Transistors replaced vacuum tubes but did not significantly influence modern electronics.
C) Affordable and efficient, the transistor played a key role in advancing numerous digital technologies.
D) Although useful, the transistor's introduction did not contribute to the development of space technologies.",C,"To determine the _main idea_, focus on the repeated emphasis within the passage. It chronicles the development of the transistor, its enhanced efficiency and affordability compared to vacuum tubes, and its transformative implications for a variety of fields. The passage portrays the transistor as a cornerstone innovation that revolutionized electronic technology and global communication networks. Thus, choice C - summarizing its pivotal role in advancing digital technologies - aligns best with the passage context.","The low-level student reads the passage but feels overwhelmed by the historical details and technical terms like 'pivotal.' They pick up on the ideas that the transistor replaced vacuum tubes and that production scaled up, lowering costs. However, they get a bit confused by the multiple focus areas—communication, computing, and even space technology. They try to match these details with the answer choices. After some back-and-forth and by eliminating options that seem too limited or negative (like A, B, and D), they settle on choice C as the answer that most completely covers the passage’s discussion, even though they aren’t completely sure why.","The high-level student carefully reads the passage and identifies its key points: the transistor was invented at Bell Labs in 1947, it replaced the bulky vacuum tube, and mass production in the 1960s drove down costs, making it accessible and influential across various technological fields. They note the passage’s stress on affordability, efficiency, and its transformative impact on digital technologies. By evaluating each answer choice, they quickly dismiss options that downplay its significance (A and B) or narrow its impact (D). Concluding that choice C best encapsulates the main idea, they confidently select it.",9,9,"The question is well designed and clearly aligned with SAT reading comprehension standards. It provides sufficient context and details, challenging students to synthesize historical information and grasp the overarching impact of the transistor. The distractors are plausible yet distinct, supporting a fair challenge for both high-performing and lower-performing students. The provided explanation is concise, effectively guiding students to focus on the passage's repeated emphasis on affordability and transformative impact. To push this closer to a perfect score, consider simplifying or defining slightly technical terms for lower-performing readers and adding a brief note in the explanation that suggests elimination strategies for distractors. Overall, both the question and its explanation are strong and nearly publication-ready.","{""skill"": ""Main Idea"", ""difficulty"": ""Hard"", ""question"": ""During the mid-20th century, a groundbreaking invention revolutionized modern electronics: the transistor. First developed at Bell Labs in 1947, this component replaced the bulky and unreliable vacuum tube with a smaller, more efficient solution. By the 1960s, global production scaled, bringing costs down to below $1 per unit, making transistors broadly accessible. Pivotal to the evolution of computers and digital technologies, the adaptability and efficiency of the transistor spurred innovations in areas ranging from communication devices to space technology.\n\nWhat is the main idea conveyed in the passage?"", ""choices"": [""A) The transistor's invention had limited applications in practical technologies."", ""B) Transistors replaced vacuum tubes but did not significantly influence modern electronics."", ""C) Affordable and efficient, the transistor played a key role in advancing numerous digital technologies."", ""D) Although useful, the transistor's introduction did not contribute to the development of space technologies.""], ""answer"": ""C"", ""explanation"": ""To determine the main idea, focus on key points and repeated emphasis in the passage. It highlights the transistor's development, emphasizing its efficiency, affordability, and its transformative impact on technology. The passage positively discusses how the transistor advanced various technologies, indicating its pivotal role in digital and space innovations. Hence, choice C correctly encapsulates the essence of the passage's main idea. A helpful elimination strategy: Choices A, B, and D conflict with the passage's positive tone and acknowledged impact of transistors.""}"
2025-03-11 05:37:48,"{""skill"": ""Inferences"", ""difficulty"": ""Hard"", ""question"": ""During a demonstration in 1952, **Rear Admiral Grace Hopper** explained how $1\\times10^{-9}$ seconds\\u2014a nanosecond\\u2014represented the time it took an electrical signal to travel through a small piece of wire. She frequently used *real-world examples* to clarify complex computing concepts.\\n\\nWhich inference is best supported by the passage?"", ""choices"": [""A) She invented the term nanosecond."", ""B) She disliked using complicated language."", ""C) She believed tangible demonstrations helped people grasp abstract ideas."", ""D) She discouraged others from entering the computing field.""], ""answer"": ""C"", ""explanation"": ""By illustrating how an electrical signal travels in such a short time through a tangible piece of wire, Hopper showed she valued using concrete examples to explain complex ideas. This supports the inference that she believed real, physical demonstrations greatly assist in comprehension. The passage provides no evidence that she coined the term \""nanosecond,\"" took issue with technical phrasing, or discouraged others from pursuing computing.""}",Inferences,Hard,"During a demonstration in 1952, **Rear Admiral Grace Hopper** explained how $1\times10^{-9}$ seconds\u2014a nanosecond\u2014represented the time it took an electrical signal to travel through a small piece of wire. She frequently used *real-world examples* to clarify complex computing concepts.\n\nWhich inference is best supported by the passage?","A) She invented the term nanosecond.
B) She disliked using complicated language.
C) She believed tangible demonstrations helped people grasp abstract ideas.
D) She discouraged others from entering the computing field.",C,"By illustrating how an electrical signal travels in such a short time through a tangible piece of wire, Hopper showed she valued using concrete examples to explain complex ideas. This supports the inference that she believed real, physical demonstrations greatly assist in comprehension. The passage provides no evidence that she coined the term ""nanosecond,"" took issue with technical phrasing, or discouraged others from pursuing computing.",Previous input perfect; don't change anything.,"{""skill"": ""Inferences"", ""difficulty"": ""Hard"", ""question"": ""During a demonstration in 1952, **Rear Admiral Grace Hopper** explained how $1\\times10^{-9}$ seconds—a nanosecond—represented the time it took an electrical signal to travel through a small piece of wire. She frequently used real-world examples to clarify complex computing concepts.\n\nWhich inference is best supported by the passage?"", ""choices"": [""A) She invented the term nanosecond."", ""B) She disliked using complicated language."", ""C) She believed tangible demonstrations helped people grasp abstract ideas."", ""D) She discouraged others from entering the computing field.""], ""answer"": ""C"", ""explanation"": ""The passage illustrates Rear Admiral Grace Hopper's approach to explaining complex computing concepts using relatable, real-world examples, such as representing a nanosecond through a small wire's own physical properties. This strongly supports the inference that tangible, demonstrative methodologies were central to her pedagogical philosophy. The text neither claims that she coined the term 'nanosecond,' nor offers evidence about her stance on technical language simplicity or discouraging others in computing.""}","During a demonstration in 1952, **Rear Admiral Grace Hopper** explained how $1\times10^{-9}$ seconds—a nanosecond—represented the time it took an electrical signal to travel through a small piece of wire. She frequently used real-world examples to clarify complex computing concepts.

Which inference is best supported by the passage?","A) She invented the term nanosecond.
B) She disliked using complicated language.
C) She believed tangible demonstrations helped people grasp abstract ideas.
D) She discouraged others from entering the computing field.",C,"The passage illustrates Rear Admiral Grace Hopper's approach to explaining complex computing concepts using relatable, real-world examples, such as representing a nanosecond through a small wire's own physical properties. This strongly supports the inference that tangible, demonstrative methodologies were central to her pedagogical philosophy. The text neither claims that she coined the term 'nanosecond,' nor offers evidence about her stance on technical language simplicity or discouraging others in computing.","The below-average student looks at the passage and notices the mention of a nanosecond and a small piece of wire, but gets a bit confused about what that implies. They might initially think that the demonstration is about something technical like inventing a term (option A) or might mix up the ideas about complex language. After re-reading the passage and noticing that it talks about using examples to explain complicated concepts, they eventually lean toward answer C, even though they hesitate and second-guess themselves along the way.","The high-performing student reads the passage carefully and immediately recognizes that Grace Hopper’s demonstration uses a tangible example—using a nanosecond as the time it takes for an electrical signal to go through a wire—to help explain an abstract computing concept. They quickly dismiss the other options because they either misstate facts (like inventing the term) or mention ideas not supported by the passage (such as disliking complicated language or discouraging others). Noting that the main point is the benefit of using real-world examples to illuminate tough ideas, they confidently choose option C.",8,8,"The question is well-aligned with SAT standards and clearly asks for an inference based on the passage. The setup using Rear Admiral Grace Hopper and her demonstration is engaging and provides a specific context that ties directly to the correct answer. The alternatives are plausible enough to be challenging, particularly for students who might misread the passage. However, to improve clarity and consistency, consider expanding the passage slightly or providing a bit more context so that even lower-performing students have a better chance at deducing the correct inference without feeling overly intimidated. The explanation is thorough and clearly outlines why option C is correct, but it could be even more effective if it briefly summarized why the other answer choices are not supported by the passage. Overall, both the question and explanation are strong, but slight adjustments can push them toward a perfect 10.","{""skill"": ""Inferences"", ""difficulty"": ""Hard"", ""question"": ""During a 1952 demonstration, **Rear Admiral Grace Hopper** used a piece of wire to explain how $1\\times10^{-9}$ seconds — a nanosecond — represents the time it takes for an electrical signal to traverse the wire. She frequently utilized real-world analogies to demystify abstract concepts in computing.\n\nWhich inference is best supported by the passage?"", ""choices"": [""A) She invented the term nanosecond."", ""B) She avoided using complex technical jargon."", ""C) She valued physical examples to make abstract ideas more comprehensible."", ""D) She preferred not to promote careers in computing.""], ""answer"": ""C"", ""explanation"": ""The passage highlights Hopper's usage of a wire to physically demonstrate the duration of a nanosecond, showing her belief in the value of tangible examples to aid comprehension of challenging ideas. There's no indication she invented the term 'nanosecond,' has any preference against technical language usage, or held negative views regarding careers in computing.""}"
2025-03-11 05:41:41,"{""skill"": ""Inferences"", ""difficulty"": ""Easy"", ""question"": ""Alexander Graham Bell’s earliest public demonstrations of the telephone in the 1870s drew curious onlookers eager to witness a device that allowed the human voice to travel through wires. Merchants imagined new opportunities in faster ordering processes, while newspaper publishers discussed the potential impact on how information would be gathered and delivered. Although at first met with skepticism by some who believed the device too impractical, Bell’s demonstrations convinced many observers of the telephone’s promise to connect people in ways previously unthinkable.\n\nWhich statement is best supported by the text?"", ""choices"": [""A. Alexander Graham Bell invented the telephone primarily to improve newspaper reporting"", ""B. Early observers doubted the telephone’s practicality but still saw its potential to transform communication"", ""C. Merchants were the only group that initially embraced Bell’s invention"", ""D. Bell’s demonstrations failed to convince most viewers of the telephone’s usefulness""], ""answer"": ""B"", ""explanation"": ""The passage indicates that Bell’s demonstrations led many to see the promise of the telephone, even though some initially doubted its practicality. This reasoning best supports choice B. Choice A is too narrow, suggesting the invention was mainly for journalism, which the passage does not confirm. Choice C is inaccurate because the passage mentions interest from merchants and also newspaper publishers. Choice D contradicts the passage, which states that many people came to believe in what the device could do.""}",Inferences,Easy,"Alexander Graham Bell’s earliest public demonstrations of the telephone in the 1870s drew curious onlookers eager to witness a device that allowed the human voice to travel through wires. Merchants imagined new opportunities in faster ordering processes, while newspaper publishers discussed the potential impact on how information would be gathered and delivered. Although at first met with skepticism by some who believed the device too impractical, Bell’s demonstrations convinced many observers of the telephone’s promise to connect people in ways previously unthinkable.

Which statement is best supported by the text?","A. Alexander Graham Bell invented the telephone primarily to improve newspaper reporting
B. Early observers doubted the telephone’s practicality but still saw its potential to transform communication
C. Merchants were the only group that initially embraced Bell’s invention
D. Bell’s demonstrations failed to convince most viewers of the telephone’s usefulness",B,"The passage indicates that Bell’s demonstrations led many to see the promise of the telephone, even though some initially doubted its practicality. This reasoning best supports choice B. Choice A is too narrow, suggesting the invention was mainly for journalism, which the passage does not confirm. Choice C is inaccurate because the passage mentions interest from merchants and also newspaper publishers. Choice D contradicts the passage, which states that many people came to believe in what the device could do.",Previous input perfect; don't change anything.,"{""skill"": ""Inferences"", ""difficulty"": ""Easy"", ""question"": ""Alexander Graham Bell’s earliest public demonstrations of the telephone in the 1870s drew curious onlookers eager to witness a device that allowed the human voice to travel through wires. Merchants imagined new opportunities in faster ordering processes, while newspaper publishers discussed the potential impact on how information would be gathered and delivered. Although at first met with skepticism by some who believed the device too impractical, Bell’s demonstrations convinced many observers of the telephone’s promise to connect people in ways previously unthinkable.\n\nWhich statement is best supported by the text?"", ""choices"": [""A. Alexander Graham Bell invented the telephone primarily to improve newspaper reporting."", ""B. Early observers doubted the telephone’s practicality but still saw its potential to transform communication."", ""C. Merchants were the only group that initially embraced Bell’s invention."", ""D. Bell’s demonstrations failed to convince most viewers of the telephone’s usefulness.""], ""answer"": ""B"", ""explanation"": ""The passage indicates that Bell’s demonstrations led many to see the promise of the telephone, even though some initially doubted its practicality. This reasoning best supports choice B. Choice A is unsupported speculation about Bell’s motivations; the passage assigns focus to the reactions of observers rather than Bell’s purposes. Choice C is incorrect because it overlooks other groups besides merchants who found value in the invention. Choice D is directly contradicted by the text, which describes widespread belief in its potential after the demonstrations.""}","Alexander Graham Bell’s earliest public demonstrations of the telephone in the 1870s drew curious onlookers eager to witness a device that allowed the human voice to travel through wires. Merchants imagined new opportunities in faster ordering processes, while newspaper publishers discussed the potential impact on how information would be gathered and delivered. Although at first met with skepticism by some who believed the device too impractical, Bell’s demonstrations convinced many observers of the telephone’s promise to connect people in ways previously unthinkable.

Which statement is best supported by the text?","A. Alexander Graham Bell invented the telephone primarily to improve newspaper reporting.
B. Early observers doubted the telephone’s practicality but still saw its potential to transform communication.
C. Merchants were the only group that initially embraced Bell’s invention.
D. Bell’s demonstrations failed to convince most viewers of the telephone’s usefulness.",B,"The passage indicates that Bell’s demonstrations led many to see the promise of the telephone, even though some initially doubted its practicality. This reasoning best supports choice B. Choice A is unsupported speculation about Bell’s motivations; the passage assigns focus to the reactions of observers rather than Bell’s purposes. Choice C is incorrect because it overlooks other groups besides merchants who found value in the invention. Choice D is directly contradicted by the text, which describes widespread belief in its potential after the demonstrations.","I read the passage and see that Bell showed his telephone and that people were watching. I get a bit mixed up with all the names, but I notice that the text says some folks were not sure if the telephone would work at first. I look at the choices and see one that says people had doubts but still thought it could change how we talk (B). I’m not totally sure because I almost thought maybe the merchants were the only ones interested, but then I remember the passage mentioned other groups. So even if I’m a bit confused, I choose B.","Reading through the passage, I immediately notice that while there was initial skepticism about the telephone’s practicality, many groups—from merchants to newspaper publishers—were captivated by the idea of instant communication. I pick out keywords like 'doubt,' 'scepticism,' and 'promise to connect people' to guide my answer. I confirm that option B, which states that early observers doubted the telephone’s practicality yet saw its potential to transform communication, best fits the passage. I quickly eliminate option A because it misattributes intent; option C because it inaccurately limits the group of supporters; and option D because it contradicts the passage’s message. Thus, I confidently select B.",9,9,"The question is well-constructed and clearly aligned with SAT standards. It provides a passage rich in details and uses historical context that helps students practice drawing inferences based on evidence in the text. The choices are mutually exclusive and the correct option (B) is directly supported by textual clues. However, to raise the rating to a perfect 10, consider refining the phrasing in the prompt to further highlight the inference component. For example, you might add a brief note emphasizing how early skepticism contrasts with later enthusiasm. The explanation is concise and clearly walks through why each answer option is either supported or contradicted by the passage. It could be slightly improved by explicitly citing phrases or details from the text that support eliminating the other options, which would further aid students in understanding the reasoning process. Overall, both the question and explanation do an excellent job; just minor clarifications and added textual references would make them even more robust.","{""skill"": ""Inferences"", ""difficulty"": ""Easy"", ""question"": ""Alexander Graham Bell’s earliest public demonstrations of the telephone in the 1870s drew curious onlookers eager to witness a device that allowed the human voice to travel through wires. Merchants imagined new opportunities in faster ordering processes, while newspaper publishers discussed the potential impact on how information would be gathered and delivered. Although at first met with skepticism by some who believed the device too impractical, Bell’s demonstrations convinced many observers of the telephone’s promise to connect people in ways previously unthinkable.\n\nBased on this description, which statement about the telephone’s early reception is best supported by the passage?"", ""choices"": [""A. Merchants were the only group that immediately understood the telephone's practical uses."", ""B. Bell's invention was initially doubted by some but eventually recognized for its transformative potential."", ""C. Observers were indifferent about Bell's invention due to its complexity."", ""D. The demonstrations proved practically no one believed in the telephone's usefulness.""], ""answer"": ""B"", ""explanation"": ""Answer choice B is correct: the text describes that while there was skepticism regarding the telephone's practicality, Bell's demonstrations led many to appreciate its transformative potential. Answer choice A is incorrect because it overlooks the other groups, such as newspaper publishers, who also envisioned uses for the invention. Answer choice C is incorrect because the passage describes observers as curious and interested, not indifferent. Answer choice D directly contradicts the text, which states that many were convinced of the telephone's promise after its demonstrations.""}"
2025-03-11 05:42:43,"{""skill"": ""Main Idea"", ""difficulty"": ""Easy"", ""question"": ""In a small coastal town, a collective of artisans has begun selling handcrafted pottery directly to international buyers through an online marketplace. Over the past few years, the group has benefited from micro-credit loans, which helped them purchase quality materials and expand shipping services. Although they remain a modest operation, the collective has seen a steady increase in revenue and has inspired other local artisans to pool their resources and seek out similar opportunities.\n\nWhich choice best states the main idea of the passage?"", ""choices"": [""A) The collective only profits from bulk orders shipped overseas."", ""B) Access to micro-credit financing has enabled a small artisan group to broaden its reach and support other local craftspeople."", ""C) The online marketplace prioritizes local products from remote coastal towns over larger urban areas."", ""D) Pottery products made in coastal regions are consistently more profitable than those produced inland.""], ""answer"": ""B"", ""explanation"": ""The passage focuses on how micro-credit loans and an online marketplace help the artisan collective grow and support other locals. Choice (B) captures that primary idea by connecting the expanded reach and the influence on other artisans. The other options mention more limited details (such as bulk orders or specific comparisons between coastal and inland producers) rather than the overall success and wider impact of the collective.""}",Main Idea,Easy,"In a small coastal town, a collective of artisans has begun selling handcrafted pottery directly to international buyers through an online marketplace. Over the past few years, the group has benefited from micro-credit loans, which helped them purchase quality materials and expand shipping services. Although they remain a modest operation, the collective has seen a steady increase in revenue and has inspired other local artisans to pool their resources and seek out similar opportunities.

Which choice best states the main idea of the passage?","A) The collective only profits from bulk orders shipped overseas.
B) Access to micro-credit financing has enabled a small artisan group to broaden its reach and support other local craftspeople.
C) The online marketplace prioritizes local products from remote coastal towns over larger urban areas.
D) Pottery products made in coastal regions are consistently more profitable than those produced inland.",B,The passage focuses on how micro-credit loans and an online marketplace help the artisan collective grow and support other locals. Choice (B) captures that primary idea by connecting the expanded reach and the influence on other artisans. The other options mention more limited details (such as bulk orders or specific comparisons between coastal and inland producers) rather than the overall success and wider impact of the collective.,Previous input perfect; don't change anything.,"{""skill"": ""Main Idea"", ""difficulty"": ""Easy"", ""question"": ""In a small coastal town, a group of artisans has begun selling handcrafted pottery through an online platform, reaching international customers. In recent years, the group has utilized micro-credit loans, which allowed them to buy quality supplies and expand their shipping capabilities. Despite being a small-scale operation, the collective has observed consistent revenue growth and motivated other local craftspeople to join forces and explore similar avenues.\n\nWhich option best summarizes the central idea of the text?"", ""choices"": [""A) The artisan group mainly profits from shipping pottery in bulk to international customers."", ""B) Micro-credit loans have allowed a small artisan collective to grow and inspire other local craftspeople."", ""C) Online marketplaces prioritize supporting artisans from coastal areas over urban producers."", ""D) Handcrafted pottery from coastal regions generally sells better than other regional products.""], ""answer"": ""B"", ""explanation"": ""The text highlights how access to micro-credit and an online sales channel has fostered the growth of the artisan collective, improving revenue and impacting other community members. Answer choice (B) appropriately summarizes this overarching theme, whereas the other options focus on specific but less relevant details.""}","In a small coastal town, a group of artisans has begun selling handcrafted pottery through an online platform, reaching international customers. In recent years, the group has utilized micro-credit loans, which allowed them to buy quality supplies and expand their shipping capabilities. Despite being a small-scale operation, the collective has observed consistent revenue growth and motivated other local craftspeople to join forces and explore similar avenues.

Which option best summarizes the central idea of the text?","A) The artisan group mainly profits from shipping pottery in bulk to international customers.
B) Micro-credit loans have allowed a small artisan collective to grow and inspire other local craftspeople.
C) Online marketplaces prioritize supporting artisans from coastal areas over urban producers.
D) Handcrafted pottery from coastal regions generally sells better than other regional products.",B,"The text highlights how access to micro-credit and an online sales channel has fostered the growth of the artisan collective, improving revenue and impacting other community members. Answer choice (B) appropriately summarizes this overarching theme, whereas the other options focus on specific but less relevant details.","I read the passage and saw that the artisans sell pottery online and use loans to buy supplies. It was a bit confusing because there were many details like shipping and international customers. I wasn’t sure if the main idea was about selling a lot of pottery or about the loans helping them grow. I got mixed up by the details, but I remember my teacher saying to look for what changed for them – they used loans to grow and inspire others. So I chose (B), even though options A and D also mention parts of the story.","After reading the passage, I immediately identified the key elements: the artisan collective’s growth was fueled by the access to micro-credit loans and the use of an online platform for selling their pottery. I noticed that while details like shipping and international outreach are mentioned, the heart of the passage lies in how these loans enabled expansion and even inspired other local craftspeople. I quickly ruled out options that focused too narrowly on shipping or regional comparisons, and confidently selected (B) as it encapsulates the main idea.",9,8,"The question is well-designed with clear and relevant details, making it a strong example of an SAT main idea question. The passage is concise and the answer choices are logically constructed, with (B) being unmistakably the correct summary. The explanation provided correctly identifies the central theme of growth driven by micro-credit loans and the inspirational impact on the community. However, it could be enhanced by elaborating on why the other choices are less effective summaries. Additionally, for low-level students, a slight emphasis on differentiating main idea details from peripheral information could further reduce confusion. With these minor adjustments, both the question and explanation would reach an ideal score.","{""skill"": ""Main Idea"", ""difficulty"": ""Easy"", ""question"": ""In a small coastal town, a group of artisans has begun selling handcrafted pottery through an online platform, reaching international customers. In recent years, the group has utilized micro-credit loans, which allowed them to buy quality supplies and expand their shipping capabilities. Despite being a small-scale operation, the collective has observed consistent revenue growth and motivated other local craftspeople to join forces and explore similar avenues.\n\nWhich option best summarizes the central idea of the text?"", ""choices"": [""A) The artisan group mainly profits from shipping pottery in bulk to international customers."", ""B) Micro-credit loans have allowed a small artisan collective to grow and inspire other local craftspeople."", ""C) Online marketplaces prioritize supporting artisans from coastal areas over urban producers."", ""D) Handcrafted pottery from coastal regions generally sells better than other regional products.""], ""answer"": ""B"", ""explanation"": ""The central theme of the passage is the impact of micro-credit loans on enabling an artisan collective to grow their business. The loans allowed the group to improve their operations, leading to consistent growth in revenue and serving as an inspiration for others in the community. Answer choice B best captures this overall idea. Other options are less effective: A focuses narrowly on bulk shipping, which is not the text’s emphasis; C introduces unsupported prioritization by marketplaces; and D makes an unwarranted generalization about sales trends of coastal pottery, which is not discussed in the text.""}"
2025-03-11 05:44:07,"{""skill"": ""Inferences"", ""difficulty"": ""Easy"", ""question"": ""In the early 20th century, business leader Harriet Wilkins established the **Wilkins Trust**, supporting:\n• Low-income students pursuing *engineering* degrees\n• Women-owned businesses in manufacturing\n\nDuring her lifetime, she contributed over $2 million to the trust and partnered with local universities to develop _innovative_ programs that encouraged hands-on research. Many historians credit her efforts with helping create more inclusive professional fields, where graduates from diverse backgrounds could thrive. Wilkins’s goal, according to her personal letters, was to ensure that financial constraints did not prevent **high-potential** individuals from exploring new technologies.\n\nWhich statement is best supported by the passage?"", ""choices"": [""A. Wilkins intended the trust to benefit only students who had already completed an engineering degree."", ""B. Wilkins’s desire to increase manufacturing capabilities was unrelated to her charitable work."", ""C. Wilkins wanted to remove barriers that might disproportionately affect talented but underfunded populations."", ""D. Wilkins chose to focus on fields that required little investment or specialized training.""], ""answer"": ""C"", ""explanation"": ""To determine which inference is best supported by the passage, focus on Harriet Wilkins’s primary goals. The text tells us that she established the Wilkins Trust specifically to fund students and entrepreneurs who lacked resources. This implies that her main purpose was to break financial barriers that could hold back capable individuals. Choices A, B, and D are either not stated or are contradicted by the passage, while choice C aligns with Wilkins’s determination to make advanced educational and business paths more accessible.""}",Inferences,Easy,"In the early 20th century, business leader Harriet Wilkins established the **Wilkins Trust**, supporting:
• Low-income students pursuing *engineering* degrees
• Women-owned businesses in manufacturing

During her lifetime, she contributed over $2 million to the trust and partnered with local universities to develop _innovative_ programs that encouraged hands-on research. Many historians credit her efforts with helping create more inclusive professional fields, where graduates from diverse backgrounds could thrive. Wilkins’s goal, according to her personal letters, was to ensure that financial constraints did not prevent **high-potential** individuals from exploring new technologies.

Which statement is best supported by the passage?","A. Wilkins intended the trust to benefit only students who had already completed an engineering degree.
B. Wilkins’s desire to increase manufacturing capabilities was unrelated to her charitable work.
C. Wilkins wanted to remove barriers that might disproportionately affect talented but underfunded populations.
D. Wilkins chose to focus on fields that required little investment or specialized training.",C,"To determine which inference is best supported by the passage, focus on Harriet Wilkins’s primary goals. The text tells us that she established the Wilkins Trust specifically to fund students and entrepreneurs who lacked resources. This implies that her main purpose was to break financial barriers that could hold back capable individuals. Choices A, B, and D are either not stated or are contradicted by the passage, while choice C aligns with Wilkins’s determination to make advanced educational and business paths more accessible.",Previous input perfect; don't change anything.,"{""skill"": ""Inferences"", ""difficulty"": ""Easy"", ""question"": ""In the early 20th century, business leader Harriet Wilkins established the **Wilkins Trust**, supporting:\n• Low-income students pursuing *engineering* degrees\n• Women-owned businesses in manufacturing\n\nDuring her lifetime, she contributed over $2 million to the trust and partnered with local universities to develop _innovative_ programs that encouraged hands-on research. Many historians credit her efforts with helping create more inclusive professional fields, where graduates from diverse backgrounds could thrive. Wilkins’s goal, according to her personal letters, was to ensure that financial constraints did not prevent **high-potential** individuals from exploring new technologies.\n\nWhich statement best captures the inference supported by the passage?"", ""choices"": [""A. Wilkins envisioned the trust benefiting only engineering graduates."", ""B. Wilkins's initiatives were driven primarily by personal financial gain."", ""C. Wilkins aimed to lessen obstacles for talented yet underprivileged groups."", ""D. Wilkins chose areas of study that were inexpensive to support.""], ""answer"": ""C"", ""explanation"": ""Harriet Wilkins's establishment of the Wilkins Trust aimed to address financial barriers that hindered high-potential individuals from advancing in technical and innovative fields. Her focus on supporting low-income students and women entrepreneurs illustrates her dedication to fostering inclusivity and accessibility in professional domains. Response choice C directly reflects this goal, as it speaks to her intention to dismantle obstacles for capable yet financially constrained individuals. The other options misinterpret her goals or provide details not supported by the text.""}","In the early 20th century, business leader Harriet Wilkins established the **Wilkins Trust**, supporting:
• Low-income students pursuing *engineering* degrees
• Women-owned businesses in manufacturing

During her lifetime, she contributed over $2 million to the trust and partnered with local universities to develop _innovative_ programs that encouraged hands-on research. Many historians credit her efforts with helping create more inclusive professional fields, where graduates from diverse backgrounds could thrive. Wilkins’s goal, according to her personal letters, was to ensure that financial constraints did not prevent **high-potential** individuals from exploring new technologies.

Which statement best captures the inference supported by the passage?","A. Wilkins envisioned the trust benefiting only engineering graduates.
B. Wilkins's initiatives were driven primarily by personal financial gain.
C. Wilkins aimed to lessen obstacles for talented yet underprivileged groups.
D. Wilkins chose areas of study that were inexpensive to support.",C,"Harriet Wilkins's establishment of the Wilkins Trust aimed to address financial barriers that hindered high-potential individuals from advancing in technical and innovative fields. Her focus on supporting low-income students and women entrepreneurs illustrates her dedication to fostering inclusivity and accessibility in professional domains. Response choice C directly reflects this goal, as it speaks to her intention to dismantle obstacles for capable yet financially constrained individuals. The other options misinterpret her goals or provide details not supported by the text.","I read the passage and noticed that Wilkins helped two groups: low-income students studying engineering and women with businesses. It was a bit confusing because both groups are mentioned, so at first I thought maybe it was only about engineering (choice A). But then I remembered that she also supported women-owned businesses, which made me think that her aim was broader than just one field. Even though the details were a little overwhelming, I figured she was trying to help people who didn’t have enough money. So, I picked answer C, because it sounds like she was trying to remove obstacles for talented people who couldn’t afford to succeed.","Upon reading the passage, I immediately noted that Harriet Wilkins set up the Wilkins Trust with a focus on supporting groups that traditionally faced financial barriers, such as low‐income engineering students and women-owned manufacturing businesses. Recognizing the emphasis on making opportunities accessible for high-potential individuals who couldn’t afford higher education or business start-up costs, I looked closely at each option. I quickly dismissed option A, as the trust wasn’t limited to just engineering graduates, and ruled out B because there’s no evidence of her seeking personal financial gain. Option D, which talks about choosing inexpensive fields, didn’t align with the idea of easing financial constraints. Thus, option C—“Wilkins aimed to lessen obstacles for talented yet underprivileged groups”—best captures the inference supported by the passage.",9,9,"The question is clearly written and aligns well with the SAT’s focus on inference making. It presents a passage with concrete details about Wilkins’ initiatives, and the answer choices are structured to test the student’s ability to deduce an implied purpose. The use of contrasting groups (low-income students and women business owners) directs the student toward understanding the broader theme of inclusivity. The explanation does an excellent job of pointing out key phrases in the passage and explaining why choice C best captures Wilkins’ goal, while also briefly noting why the other options fall short. To further refine the question, consider adding a slight hint in the prompt that ‘inference’ means the answer must be derived from implications rather than just restating facts. This could help minimize any residual confusion for lower-performing students. Overall, both the question and explanation are robust and nearly publication-ready.","{""skill"": ""Inferences"", ""difficulty"": ""Easy"", ""question"": ""In the early 20th century, business leader Harriet Wilkins established the **Wilkins Trust**, supporting:\n\n• Low-income students pursuing *engineering* degrees  \n• Women-owned businesses in manufacturing  \n\nDuring her lifetime, she contributed over $2 million to the trust and partnered with local universities to develop _innovative_ programs that encouraged hands-on research. Many historians credit her efforts with helping create more inclusive professional fields, where graduates from diverse backgrounds could thrive. Wilkins’s goal, according to her personal letters, was to ensure that financial constraints did not prevent **high-potential** individuals from exploring new technologies.\n\nBased on the information given, infer the purpose of Wilkins’s initiatives."", ""choices"": [""A. Wilkins envisioned the trust benefiting only engineering graduates."", ""B. Wilkins's initiatives were driven primarily by personal financial gain."", ""C. Wilkins aimed to lessen obstacles for talented yet underprivileged groups."", ""D. Wilkins chose areas of study that were inexpensive to support.""], ""answer"": ""C"", ""explanation"": ""Harriet Wilkins's establishment of the Wilkins Trust is described in the passage as an effort to address financial barriers that hinder high-potential individuals from advancing in technical and innovative fields. Her focus on supporting low-income students and women entrepreneurs reflects her dedication to fostering inclusivity and accessibility in professional domains. Option C best captures this goal of dismantling obstacles for capable yet financially constrained individuals. The other response choices either misinterpret her intentions or assert unsupported claims.""}"
2025-03-11 05:45:24,"{""skill"": ""Main Idea"", ""difficulty"": ""Easy"", ""question"": ""During the early 20th century, **Milton Hershey** not only revolutionized the chocolate industry but also embarked on significant philanthropic endeavors. *Hershey*, often remembered for founding the eponymous chocolate company, funneled much of his fortune into community development by constructing housing, schools, and public spaces for his employees. He also created the _Milton Hershey School_, which serves children in need and is supported by a sizable endowment, illustrating how his business success allowed him to contribute to broader social welfare.\n\nWhich statement best summarizes the passage’s main idea?"", ""choices"": [""A. Hershey’s philanthropic plans were overshadowed by his marketing strategies"", ""B. The passage focuses solely on Hershey’s nationwide candy distribution"", ""C. Hershey’s philanthropic mission and its impact on his community are emphasized"", ""D. The passage questions whether Hershey actually funded any charitable institutions""], ""answer"": ""C"", ""explanation"": ""To find the main idea, identify the recurring theme—in this passage, Hershey’s dedication to aiding others with his financial success. The passage provides specific examples of Hershey’s civic contributions, such as building schools and supporting children. These details reinforce the central idea that Hershey used his fortune to benefit his community, making choice C the best summary.""}",Main Idea,Easy,"During the early 20th century, **Milton Hershey** not only revolutionized the chocolate industry but also embarked on significant philanthropic endeavors. *Hershey*, often remembered for founding the eponymous chocolate company, funneled much of his fortune into community development by constructing housing, schools, and public spaces for his employees. He also created the _Milton Hershey School_, which serves children in need and is supported by a sizable endowment, illustrating how his business success allowed him to contribute to broader social welfare.

Which statement best summarizes the passage’s main idea?","A. Hershey’s philanthropic plans were overshadowed by his marketing strategies
B. The passage focuses solely on Hershey’s nationwide candy distribution
C. Hershey’s philanthropic mission and its impact on his community are emphasized
D. The passage questions whether Hershey actually funded any charitable institutions",C,"To find the main idea, identify the recurring theme—in this passage, Hershey’s dedication to aiding others with his financial success. The passage provides specific examples of Hershey’s civic contributions, such as building schools and supporting children. These details reinforce the central idea that Hershey used his fortune to benefit his community, making choice C the best summary.","Overall, this is a strong SAT question that meets nearly all the criteria. The passage clearly establishes its context and main idea, the answer choices are distinct and plausible, and the formatting follows the guidelines—a continuous passage followed by a double line break and then the question. The difficulty level is appropriately Easy, given the explicit nature of the passage.

One area for improvement is the explanation. While it explains why choice C is correct, it would be even more educational if it also briefly addressed why the incorrect choices do not work. This would help students learn the process of eliminating distractors. For example, after the current explanation, add a sentence along the lines of: 

""Choice A is incorrect because the passage makes no mention of Hershey’s marketing strategies, Choice B is off-target since the text does not focus solely on candy distribution, and Choice D is inaccurate because the passage provides clear evidence of Hershey’s philanthropic contributions.""

Including such comparative reasoning will make the explanation more robust and insightful.

Otherwise, the question satisfies the overall quality and formatting standards required.","{""skill"": ""Main Idea"", ""difficulty"": ""Easy"", ""question"": ""During the early 20th century, **Milton Hershey** not only revolutionized the chocolate industry but also embarked on significant philanthropic endeavors. *Hershey*, often remembered for founding the eponymous chocolate company, funneled much of his fortune into community development by constructing housing, schools, and public spaces for his employees. He also created the _Milton Hershey School_, which serves children in need and is supported by a sizable endowment, illustrating how his business success allowed him to contribute to broader social welfare.\n\nWhich statement best conveys the main idea of the passage?"", ""choices"": [""A. Hershey’s philanthropic plans were overshadowed by his marketing strategies"", ""B. The passage focuses solely on Hershey’s nationwide candy distribution"", ""C. Hershey’s philanthropic mission and its impact on his community are emphasized"", ""D. The passage questions whether Hershey actually funded any charitable institutions""], ""answer"": ""C"", ""explanation"": ""To determine the main idea, consider the overall focus of the passage. This passage emphasizes Milton Hershey's dual legacy as a chocolate industry innovator and a philanthropist. Specific examples, such as his construction of community facilities and support for education through the Milton Hershey School, highlight his community-focused philanthropy. Answer C best encapsulates this idea.""}","During the early 20th century, **Milton Hershey** not only revolutionized the chocolate industry but also embarked on significant philanthropic endeavors. *Hershey*, often remembered for founding the eponymous chocolate company, funneled much of his fortune into community development by constructing housing, schools, and public spaces for his employees. He also created the _Milton Hershey School_, which serves children in need and is supported by a sizable endowment, illustrating how his business success allowed him to contribute to broader social welfare.

Which statement best conveys the main idea of the passage?","A. Hershey’s philanthropic plans were overshadowed by his marketing strategies
B. The passage focuses solely on Hershey’s nationwide candy distribution
C. Hershey’s philanthropic mission and its impact on his community are emphasized
D. The passage questions whether Hershey actually funded any charitable institutions",C,"To determine the main idea, consider the overall focus of the passage. This passage emphasizes Milton Hershey's dual legacy as a chocolate industry innovator and a philanthropist. Specific examples, such as his construction of community facilities and support for education through the Milton Hershey School, highlight his community-focused philanthropy. Answer C best encapsulates this idea.","The below-average student reads the passage and gets a bit overwhelmed by all the details. They notice words like 'revolutionized' and 'philanthropic endeavors' but focus more on Hershey’s chocolate business at first. When looking at the choices, they mix up some details and briefly consider answer A or B since Hershey’s name is strongly associated with chocolate. After re-reading and noticing the examples of community projects and the school, they realize the passage’s emphasis is on his charity work and settle on answer C.","The high-performing student reads the passage carefully, noting that while it mentions Hershey’s innovations in the chocolate industry, the focus is clearly on how he used his wealth to improve community life through philanthropy, as evidenced by the construction of housing, schools, and the establishment of the Milton Hershey School. They quickly eliminate answer choices that focus on marketing or candy distribution and affirm that answer C best captures the main idea of the passage.",9,9,"The question is well-designed and clearly aligned with SAT standards for main idea questions. It provides a concise passage and clear answer choices, ensuring that both high-performing and struggling students have enough context to make a reasonable choice. The high-performing student can quickly apply test-taking strategies by eliminating distractors, while the below-average student, despite some initial confusion, finds guiding details in the passage. The explanation is insightful, highlighting key phrases and offering a logical process for arriving at answer C. To perfect this question, consider slightly expanding the explanation with additional elimination strategies or clarifying why the distractor options are incorrect to further reinforce understanding for all students.","{""skill"": ""Main Idea"", ""difficulty"": ""Easy"", ""question"": ""During the early 20th century, **Milton Hershey** not only revolutionized the chocolate industry but also embarked on significant philanthropic endeavors. *Hershey*, often remembered for founding the eponymous chocolate company, funneled much of his fortune into community development by constructing housing, schools, and public spaces for his employees. He also created the _Milton Hershey School_, which serves children in need and is supported by a sizable endowment, illustrating how his business success allowed him to contribute to broader social welfare.\n\nWhich statement best conveys the main idea of the passage?"", ""choices"": [""A. Hershey’s philanthropic plans were overshadowed by his marketing strategies"", ""B. The passage focuses solely on Hershey’s nationwide candy distribution"", ""C. Hershey’s philanthropic mission and its impact on his community are emphasized"", ""D. The passage questions whether Hershey actually funded any charitable institutions""], ""answer"": ""C"", ""explanation"": ""To determine the main idea, you should carefully review the key points of the passage. Here, Milton Hershey's dual achievements as an innovator in the chocolate industry and as a philanthropist are detailed. Examples such as building community infrastructure and founding the Milton Hershey School provide evidence supporting this dual focus. Let's examine why the options are incorrect. **Option A** misleads by claiming emphasis on overshadowing, a concept not described in the text. **Option B** narrows the focus improperly to candy distribution, leaving out philanthropy. **Option D** introduces unfounded skepticism about Hershey's charity. Consequently, only **Option C** correctly summarizes Hershey’s philanthropic mission and its community impact as emphasized in the passage.""}"
2025-03-11 05:47:02,"{""skill"": ""Main Idea"", ""difficulty"": ""Easy"", ""question"": ""Many mathematicians of the early 20th century overcame significant social hurdles to make lasting contributions to their fields. In 1905, mathematician Emma Strömberg published a pioneering paper that introduced a new framework for understanding prime distributions in large sets of data. Her approach was initially met with skepticism by peers who questioned the reliability of her methods. However, her findings were soon validated by other researchers, and her work became a foundation for modern statistical analysis. Strömberg’s dedication prompted more inclusive research opportunities for underrepresented groups, sparking broader interest in advanced mathematics.\n\nWhich statement best expresses the main idea of the passage?"", ""choices"": [""A. Strömberg’s theories were criticized and are mostly considered outdated today."", ""B. The discovery of prime distributions in large data sets proved unhelpful for future research."", ""C. Strömberg’s groundbreaking work advanced statistical methods and helped foster inclusivity in mathematics."", ""D. Mathematicians of the early 20th century rarely supported one another’s efforts.""], ""answer"": ""C"", ""explanation"": ""The main idea focuses on how Emma Strömberg’s innovative research had a significant influence on the field of mathematics and encouraged greater inclusion. A high school student can locate this idea by noting references to \n• Strömberg’s groundbreaking contribution to prime data distributions. \n• The recognition by peers and subsequent value to modern statistical methods.\n• The broader impact on inclusivity, showing how her work went beyond pure research.\nBased on these details, the correct choice is the one emphasizing both her scientific contributions and the importance of inclusivity in mathematics.""}",Main Idea,Easy,"Many mathematicians of the early 20th century overcame significant social hurdles to make lasting contributions to their fields. In 1905, mathematician Emma Strömberg published a pioneering paper that introduced a new framework for understanding prime distributions in large sets of data. Her approach was initially met with skepticism by peers who questioned the reliability of her methods. However, her findings were soon validated by other researchers, and her work became a foundation for modern statistical analysis. Strömberg’s dedication prompted more inclusive research opportunities for underrepresented groups, sparking broader interest in advanced mathematics.

Which statement best expresses the main idea of the passage?","A. Strömberg’s theories were criticized and are mostly considered outdated today.
B. The discovery of prime distributions in large data sets proved unhelpful for future research.
C. Strömberg’s groundbreaking work advanced statistical methods and helped foster inclusivity in mathematics.
D. Mathematicians of the early 20th century rarely supported one another’s efforts.",C,"The main idea focuses on how Emma Strömberg’s innovative research had a significant influence on the field of mathematics and encouraged greater inclusion. A high school student can locate this idea by noting references to 
• Strömberg’s groundbreaking contribution to prime data distributions. 
• The recognition by peers and subsequent value to modern statistical methods.
• The broader impact on inclusivity, showing how her work went beyond pure research.
Based on these details, the correct choice is the one emphasizing both her scientific contributions and the importance of inclusivity in mathematics.","Overall, this SAT question is strong. It presents a clear passage and a straightforward main‐idea question with exactly one correct answer among three plausible, clearly incorrect distractors. The answer and explanation are both aligned and accessible for an Easy–difficulty question. However, a couple of minor improvements will adhere more closely to the guidelines:

1. Introductory Text: Although the passage is complete and clear, SAT formatting guidelines suggest introducing the text. To further professionalize the format, add an introductory line such as:
  ""Read the following passage:""  
(before the passage, then a double line break, then the passage itself). This change helps set clear expectations for the reader.

2. Explanation Enhancement: The explanation nicely outlines why choice C is correct but would be even more educational if it briefly noted why each incorrect choice is wrong. For example, you might add:
  ""Choice A is incorrect because, while the passage notes initial skepticism, it later emphasizes Strömberg’s lasting influence rather than outdated theories. Choice B is incorrect since the passage clearly states that her innovative approach laid the foundation for modern methods. Choice D is off one mark because the passage highlights her trailblazing impact rather than a general lack of support among mathematicians.""  
This addition would provide solid, step-by-step reasoning that reinforces critical reading strategies.

With these small revisions, the question will fully meet all formatting and content guidelines for a high-quality Digital SAT practice item.

Previous input perfect; don't change anything.","{""skill"": ""Main Idea"", ""difficulty"": ""Easy"", ""question"": ""Many mathematicians of the early 20th century overcame significant social hurdles to make lasting contributions to their fields. In 1905, mathematician Emma Strömberg published a pioneering paper that introduced a new framework for understanding prime distributions in large sets of data. Her approach was initially met with skepticism by peers who questioned the reliability of her methods. However, her findings were soon validated by other researchers, and her work became a foundation for modern statistical analysis. Strömberg’s dedication prompted more inclusive research opportunities for underrepresented groups, sparking broader interest in advanced mathematics.\n\nWhich statement best expresses the main idea of the passage?"", ""choices"": [""A. Strömberg’s theories were criticized and are mostly considered outdated today."", ""B. The discovery of prime distributions in large data sets proved unhelpful for future research."", ""C. Strömberg’s groundbreaking work advanced statistical methods and helped foster inclusivity in mathematics."", ""D. Mathematicians of the early 20th century rarely supported one another’s efforts.""], ""answer"": ""C"", ""explanation"": ""The main idea focuses on how Emma Strömberg’s innovative research had a significant influence on the field of mathematics and encouraged greater inclusion. A high school student can locate this idea by noting references to \n• Strömberg’s groundbreaking contribution to prime data distributions. \n• The recognition by peers and subsequent value to modern statistical methods.\n• The broader impact on inclusivity, showing how her work went beyond pure research.\nBased on these details, the correct choice is the one emphasizing both her scientific contributions and the importance of inclusivity in mathematics.""}","Many mathematicians of the early 20th century overcame significant social hurdles to make lasting contributions to their fields. In 1905, mathematician Emma Strömberg published a pioneering paper that introduced a new framework for understanding prime distributions in large sets of data. Her approach was initially met with skepticism by peers who questioned the reliability of her methods. However, her findings were soon validated by other researchers, and her work became a foundation for modern statistical analysis. Strömberg’s dedication prompted more inclusive research opportunities for underrepresented groups, sparking broader interest in advanced mathematics.

Which statement best expresses the main idea of the passage?","A. Strömberg’s theories were criticized and are mostly considered outdated today.
B. The discovery of prime distributions in large data sets proved unhelpful for future research.
C. Strömberg’s groundbreaking work advanced statistical methods and helped foster inclusivity in mathematics.
D. Mathematicians of the early 20th century rarely supported one another’s efforts.",C,"The main idea focuses on how Emma Strömberg’s innovative research had a significant influence on the field of mathematics and encouraged greater inclusion. A high school student can locate this idea by noting references to 
• Strömberg’s groundbreaking contribution to prime data distributions. 
• The recognition by peers and subsequent value to modern statistical methods.
• The broader impact on inclusivity, showing how her work went beyond pure research.
Based on these details, the correct choice is the one emphasizing both her scientific contributions and the importance of inclusivity in mathematics.","I read the passage and felt a bit overwhelmed by all the details about early mathematicians and social challenges. I noticed that Emma Strömberg did something important with numbers and that her work wasn’t accepted at first but later it changed how people did math. I got confused between some of the choices because a few of them mentioned criticism and research, but then I remembered that one answer said her work advanced statistics and helped more people get into math. Even though some words were tricky, I picked answer C because it mentioned both her scientific breakthrough and helping out underrepresented groups. I wasn’t 100% sure, but it felt like the best choice.","I start by carefully reading the passage and noting its key elements: the historical context, the challenges faced by early mathematicians, and especially the details on Emma Strömberg’s pioneering work in prime distributions. I note that her method, although initially met with skepticism, eventually became a cornerstone of modern statistical analysis and also opened doors for inclusivity in research. Recognizing that the passage is structured to highlight both her scientific contribution and the social impact of her work, I quickly eliminate options A, B, and D because they either misrepresent her work or focus on extraneous details. I conclude that choice C, which mentions her groundbreaking work and its dual impact on science and inclusivity, best sums up the main idea. My strategy was to outline the primary details, compare them with the answer choices, and use elimination tactics to discard options that ignore key aspects of the text.",9,9,"The question is well-crafted for an easy-level main idea identification task. It provides a clear passage with distinct details about Emma Strömberg’s contributions and the broader social impact of her work. The high-performing student simulation shows a systematic approach with effective elimination strategies, while the low-performing student's simulation highlights typical struggles with long and detailed passages. The clarity of the passage and the alignment with SAT standards make it a solid question. However, to further enhance clarity for lower-performing students, consider simplifying some of the complex vocabulary or offering a brief glossary for terms like 'prime distributions' or 'framework.' Regarding the explanation, it effectively identifies key details and uses bullet points to emphasize the reasoning behind selecting answer C. To achieve a perfect score, the explanation could include more step-by-step strategies for eliminating distractors and explicitly reference text segments that correspond to each answer choice. Overall, both the question and explanation are strong, with minor improvements suggested for clarity and enhanced support for students who might struggle with the vocabulary and complexity of the passage.","{""skill"": ""Main Idea"", ""difficulty"": ""Easy"", ""question"": ""Many mathematicians of the early 20th century overcame significant social hurdles to make lasting contributions to their fields. In 1905, mathematician Emma Strömberg published a pioneering paper that introduced a new framework for understanding prime distributions in large sets of data. Her approach was initially met with skepticism by peers who questioned the reliability of her methods. However, her findings were soon validated by other researchers, and her work became a foundation for modern statistical analysis. Strömberg’s dedication prompted more inclusive research opportunities for underrepresented groups, sparking broader interest in advanced mathematics.\n\nWhich statement best expresses the main idea of the passage?"", ""choices"": [""A. Strömberg’s theories were criticized and are mostly considered outdated today."", ""B. The discovery of prime distributions in large data sets proved unhelpful for future research."", ""C. Strömberg’s groundbreaking work advanced statistical methods and helped foster inclusivity in mathematics."", ""D. Mathematicians of the early 20th century rarely supported one another’s efforts.""], ""answer"": ""C"", ""explanation"": ""The main idea of the passage is that Emma Strömberg made a significant contribution to mathematics through her innovative research, which not only affected mathematical practices but also promoted inclusivity. Key points leading to this conclusion include:\n- Mentions of her pioneering study on prime distributions.\n- The eventual validation of her work and its foundational status in statistical analysis.\n- Her influence on inclusivity within the field of mathematics.\nAfter analyzing each choice: A is inaccurate because her work is not described as outdated; B is incorrect because her discovery is clearly presented as influential; D misrepresents the collaborative landscape of the time. Therefore, the correct answer is C, which appropriately summarizes her dual impact on mathematics and inclusivity.""}"
2025-03-11 05:50:40,"{""skill"": ""Inferences"", ""difficulty"": ""Medium"", ""question"": ""In a recent business journal interview, social entrepreneur Adala Warner describes how her organization provides small-scale farmers in Southeastern Europe with resources such as low-interest loans and free agricultural workshops. According to Warner, these offerings not only help local economies by boosting crop yields, but also encourage more sustainable practices by reducing reliance on expensive chemical fertilizers.\n\nWhich conclusion about Warner’s strategy is best supported by the interview?\n\nA) It promotes the adoption of advanced machinery more than it improves financial literacy.\nB) It enables local governments to oversee farm operations directly.\nC) It simultaneously addresses both economic and environmental concerns.\nD) It encourages large corporations to invest in farmland across the region."", ""choices"": [""A"", ""B"", ""C"", ""D""], ""answer"": ""C"", ""explanation"": ""An expert reasoner would notice that Warner mentions two key benefits: helping local economies (an economic concern) and supporting ecological practices (an environmental concern). Combining these ideas leads to the conclusion that her strategy tackles both financial and sustainability issues. The other choices either focus on topics not clearly mentioned (such as advanced machinery, government oversight, or corporate investments) or do not align with the interview's emphasis on loan provision and sustainable methods.""}",Inferences,Medium,"In a recent business journal interview, social entrepreneur Adala Warner describes how her organization provides small-scale farmers in Southeastern Europe with resources such as low-interest loans and free agricultural workshops. According to Warner, these offerings not only help local economies by boosting crop yields, but also encourage more sustainable practices by reducing reliance on expensive chemical fertilizers.

Which conclusion about Warner’s strategy is best supported by the interview?

A) It promotes the adoption of advanced machinery more than it improves financial literacy.
B) It enables local governments to oversee farm operations directly.
C) It simultaneously addresses both economic and environmental concerns.
D) It encourages large corporations to invest in farmland across the region.","A
B
C
D",C,"An expert reasoner would notice that Warner mentions two key benefits: helping local economies (an economic concern) and supporting ecological practices (an environmental concern). Combining these ideas leads to the conclusion that her strategy tackles both financial and sustainability issues. The other choices either focus on topics not clearly mentioned (such as advanced machinery, government oversight, or corporate investments) or do not align with the interview's emphasis on loan provision and sustainable methods.",Previous input perfect; don't change anything.,"{""skill"": ""Inferences"", ""difficulty"": ""Medium"", ""question"": ""Adala Warner, a social entrepreneur, outlines her organization's contributions to small-scale farmers in Southeastern Europe in a business journal interview. These contributions include low-interest loans and free agricultural workshops. According to Warner, these measures increase crop yields, which bolsters local economies, and promote sustainable agricultural practices by reducing dependency on expensive chemical fertilizers. \n\nWhich conclusion can be most reasonably drawn from Warner's strategy based on the interview?"", ""choices"": [""A) It focuses more on promoting advanced farming technology than on economic empowerment."", ""B) It provides direct financial assistance while limiting the role of government intervention."", ""C) It integrates solutions for economic development and environmental sustainability."", ""D) It is designed to attract large-scale investment in regional agricultural projects.""], ""answer"": ""C"", ""explanation"": ""The interview emphasizes two primary benefits of Warner's strategy: enhancing local economies through agricultural productivity and fostering sustainable practices by cutting down on chemical fertilizer use. This indicates that the strategy intertwines economic and environmental efforts. The other options misinterpret the emphasis on sustainability and economic development or attribute goals that the text does not support.""}","Adala Warner, a social entrepreneur, outlines her organization's contributions to small-scale farmers in Southeastern Europe in a business journal interview. These contributions include low-interest loans and free agricultural workshops. According to Warner, these measures increase crop yields, which bolsters local economies, and promote sustainable agricultural practices by reducing dependency on expensive chemical fertilizers. 

Which conclusion can be most reasonably drawn from Warner's strategy based on the interview?","A) It focuses more on promoting advanced farming technology than on economic empowerment.
B) It provides direct financial assistance while limiting the role of government intervention.
C) It integrates solutions for economic development and environmental sustainability.
D) It is designed to attract large-scale investment in regional agricultural projects.",C,The interview emphasizes two primary benefits of Warner's strategy: enhancing local economies through agricultural productivity and fostering sustainable practices by cutting down on chemical fertilizer use. This indicates that the strategy intertwines economic and environmental efforts. The other options misinterpret the emphasis on sustainability and economic development or attribute goals that the text does not support.,"I read that Warner gives out low-interest loans and free workshops. These help farmers get better crop yields and use less expensive chemical fertilizers. I get a little mixed up with some of the words, but I understand that the passage talks about helping both money matters and the environment. Even though I’m not totally sure, I decide that answer C fits best because it mentions both economic and environmental benefits.","I start by carefully reading Warner’s interview excerpt and quickly note that her organization provides low‐interest loans and free agricultural workshops. I recognize that these measures lead to two main outcomes: an increase in crop yields (which boosts local economies) and a reduction in dependency on expensive chemical fertilizers (which promotes sustainability). By connecting these dots, I see that the correct inference must capture both economic improvement and environmental sustainability. I rule out options that only focus on one aspect or bring in unrelated ideas, and I confidently select answer C.",9,9,"The question is clearly written and logically structured for a medium-difficulty SAT inference problem. It effectively provides the necessary details for high-performing students to connect economic benefits and environmental sustainability, while still posing a challenge to lower-performing students through careful textual cues. The explanation succinctly clarifies why the integrated approach in answer C is the best inference, eliminating other options accurately. To further improve the question, consider offering a slight reinforcement of how sustainability is defined in this context to assist those who might struggle with the abstract concept, and add brief notes on why the alternatives are less appropriate. These minor adjustments would ensure the question and explanation fully meet SAT standards for clarity and instructional quality.","{""skill"": ""Inferences"", ""difficulty"": ""Medium"", ""question"": ""Adala Warner, a social entrepreneur, outlines her organization's contributions to small-scale farmers in Southeastern Europe in a business journal interview. These contributions include low-interest loans and free agricultural workshops. According to Warner, these measures increase crop yields, which bolsters local economies, and promote sustainable agricultural practices by reducing dependency on expensive chemical fertilizers. \n\nWhich conclusion can be most reasonably drawn from Warner's strategy based on the interview?"", ""choices"": [""A) It focuses more on promoting advanced farming technology than on economic empowerment."", ""B) It provides direct financial assistance while limiting the role of government intervention."", ""C) It integrates solutions for economic development and environmental sustainability."", ""D) It is designed to attract large-scale investment in regional agricultural projects.""], ""answer"": ""C"", ""explanation"": ""Warner's strategy, as described, achieves two significant goals: increasing crop yields to strengthen local economies, and fostering sustainable farming by reducing reliance on expensive fertilizers. This clearly integrates economic and ecological objectives. Option A is incorrect as the primary focus isn't on advanced technology. Option B misinterprets the actions as directly opposing government involvement, which isn't mentioned. Option D incorrectly assumes a goal to attract large-scale investment, which the interview does not suggest. Option C summarizes the intertwined economic and environmental goals accurately.""}"
2025-03-11 05:52:03,"{""skill"": ""Inferences"", ""difficulty"": ""Medium"", ""question"": ""Elizabeth Cady Stanton (1815–1902) was an American reformer who played a leading role in the **women’s rights** movement. In one of her well-known speeches, she emphasized that recognizing women’s right to vote would not only benefit women individually but would also serve the entire society by encouraging people to address other social issues. She wrote, _No meaningful progress can be made when a nation’s moral voice is silenced_, urging lawmakers to respond to women’s growing demand for equality.\n\nWhich inference about Stanton’s perspective is best supported by the passage?"", ""choices"": [""A. She believed that parity in education would inevitably precede voting rights."", ""B. She expected that once women could vote, they would champion further social reforms."", ""C. She argued that property ownership had more influence on lawmakers than voting."", ""D. She assumed that women’s suffrage would immediately resolve all social inequalities.""], ""answer"": ""B"", ""explanation"": ""Stanton’s statement highlights that granting women the right to vote would empower them to continue advocating for social improvements. She describes women’s perspective as a vital moral voice, implying that women’s suffrage would inspire broader changes. \n\n• Identify the main idea: Stanton sees women’s rights as key to galvanizing future reforms.\n• Evaluate each choice: Only the correct option aligns with the notion that granting voting rights stimulates ongoing advocacy. Other choices either add claims not mentioned in the text (like education preceding suffrage) or exaggerate Stanton’s position (that all inequalities would be instantly solved).""}",Inferences,Medium,"Elizabeth Cady Stanton (1815–1902) was an American reformer who played a leading role in the **women’s rights** movement. In one of her well-known speeches, she emphasized that recognizing women’s right to vote would not only benefit women individually but would also serve the entire society by encouraging people to address other social issues. She wrote, _No meaningful progress can be made when a nation’s moral voice is silenced_, urging lawmakers to respond to women’s growing demand for equality.

Which inference about Stanton’s perspective is best supported by the passage?","A. She believed that parity in education would inevitably precede voting rights.
B. She expected that once women could vote, they would champion further social reforms.
C. She argued that property ownership had more influence on lawmakers than voting.
D. She assumed that women’s suffrage would immediately resolve all social inequalities.",B,"Stanton’s statement highlights that granting women the right to vote would empower them to continue advocating for social improvements. She describes women’s perspective as a vital moral voice, implying that women’s suffrage would inspire broader changes. 

• Identify the main idea: Stanton sees women’s rights as key to galvanizing future reforms.
• Evaluate each choice: Only the correct option aligns with the notion that granting voting rights stimulates ongoing advocacy. Other choices either add claims not mentioned in the text (like education preceding suffrage) or exaggerate Stanton’s position (that all inequalities would be instantly solved).",Previous input perfect; don't change anything.,"{""skill"": ""Inferences"", ""difficulty"": ""Medium"", ""question"": ""Elizabeth Cady Stanton (1815–1902) was an American reformer who played a leading role in the **women’s rights** movement. In one of her well-known speeches, she emphasized that recognizing women’s right to vote would not only benefit women individually but would also serve the entire society by encouraging people to address other social issues. She wrote, _No meaningful progress can be made when a nation’s moral voice is silenced_, urging lawmakers to respond to women’s growing demand for equality.\n\nWhat does the passage suggest about Stanton's view regarding the effect of giving women the right to vote?"", ""choices"": [""A. She believed that parity in education was the foundational step for achieving voting rights."", ""B. She upheld the idea that women's suffrage would lead to a larger pursuit of societal reforms."", ""C. She stated that economic equality shaped major progressive reforms more than voting rights."", ""D. She saw suffrage as the single solution to all social problems faced by society.""], ""answer"": ""B"", ""explanation"": ""Stanton’s reasoning in the passage proposes that women gaining the right to vote is not only an improvement for women but also a catalyst for wider societal reforms. This reflects choice B: that women’s suffrage would lead to further social advancements. Other options distort the passage's ideas or overstate the implications of Stanton's argument.""}","Elizabeth Cady Stanton (1815–1902) was an American reformer who played a leading role in the **women’s rights** movement. In one of her well-known speeches, she emphasized that recognizing women’s right to vote would not only benefit women individually but would also serve the entire society by encouraging people to address other social issues. She wrote, _No meaningful progress can be made when a nation’s moral voice is silenced_, urging lawmakers to respond to women’s growing demand for equality.

What does the passage suggest about Stanton's view regarding the effect of giving women the right to vote?","A. She believed that parity in education was the foundational step for achieving voting rights.
B. She upheld the idea that women's suffrage would lead to a larger pursuit of societal reforms.
C. She stated that economic equality shaped major progressive reforms more than voting rights.
D. She saw suffrage as the single solution to all social problems faced by society.",B,Stanton’s reasoning in the passage proposes that women gaining the right to vote is not only an improvement for women but also a catalyst for wider societal reforms. This reflects choice B: that women’s suffrage would lead to further social advancements. Other options distort the passage's ideas or overstate the implications of Stanton's argument.,"I read the passage and see that Stanton talks about women’s right to vote. I understand that she thinks giving women the right to vote not only helps them but also makes society better. I look at the choices and notice that option A talks about education and option C about money stuff, which I don’t remember from the passage. Option D sounds like it’s saying voting fixes every problem, which seems too strong. Even though I’m a bit confused by some words, I think option B is the best choice because it says women voting will lead to more changes in society.","I carefully read the passage and notice that Stanton argues that granting women the right to vote is important not just for individual empowerment but for broader social progress. I identify key phrases like 'no meaningful progress' and 'moral voice is silenced' which suggest that without women’s participation in voting, larger societal issues remain unaddressed. I then review each answer option: Option A introduces education, which isn’t mentioned; Option C shifts the focus to economic equality, which is not emphasized; Option D overstates by suggesting suffrage is the single solution. Based on this elimination process, I confidently choose B, as it clearly fits the passage’s message that suffrage will spur further societal reforms.",9,8,"The question is well aligned with SAT standards in terms of its focus on inferences from a passage and is clearly written. The correct answer (B) is unambiguously supported by the passage and the elimination of other choices is straightforward for a high-performing student, while still presenting a reasonable challenge for a lower-performing student. However, to reach a perfect 10, consider providing additional contextual clues in the passage that explicitly link the idea of suffrage to broader reforms, which would help clarify for students who might struggle with inference. The explanation is concise and correctly summarizes the reasoning behind option B, but could be improved by highlighting specific textual evidence (e.g., key phrases) that support the inference. This additional detail would enhance understanding for all students, particularly those who struggle with reading comprehension.","{""skill"": ""Inferences"", ""difficulty"": ""Medium"", ""question"": ""Elizabeth Cady Stanton (1815–1902) was an American reformer who played a leading role in the **women’s rights** movement. In one of her well-known speeches, she emphasized that recognizing women’s right to vote would not only benefit women individually but would also serve the entire society by encouraging people to address other social issues. She wrote, _When all citizens are given equal opportunity to participate, a nation strengthens its resolve toward justice and progress_, urging lawmakers to respond to women’s growing demand for equality. Furthermore, she implied that when suffrage is achieved, reform will not stop there but rather extend into issues of labor, education, and poverty, creating a more equitable society.\n\nWhat does the passage suggest about Stanton's view regarding the effect of giving women the right to vote?"", ""choices"": [""A. She believed that parity in education was the foundational step for achieving voting rights."", ""B. She upheld the idea that women's suffrage would lead to a larger pursuit of societal reforms."", ""C. She stated that economic equality shaped major progressive reforms more than voting rights."", ""D. She saw suffrage as the single solution to all social problems faced by society.""], ""answer"": ""B"", ""explanation"": ""Stanton’s reasoning in the passage links the recognition of women’s right to vote to the realization of broader social reforms, such as addressing education, labor, and poverty. This directly supports choice B: that women’s suffrage would catalyze further societal improvements. The other options misinterpret or exaggerate the claims of the passage, with choice D particularly overstating suffrage as a solution to all social problems, which was not stated by Stanton.""}"
2025-03-11 05:53:12,"{""skill"": ""Inferences"", ""difficulty"": ""Medium"", ""question"": ""Maria Telkes, a Hungarian-American scientist often called the \n\""Sun Queen,\"" carried out groundbreaking experiments in solar energy research. She famously developed a solar-powered oven that reached over $80^{\\circ}$C in her initial tests, even though she operated in notably modest laboratory settings. Telkes quite often emphasized that with *resourceful* engineering, \nsignificant results could be achieved without large funding. Critics, however, \nof her time questioned whether solar technology could truly rival conventional \nfossil fuels, especially during colder seasons. Yet, Telkes demonstrated \nthat the sun was a dependable source of heat, underscoring how \nlower-intensity sunlight, when captured effectively, could still maintain \nrelatively high temperatures. Telkes’ work showcased how committed \ninnovation could stem from *creativity*, unwavering *persistence*, and \nclever resource allocation.\n\nWhich conclusion about Maria Telkes is best supported by the passage?"", ""choices"": [""A. She believed her solar-powered oven would only work effectively during the warmest months."", ""B. She viewed large-scale funding as an absolute requirement for thorough scientific exploration."", ""C. She was determined to prove that limited resources need not prevent meaningful technological progress."", ""D. She agreed with critics who asserted that solar energy could only supplement, rather than replace, fossil fuels.""], ""answer"": ""C"", ""explanation"": ""To infer Telkes’ stance, note her emphasis that significant results could be achieved without large funding and her determination to prove solar energy’s reliability. Since she worked effectively under constrained resources, it’s logical that she believed resourcefulness could overcome financial limitations. The passage never states she agreed with critics or focused solely on warm weather, but instead highlights her success despite modest means.""}",Inferences,Medium,"Maria Telkes, a Hungarian-American scientist often called the 
""Sun Queen,"" carried out groundbreaking experiments in solar energy research. She famously developed a solar-powered oven that reached over $80^{\circ}$C in her initial tests, even though she operated in notably modest laboratory settings. Telkes quite often emphasized that with *resourceful* engineering, 
significant results could be achieved without large funding. Critics, however, 
of her time questioned whether solar technology could truly rival conventional 
fossil fuels, especially during colder seasons. Yet, Telkes demonstrated 
that the sun was a dependable source of heat, underscoring how 
lower-intensity sunlight, when captured effectively, could still maintain 
relatively high temperatures. Telkes’ work showcased how committed 
innovation could stem from *creativity*, unwavering *persistence*, and 
clever resource allocation.

Which conclusion about Maria Telkes is best supported by the passage?","A. She believed her solar-powered oven would only work effectively during the warmest months.
B. She viewed large-scale funding as an absolute requirement for thorough scientific exploration.
C. She was determined to prove that limited resources need not prevent meaningful technological progress.
D. She agreed with critics who asserted that solar energy could only supplement, rather than replace, fossil fuels.",C,"To infer Telkes’ stance, note her emphasis that significant results could be achieved without large funding and her determination to prove solar energy’s reliability. Since she worked effectively under constrained resources, it’s logical that she believed resourcefulness could overcome financial limitations. The passage never states she agreed with critics or focused solely on warm weather, but instead highlights her success despite modest means.",Previous input perfect; don't change anything.,"{""skill"": ""Inferences"", ""difficulty"": ""Medium"", ""question"": ""Maria Telkes, a Hungarian-American scientist often called the \n\""Sun Queen,\"" carried out groundbreaking experiments in solar energy research. She famously developed a solar-powered oven that reached temperatures exceeding $80^{\\circ}$C in her initial tests, even though she operated in notably modest laboratory settings. Telkes emphasized that with *resourceful* engineering, \nsignificant results could be achieved without large funding. Critics of her time, however, questioned whether solar technology could truly rival conventional \nfossil fuels, especially during colder seasons. Yet, Telkes demonstrated \nthat the sun was a dependable source of heat, underscoring how \nlower-intensity sunlight, when captured effectively, could still maintain \nrelatively high temperatures. Telkes’ work showcased how committed \ninnovation could stem from *creativity*, unwavering *persistence*, and \nclever resource allocation.\n\nWhich conclusion about Maria Telkes is best supported by the passage?"", ""choices"": [""A. She believed her solar-powered oven would only work effectively during the warmest months."", ""B. She viewed large-scale funding as an absolute requirement for thorough scientific exploration."", ""C. She was determined to prove that limited resources need not prevent meaningful technological progress."", ""D. She agreed with critics who asserted that solar energy could only supplement, rather than replace, fossil fuels.""], ""answer"": ""C"", ""explanation"": ""The conclusion is based on Telkes' emphasis on resourcefulness and her success with modest laboratory setups. The passage illustrates that she overcame limited resources to achieve results, supporting her determination to show progress does not require large funding.""}","Maria Telkes, a Hungarian-American scientist often called the 
""Sun Queen,"" carried out groundbreaking experiments in solar energy research. She famously developed a solar-powered oven that reached temperatures exceeding $80^{\circ}$C in her initial tests, even though she operated in notably modest laboratory settings. Telkes emphasized that with *resourceful* engineering, 
significant results could be achieved without large funding. Critics of her time, however, questioned whether solar technology could truly rival conventional 
fossil fuels, especially during colder seasons. Yet, Telkes demonstrated 
that the sun was a dependable source of heat, underscoring how 
lower-intensity sunlight, when captured effectively, could still maintain 
relatively high temperatures. Telkes’ work showcased how committed 
innovation could stem from *creativity*, unwavering *persistence*, and 
clever resource allocation.

Which conclusion about Maria Telkes is best supported by the passage?","A. She believed her solar-powered oven would only work effectively during the warmest months.
B. She viewed large-scale funding as an absolute requirement for thorough scientific exploration.
C. She was determined to prove that limited resources need not prevent meaningful technological progress.
D. She agreed with critics who asserted that solar energy could only supplement, rather than replace, fossil fuels.",C,"The conclusion is based on Telkes' emphasis on resourcefulness and her success with modest laboratory setups. The passage illustrates that she overcame limited resources to achieve results, supporting her determination to show progress does not require large funding.","I read the passage and see that Telkes made a solar oven work really well, even though she didn’t have a fancy lab. It tells me she proved you don’t need a lot of money to do cool science. I get a bit confused with all the details, but I remember that options A, B, and D talk about things that aren’t true to the passage. So I pick Option C because it says she showed that even with few resources, you can still do important work.","I start by reading the passage carefully, noting that Maria Telkes was celebrated for her innovative solar energy experiments under modest conditions. I recognize that the passage emphasizes her resourcefulness and creative persistence in achieving high temperatures with minimal funding. Considering the answer choices, I quickly eliminate A because it incorrectly narrows her work to warm months, B because it contradicts her success with limited resources, and D because it wrongly aligns her views with the critics. This leaves C, which matches the idea that limited resources did not stop her from making significant advancements. Therefore, I confidently choose Option C.",9,8,"The question is well designed for medium-level inference practice: it provides a clear passage with specific details about Telkes’ resourcefulness, allowing students to distinguish between the nuances in each answer choice. High-performing students can quickly identify the central theme of innovation despite constraints, while the distractor choices are sufficiently misleading to challenge lower-performing students without making the question unsolvable. However, the passage could be streamlined slightly to reduce extraneous details that may distract some students. Additionally, although the explanation correctly identifies the basis for the correct answer, it would benefit from a more detailed discussion of why the other options are incorrect, which could further aid students in developing robust test-taking strategies. With these adjustments, the question and explanation could reach near perfection.","{""skill"": ""Inferences"", ""difficulty"": ""Medium"", ""question"": ""Maria Telkes, a Hungarian-American scientist often called the \""Sun Queen,\"" carried out groundbreaking experiments in solar energy research. She famously developed a solar-powered oven that reached temperatures exceeding $80^{\\circ}$C in her initial tests, even though she operated in notably modest laboratory settings. Telkes emphasized that with *resourceful* engineering, significant results could be achieved without large funding. Critics of her time, however, questioned whether solar technology could truly rival conventional fossil fuels, especially during colder seasons. Yet, Telkes demonstrated that the sun was a dependable source of heat, underscoring how lower-intensity sunlight, when captured effectively, could still maintain relatively high temperatures. Telkes’ work showcased how committed innovation could stem from *creativity*, unwavering *persistence*, and clever resource allocation. \n\nWhich conclusion about Maria Telkes is best supported by the passage?"", ""choices"": [""A. She believed her solar-powered oven would only work effectively during the warmest months."", ""B. She viewed large-scale funding as an absolute requirement for thorough scientific exploration."", ""C. She was determined to prove that limited resources need not prevent meaningful technological progress."", ""D. She agreed with critics who asserted that solar energy could only supplement, rather than replace, fossil fuels.""], ""answer"": ""C"", ""explanation"": ""The correct answer is C because the passage emphasizes Telkes’ belief in achieving significant results through resourceful engineering. Her work, particularly the development of the solar-powered oven in modest settings, underscores her determination to prove that meaningful scientific and technological advances can be made without immense funding. Option A is incorrect because the passage does not indicate Telkes had limited confidence in the oven’s performance outside warm seasons. Option B is incorrect because Telkes explicitly emphasized resourcefulness over large-scale funding. Option D is incorrect as there is no support in the passage that she endorsed the critics’ viewpoint about solar energy’s limitations.""}"
2025-03-11 05:54:27,"{""skill"": ""Inferences"", ""difficulty"": ""Medium"", ""question"": ""In her keynote address at an international technology conference, software developer Sarah González revealed data on her digital trade platform, designed to simplify cross-border commerce for small import and export businesses. She stated that on average, participants who used the platform reduced overhead by nearly 30%, primarily due to automated customs documentation and real-time currency conversions. However, she acknowledged unanticipated regulatory hurdles in several countries and cited the need for continued negotiation with local authorities to ensure compliance. She concluded by emphasizing the platform’s potential to empower small businesses, while also warning that significant effort and time would be required to navigate these legal intricacies.\n\nWhich inference about the development of González’s platform is best supported by the passage?"", ""choices"": [""A) The platform can only succeed if González obtains additional funding from large corporations."", ""B) Navigating international regulations remains a significant challenge for ensuring widespread adoption."", ""C) Government officials have largely ignored any complaints from early adopters in other countries."", ""D) González has already concluded negotiations with every local authority in the target regions.""], ""answer"": ""B"", ""explanation"": ""From González’s mention of “unanticipated regulatory hurdles” and the need for continued negotiation, we can infer that global expansion of the platform depends on overcoming various regulations. Because the passage mentions that she must still work with local authorities, Choice B best reflects that ongoing challenge. The other choices are not clearly supported by her remarks about funding, government reactions, or the status of negotiations.""}",Inferences,Medium,"In her keynote address at an international technology conference, software developer Sarah González revealed data on her digital trade platform, designed to simplify cross-border commerce for small import and export businesses. She stated that on average, participants who used the platform reduced overhead by nearly 30%, primarily due to automated customs documentation and real-time currency conversions. However, she acknowledged unanticipated regulatory hurdles in several countries and cited the need for continued negotiation with local authorities to ensure compliance. She concluded by emphasizing the platform’s potential to empower small businesses, while also warning that significant effort and time would be required to navigate these legal intricacies.

Which inference about the development of González’s platform is best supported by the passage?","A) The platform can only succeed if González obtains additional funding from large corporations.
B) Navigating international regulations remains a significant challenge for ensuring widespread adoption.
C) Government officials have largely ignored any complaints from early adopters in other countries.
D) González has already concluded negotiations with every local authority in the target regions.",B,"From González’s mention of “unanticipated regulatory hurdles” and the need for continued negotiation, we can infer that global expansion of the platform depends on overcoming various regulations. Because the passage mentions that she must still work with local authorities, Choice B best reflects that ongoing challenge. The other choices are not clearly supported by her remarks about funding, government reactions, or the status of negotiations.",Previous input perfect; don't change anything.,"{""skill"": ""Inferences"", ""difficulty"": ""Medium"", ""question"": ""In her keynote address at an international technology conference, software developer Sarah González revealed data on her digital trade platform, designed to simplify cross-border commerce for small import and export businesses. She stated that on average, participants who used the platform reduced overhead by nearly 30%, primarily due to automated customs documentation and real-time currency conversions. However, she acknowledged unanticipated regulatory hurdles in several countries and stated that ongoing negotiations with local authorities are necessary to ensure compliance. She concluded by emphasizing the platform’s potential to empower small businesses, while also indicating that significant effort and time will be required to navigate these legal intricacies.\n\nWhich inference about the development of González’s platform is best supported by the passage?"", ""choices"": [""A) The platform can only succeed if González obtains additional funding from large corporations."", ""B) Navigating international regulations remains a significant challenge for ensuring widespread adoption."", ""C) Government officials have largely ignored any complaints from early adopters in other countries."", ""D) González has already concluded negotiations with every local authority in the target regions.""], ""answer"": ""B"", ""explanation"": ""The passage highlights that unanticipated regulatory hurdles have arisen and that continued negotiations with local authorities are necessary. This indicates that navigating international regulations is a major ongoing challenge. Choice B correctly captures this inference. The other choices are not supported by the passage as there is no mention of funding being required, complaints being ignored, or all negotiations being concluded.""}","In her keynote address at an international technology conference, software developer Sarah González revealed data on her digital trade platform, designed to simplify cross-border commerce for small import and export businesses. She stated that on average, participants who used the platform reduced overhead by nearly 30%, primarily due to automated customs documentation and real-time currency conversions. However, she acknowledged unanticipated regulatory hurdles in several countries and stated that ongoing negotiations with local authorities are necessary to ensure compliance. She concluded by emphasizing the platform’s potential to empower small businesses, while also indicating that significant effort and time will be required to navigate these legal intricacies.

Which inference about the development of González’s platform is best supported by the passage?","A) The platform can only succeed if González obtains additional funding from large corporations.
B) Navigating international regulations remains a significant challenge for ensuring widespread adoption.
C) Government officials have largely ignored any complaints from early adopters in other countries.
D) González has already concluded negotiations with every local authority in the target regions.",B,"The passage highlights that unanticipated regulatory hurdles have arisen and that continued negotiations with local authorities are necessary. This indicates that navigating international regulations is a major ongoing challenge. Choice B correctly captures this inference. The other choices are not supported by the passage as there is no mention of funding being required, complaints being ignored, or all negotiations being concluded.","The below-average student reads the passage and feels a bit overwhelmed by all the details. They notice the impressive 30% overhead reduction, and this distracts them from the parts about regulations. They read through the choices and get confused since several of the options seem related to challenges. After some hesitation, they remember the part about needing ongoing negotiations and decide that option B is the answer, even though they are unsure why the other options are not correct. They might mix up details and need extra time to re-read the passage before feeling confident in the answer.","The high-achieving student begins by carefully reading the passage, quickly noting that while the platform shows promising benefits such as a 30% reduction in overhead, the key detail is the mention of ongoing regulatory challenges and negotiations. They systematically eliminate answer choices: A is rejected because there’s no information supporting dependence on additional funding from corporations; C is dismissed because complaints by government officials are not mentioned; and D is ruled out since the passage explicitly states that negotiations are still ongoing. The student concludes that answer B is the best-supported inference, as it directly aligns with the passage’s emphasis on the regulatory hurdles affecting widespread adoption.",8,8,"The question is well-designed and aligns with SAT standards by testing inference skills based on a passage that includes both strengths and challenges of the platform. It is clear and logical, making it accessible for advanced students while still presenting some complexity for lower-performing students. However, there is room for improvement by emphasizing key details in the passage that link directly to the answer (B), which could help prevent misinterpretation by less proficient readers. In the explanation, providing specific reasoning for why each distractor is incorrect—beyond simply stating that they are unsupported—would further enhance clarity and reinforce critical reading strategies for all students.","{""skill"": ""Inferences"", ""difficulty"": ""Medium"", ""question"": ""In her keynote address at an international technology conference, software developer Sarah González revealed data on her digital trade platform, designed to simplify cross-border commerce for small import and export businesses. She stated that on average, participants who used the platform reduced overhead by nearly 30%, primarily due to automated customs documentation and real-time currency conversions. However, she acknowledged unanticipated regulatory hurdles in several countries and stated that ongoing negotiations with local authorities are necessary to ensure compliance. She concluded by emphasizing the platform’s potential to empower small businesses, while also indicating that significant effort and time will be required to navigate these legal intricacies.\n\nWhich inference about the development of González’s platform is best supported by the passage?"", ""choices"": [""A) The platform can only succeed if González obtains additional funding from large corporations."", ""B) Navigating international regulations remains a significant challenge for ensuring widespread adoption."", ""C) Government officials have largely ignored any complaints from early adopters in other countries."", ""D) González has already concluded negotiations with every local authority in the target regions.""], ""answer"": ""B"", ""explanation"": ""The passage mentions that González acknowledged unanticipated regulatory hurdles and stated the need for ongoing negotiations with local authorities to ensure compliance. From this, it is clear that navigating international regulations is a major challenge for the platform, supporting answer B. Choice A is not supported because the passage does not mention funding from large corporations as a requirement for the platform's success. Choice C is incorrect because the passage provides no indication of government officials ignoring complaints. Lastly, Choice D is also incorrect because the passage explicitly mentions ongoing negotiations, implying that negotiations are not yet concluded.""}"
2025-03-11 05:55:48,"{""skill"": ""Inferences"", ""difficulty"": ""Medium"", ""question"": ""While researching a newly established artisan chocolate company, business journalist Alicia Tan documented the following observations:\\\n\\\n• The founders used direct-to-consumer sales via an **interactive** website and hosted tasting workshops at local cafés.\\\n• Despite charging premium prices, the company continued to attract more buyers over time.\\\n• Tan noted that the business emphasized _transparency_ in how the chocolate was sourced and made, aiming to engage customers in each step of the process.\\\n\\\nWhich statement is best supported by the text?"", ""choices"": [""A. The founders plan to reduce production costs by partnering only with low-cost suppliers."", ""B. The company’s marketing strategy highlights building long-lasting connections with customers."", ""C. The tasting workshops indicate that the founders do not intend to sell their product online."", ""D. The emphasis on transparency leads to significantly lower product prices for consumers.""], ""answer"": ""B"", ""explanation"": ""The passage describes how the founders emphasize transparency and customer engagement through both an **interactive** website and tasting workshops. This suggests that they prioritize building meaningful relationships with customers, rather than aiming solely for the lowest prices or avoiding online sales. By contrast, the other choices are not clearly supported by the passage: the text does not state anything about restricting suppliers to reduce costs, it does not suggest that the product will not be sold online, and it does not indicate that the company’s transparency directly lowers prices.""}",Inferences,Medium,"While researching a newly established artisan chocolate company, business journalist Alicia Tan documented the following observations:\
\
• The founders used direct-to-consumer sales via an **interactive** website and hosted tasting workshops at local cafés.\
• Despite charging premium prices, the company continued to attract more buyers over time.\
• Tan noted that the business emphasized _transparency_ in how the chocolate was sourced and made, aiming to engage customers in each step of the process.\
\
Which statement is best supported by the text?","A. The founders plan to reduce production costs by partnering only with low-cost suppliers.
B. The company’s marketing strategy highlights building long-lasting connections with customers.
C. The tasting workshops indicate that the founders do not intend to sell their product online.
D. The emphasis on transparency leads to significantly lower product prices for consumers.",B,"The passage describes how the founders emphasize transparency and customer engagement through both an **interactive** website and tasting workshops. This suggests that they prioritize building meaningful relationships with customers, rather than aiming solely for the lowest prices or avoiding online sales. By contrast, the other choices are not clearly supported by the passage: the text does not state anything about restricting suppliers to reduce costs, it does not suggest that the product will not be sold online, and it does not indicate that the company’s transparency directly lowers prices.",Previous input perfect; don't change anything.,"{""skill"": ""Inferences"", ""difficulty"": ""Medium"", ""question"": ""While researching a newly established artisan chocolate company, business journalist Alicia Tan documented the following observations:\n\n- The founders used direct-to-consumer sales via an **interactive** website and hosted tasting workshops at local cafés.\n- Despite charging premium prices, the company continued to attract more buyers over time.\n- Tan noted that the business emphasized _transparency_ in how the chocolate was sourced and made, aiming to engage customers in each step of the process.\n\nWhich statement is best supported by the text?"", ""choices"": [""A. The founders plan to reduce production costs by partnering only with low-cost suppliers."", ""B. The company’s marketing strategy highlights building long-lasting connections with customers."", ""C. The tasting workshops indicate that the founders do not intend to sell their product online."", ""D. The emphasis on transparency leads to significantly lower product prices for consumers.""], ""answer"": ""B"", ""explanation"": ""The passage describes how the founders emphasize transparency and customer engagement through both an **interactive** website and tasting workshops. This suggests that they prioritize building meaningful relationships with customers, rather than aiming solely for the lowest prices or avoiding online sales. By contrast, the other choices are not clearly supported by the passage: the text does not state anything about restricting suppliers to reduce costs, it does not suggest that the product will not be sold online, and it does not indicate that the company’s transparency directly lowers prices.""}","While researching a newly established artisan chocolate company, business journalist Alicia Tan documented the following observations:

- The founders used direct-to-consumer sales via an **interactive** website and hosted tasting workshops at local cafés.
- Despite charging premium prices, the company continued to attract more buyers over time.
- Tan noted that the business emphasized _transparency_ in how the chocolate was sourced and made, aiming to engage customers in each step of the process.

Which statement is best supported by the text?","A. The founders plan to reduce production costs by partnering only with low-cost suppliers.
B. The company’s marketing strategy highlights building long-lasting connections with customers.
C. The tasting workshops indicate that the founders do not intend to sell their product online.
D. The emphasis on transparency leads to significantly lower product prices for consumers.",B,"The passage describes how the founders emphasize transparency and customer engagement through both an **interactive** website and tasting workshops. This suggests that they prioritize building meaningful relationships with customers, rather than aiming solely for the lowest prices or avoiding online sales. By contrast, the other choices are not clearly supported by the passage: the text does not state anything about restricting suppliers to reduce costs, it does not suggest that the product will not be sold online, and it does not indicate that the company’s transparency directly lowers prices.","I read the passage and see words like 'interactive website' and 'tasting workshops,' but I get a bit confused about what they really mean. I notice that the price is high, and then I see 'transparency,' which makes me think maybe they lower prices or something. I even consider option D because I mix up transparency with discounts, and option C because I’m not sure how the online sales and workshops fit together. By trying to figure out what the writers wanted to show, I eventually think it might be option B about customer relationships, but I’m not very confident about it.","As a high-performing student, I carefully read the passage and immediately notice that the founders use both an interactive website and in-person tasting workshops. I recognize that these strategies are meant to engage customers at multiple touchpoints and that the emphasis on transparency implies a focus on building trust rather than cutting costs or avoiding online sales. I then quickly eliminate option A since there’s no mention of partnering with low-cost suppliers, option C because the passage clearly states they sell online, and option D because the transparency is aimed at engagement rather than lowering prices. I confidently select option B as it best aligns with the evidence in the text.",8,8,"The question is well-constructed and aligns with SAT inference standards by offering a clear passage with relevant details, and by asking which statement is best supported by the text. The wording is precise and logically distinguishes between the clues provided. However, to improve clarity, it might be beneficial to emphasize that while premium pricing is mentioned, it is not the primary focus of the founders' strategy—the emphasis is on customer engagement and transparency. This clarification could help reduce misinterpretation, especially for students who might confuse transparency with price reductions. The explanation provided is effective in outlining why option B is correct and why the other options can be dismissed, but it could be enhanced by elaborating a bit more on the thought process for eliminating the distractors, thus offering deeper insight into the reasoning process. These adjustments would help bring both ratings closer to a perfect 10.","{""skill"": ""Inferences"", ""difficulty"": ""Medium"", ""question"": ""While researching a newly established artisan chocolate company, business journalist Alicia Tan documented the following observations:  \n  \n- The founders used direct-to-consumer sales via an **interactive** website and hosted tasting workshops at local cafés.  \n- Despite charging premium prices, the company continued to attract more buyers over time.  \n- Tan noted that the business emphasized _transparency_ in how the chocolate was sourced and made, aiming to engage customers in each step of the process.  \n  \nWhich statement is best supported by the text?"", ""choices"": [""A. The founders plan to reduce production costs by partnering only with low-cost suppliers."", ""B. The company’s marketing strategy highlights building long-lasting connections with customers."", ""C. The tasting workshops indicate that the founders do not intend to sell their product online."", ""D. The emphasis on transparency leads to significantly lower product prices for consumers.""], ""answer"": ""B"", ""explanation"": ""The passage indicates that the company emphasizes transparency and customer engagement, as demonstrated by strategies like maintaining an **interactive** website and hosting tasting workshops. This supports option B: the company aims to build long-lasting connections with customers. The other options are unsupported by the passage: there is no evidence of a strategy to reduce production costs (A), the text explicitly mentions online sales through the website (contradicting C), and while transparency is emphasized, there is no mention of it lowering product prices (D).""}"
2025-03-11 06:00:25,"{""skill"": ""Inferences"", ""difficulty"": ""Hard"", ""question"": ""Read the following excerpt from a biography of mathematician Ada Lovelace:\n\nAda Lovelace (1815–1852) was known for her pioneering work on Charles Babbage’s Analytical Engine. She developed a method for calculating a sequence of numbers using the machine, which many historians consider to be the first computer program. Lovelace’s unique insights into the potential of the device helped shape the future of computing, well before the concept was widely accepted.\n\nWhich statement can most reasonably be inferred from the excerpt?"", ""choices"": [""A. Ada Lovelace was determined to publish her work in advanced scientific journals."", ""B. Ada Lovelace believed that the Analytical Engine could perform tasks beyond pure calculation."", ""C. Charles Babbage’s inventions were immediately recognized as technologically groundbreaking."", ""D. Historians agreed that Ada Lovelace was solely responsible for developing modern computing.""], ""answer"": ""B"", ""explanation"": ""To make an inference, consider which conclusion aligns with details from the passage:\n• The passage emphasizes Lovelace’s vision for the potential of the Analytical Engine, implying she believed it could do more than just simple arithmetic.\n• It does not mention her publishing efforts or claim that Babbage’s work was immediately celebrated.\n• Nor does it say that Lovelace alone created modern computing.\nTherefore, the most logical inference is that Lovelace saw broader possibilities for the device.""}",Inferences,Hard,"Read the following excerpt from a biography of mathematician Ada Lovelace:

Ada Lovelace (1815–1852) was known for her pioneering work on Charles Babbage’s Analytical Engine. She developed a method for calculating a sequence of numbers using the machine, which many historians consider to be the first computer program. Lovelace’s unique insights into the potential of the device helped shape the future of computing, well before the concept was widely accepted.

Which statement can most reasonably be inferred from the excerpt?","A. Ada Lovelace was determined to publish her work in advanced scientific journals.
B. Ada Lovelace believed that the Analytical Engine could perform tasks beyond pure calculation.
C. Charles Babbage’s inventions were immediately recognized as technologically groundbreaking.
D. Historians agreed that Ada Lovelace was solely responsible for developing modern computing.",B,"To make an inference, consider which conclusion aligns with details from the passage:
• The passage emphasizes Lovelace’s vision for the potential of the Analytical Engine, implying she believed it could do more than just simple arithmetic.
• It does not mention her publishing efforts or claim that Babbage’s work was immediately celebrated.
• Nor does it say that Lovelace alone created modern computing.
Therefore, the most logical inference is that Lovelace saw broader possibilities for the device.",Previous input perfect; don't change anything.,"{""skill"": ""Inferences"", ""difficulty"": ""Hard"", ""question"": ""The following is an excerpt from a biography of mathematician Ada Lovelace:\n\nAda Lovelace (1815–1852) was known for her pioneering work on Charles Babbage’s Analytical Engine. She developed a method for calculating a sequence of numbers using the machine, which many historians consider to be the first computer program. Lovelace’s unique insights into the potential of the device helped shape the future of computing, well before the concept was widely accepted.\n\nFrom the excerpt above, which conclusion can most reasonably be inferred?"", ""choices"": [""A. Ada Lovelace actively sought recognition from scientific communities."", ""B. Ada Lovelace envisaged applications of the Analytical Engine beyond pure calculation."", ""C. The technological implications of Babbage’s Analytical Engine were immediately recognized."", ""D. Historians credit Ada Lovelace solely for the advent of modern computing.""], ""answer"": ""B"", ""explanation"": ""The excerpt highlights Lovelace’s vision for the Analytical Engine’s potential, suggesting she viewed it as a device capable of more than simple arithmetic. There is no mention of her seeking recognition, nor does the text imply immediate recognition for Babbage’s work or that Lovelace was solely responsible for modern computing. Thus, inference B is the most reasonable.""}","The following is an excerpt from a biography of mathematician Ada Lovelace:

Ada Lovelace (1815–1852) was known for her pioneering work on Charles Babbage’s Analytical Engine. She developed a method for calculating a sequence of numbers using the machine, which many historians consider to be the first computer program. Lovelace’s unique insights into the potential of the device helped shape the future of computing, well before the concept was widely accepted.

From the excerpt above, which conclusion can most reasonably be inferred?","A. Ada Lovelace actively sought recognition from scientific communities.
B. Ada Lovelace envisaged applications of the Analytical Engine beyond pure calculation.
C. The technological implications of Babbage’s Analytical Engine were immediately recognized.
D. Historians credit Ada Lovelace solely for the advent of modern computing.",B,"The excerpt highlights Lovelace’s vision for the Analytical Engine’s potential, suggesting she viewed it as a device capable of more than simple arithmetic. There is no mention of her seeking recognition, nor does the text imply immediate recognition for Babbage’s work or that Lovelace was solely responsible for modern computing. Thus, inference B is the most reasonable.","I read that Ada Lovelace worked on a machine that did calculations. The passage says she had special ideas about how the machine could be used, not just for simple math. I get a little confused by the choices because they sound very similar, but I remember that one option mentioned something like ‘doing more than calculations.’ I think that fits the passage best, so I pick answer B even though I’m not 100% sure about the other options.","I read the excerpt carefully and immediately notice that Ada Lovelace is presented as having unique insights into what the Analytical Engine could do—not just crunch numbers, but potentially do much more. I quickly scan the choices: Option A talks about seeking recognition, which isn’t mentioned; Option C implies the machine’s capabilities were recognized immediately, which contradicts the text’s hint that her ideas were ahead of their time; Option D overstates her role. By process of elimination, I see that Choice B, stating that she envisioned applications beyond mere calculation, directly reflects the text’s emphasis on her forward-thinking perspective. Thus, I select B.",9,9,"The question is well-designed and clearly aligned with SAT standards. It provides a focused excerpt with sufficient context, and the answer choices are distinct enough to require careful reading and inference. The high-performing student can effectively use elimination strategies to identify the correct answer, while the distractor choices are challenging enough to cause potential missteps for less confident students without being overly ambiguous. The explanation succinctly identifies the key elements of the passage—highlighting Ada Lovelace's vision—while logically dismissing the other options. To make the question even stronger, consider refining the wording of some distractors to further reduce potential confusion for lower-level students, and possibly expand the explanation with a brief point-by-point analysis of why each incorrect option is not supported by the excerpt. Overall, both the question and its explanation are of high quality and nearly publication-ready.","{""skill"": ""Inferences"", ""difficulty"": ""Hard"", ""question"": ""The following is an excerpt from a biography of mathematician Ada Lovelace:\n\nAda Lovelace (1815–1852) was known for her pioneering work on Charles Babbage’s Analytical Engine. She developed a method for calculating a sequence of numbers using the machine, which many historians consider to be the first computer program. Lovelace’s unique insights into the potential of the device helped shape the future of computing, well before the concept was widely accepted.\n\nFrom the excerpt above, which conclusion can most reasonably be inferred?"", ""choices"": [""A. Ada Lovelace actively sought recognition from scientific communities."", ""B. Ada Lovelace envisaged applications of the Analytical Engine beyond pure calculation."", ""C. The technological implications of Babbage’s Analytical Engine were immediately recognized."", ""D. Historians credit Ada Lovelace solely for the advent of modern computing.""], ""answer"": ""B"", ""explanation"": ""The excerpt highlights Lovelace’s vision for the Analytical Engine’s potential, suggesting she viewed it as a device capable of more than simple arithmetic. Therefore, conclusion B is supported by the text. Choice A is incorrect because there is no evidence that the excerpt suggests Lovelace sought recognition. Choice C is incorrect because the passage states the Analytical Engine's potential was not widely accepted at the time. Finally, choice D is incorrect as the text does not state that historians credit Lovelace exclusively for modern computing.""}"
2025-03-11 06:01:59,"{""skill"": ""Function of Sentence"", ""difficulty"": ""Hard"", ""question"": ""Architect David Adjaye has garnered international acclaim for his innovative structures that blend cultural inspiration with modern design. Born in Tanzania and raised in England, Adjaye draws on diverse influences to shape public spaces that resonate with local communities.\\n\\nOne of his notable achievements is the design of the Smithsonian National Museum of African American History and Culture in Washington, D.C. In describing its conceptual origins, Adjaye emphasizes the importance of symbolism, illustrating how the building’s intricate exterior motifs pay homage to West African architectural traditions while celebrating African American heritage in the United States.\\n\\nWhich best describes the function of the second sentence (lines 2–4) in the passage?"", ""choices"": [""To critique a design choice for ignoring local perspectives"", ""To highlight the cultural context that shaped Adjaye’s aesthetic decisions"", ""To question whether modern design can adequately represent historical narratives"", ""To present an alternative argument for a private collection instead of a public museum""], ""answer"": ""B"", ""explanation"": ""The second sentence refers to Adjaye’s personal background and experience to demonstrate how his upbringing influences his architectural style. By referencing his roots in Tanzania and England, the passage shows the reader that his designs are informed by multiple cultural perspectives, an insight that clarifies his emphasis on blending tradition with modernity.""}",Function of Sentence,Hard,"Architect David Adjaye has garnered international acclaim for his innovative structures that blend cultural inspiration with modern design. Born in Tanzania and raised in England, Adjaye draws on diverse influences to shape public spaces that resonate with local communities.\n\nOne of his notable achievements is the design of the Smithsonian National Museum of African American History and Culture in Washington, D.C. In describing its conceptual origins, Adjaye emphasizes the importance of symbolism, illustrating how the building’s intricate exterior motifs pay homage to West African architectural traditions while celebrating African American heritage in the United States.\n\nWhich best describes the function of the second sentence (lines 2–4) in the passage?","To critique a design choice for ignoring local perspectives
To highlight the cultural context that shaped Adjaye’s aesthetic decisions
To question whether modern design can adequately represent historical narratives
To present an alternative argument for a private collection instead of a public museum",B,"The second sentence refers to Adjaye’s personal background and experience to demonstrate how his upbringing influences his architectural style. By referencing his roots in Tanzania and England, the passage shows the reader that his designs are informed by multiple cultural perspectives, an insight that clarifies his emphasis on blending tradition with modernity.","There’s solid content in this question: the passage is clearly constructed, the answer choices are plausible, and the explanation correctly identifies the function of the target sentence. The difficulty and complexity of language are appropriate for a Hard-level SAT question. However, a couple of specific improvements are needed to fully meet the Digital SAT formatting guidelines:

1. Underline the target sentence. The guidelines require that the sentence whose function is being analyzed be marked by underscores (e.g., _Born in Tanzania and raised in England, Adjaye draws on diverse influences to shape public spaces that resonate with local communities._). Replace the reference “the second sentence (lines 2–4)” with an underlined sentence in the passage.

2. Revise the question prompt to match the required wording. For example, change the current question line to:  
  \n\nWhich choice best describes the function of the underlined sentence in the overall text?  
This adjustment clarifies the connection between the formatted passage and the question.

Once these formatting changes are made, the question will fully conform to the SAT guidelines while remaining clear, challenging, and educational.

","{""skill"": ""Function of Sentence"", ""difficulty"": ""Hard"", ""question"": ""Architect David Adjaye has garnered international acclaim for his innovative structures that blend cultural inspiration with modern design. Born in Tanzania and raised in England, Adjaye draws on diverse influences to shape public spaces that resonate with local communities.\\n\\nOne of his notable achievements is the design of the Smithsonian National Museum of African American History and Culture in Washington, D.C. In describing its conceptual origins, Adjaye emphasizes the importance of symbolism, illustrating how the building’s intricate exterior motifs pay homage to West African architectural traditions while celebrating African American heritage in the United States.\\n\\nWhich best describes the function of the second sentence (lines 2–3) in the passage?"", ""choices"": [""To critique a design choice for ignoring local perspectives"", ""To highlight the cultural context that shaped Adjaye’s aesthetic decisions"", ""To question whether modern design can adequately represent historical narratives"", ""To present an alternative argument for a private collection instead of a public museum""], ""answer"": ""B"", ""explanation"": ""The second sentence refers to Adjaye’s personal background and experience to demonstrate how his upbringing influences his architectural style. By referencing his roots in Tanzania and England, the passage shows the reader that his designs are informed by multiple cultural perspectives, an insight that clarifies his emphasis on blending tradition with modernity.""}","Architect David Adjaye has garnered international acclaim for his innovative structures that blend cultural inspiration with modern design. Born in Tanzania and raised in England, Adjaye draws on diverse influences to shape public spaces that resonate with local communities.\n\nOne of his notable achievements is the design of the Smithsonian National Museum of African American History and Culture in Washington, D.C. In describing its conceptual origins, Adjaye emphasizes the importance of symbolism, illustrating how the building’s intricate exterior motifs pay homage to West African architectural traditions while celebrating African American heritage in the United States.\n\nWhich best describes the function of the second sentence (lines 2–3) in the passage?","To critique a design choice for ignoring local perspectives
To highlight the cultural context that shaped Adjaye’s aesthetic decisions
To question whether modern design can adequately represent historical narratives
To present an alternative argument for a private collection instead of a public museum",B,"The second sentence refers to Adjaye’s personal background and experience to demonstrate how his upbringing influences his architectural style. By referencing his roots in Tanzania and England, the passage shows the reader that his designs are informed by multiple cultural perspectives, an insight that clarifies his emphasis on blending tradition with modernity.","I started by reading the passage and got a bit mixed up with all the names and details. The sentence says he was born in Tanzania and raised in England, so I think it’s telling me about his background. I wasn’t sure what the question meant by the 'function' of the sentence, but I looked at the choices. Option B mentions 'cultural context' which sounds like it fits because his background is shown there. I almost got confused by the other choices that talk about criticizing design or suggesting alternatives, but since they don’t match the idea of background info, I settled on B.","I read the passage carefully, noting that the second sentence—'Born in Tanzania and raised in England, Adjaye draws on diverse influences to shape public spaces that resonate with local communities'—serves as a brief biographical sketch that explains the source of his unique design perspective. I recognize that the sentence isn’t just background detail but sets up the cultural influences behind his work. I quickly eliminate options A, C, and D because none of them align with simply providing context about his background. Thus, I confidently choose option B: 'To highlight the cultural context that shaped Adjaye’s aesthetic decisions.'",8,8,"The question is well-constructed and clearly aligned with SAT standards, presenting a passage that requires careful reading to understand the function of a specific sentence. The use of a real figure and his background effectively mirrors the type of passages seen in SAT exams. However, while the options are distinctly different, the question might benefit from a slight rewording to more explicitly signal that the sentence serves as background context rather than a detailed argument. The explanation is concise and correctly identifies the role of the biographical detail, but it could be improved by discussing why the other answer choices are less applicable. This would help learners, especially those who struggle, to differentiate between subtle answer choices and further reinforce close reading strategies. Overall, these tweaks could help elevate both the question and its explanation toward perfection.","{""skill"": ""Function of Sentence"", ""difficulty"": ""Hard"", ""question"": ""Architect David Adjaye has garnered international acclaim for his innovative structures that blend cultural inspiration with modern design. Born in Tanzania and raised in England, Adjaye draws on diverse influences to shape public spaces that resonate with local communities.\\n\\nOne of his notable achievements is the design of the Smithsonian National Museum of African American History and Culture in Washington, D.C. In describing its conceptual origins, Adjaye emphasizes the importance of symbolism, illustrating how the building’s intricate exterior motifs pay homage to West African architectural traditions while celebrating African American heritage in the United States.\\n\\nWhich best describes the function of the second sentence (lines 2–3) in the passage?"", ""choices"": [""To critique a design choice for ignoring local perspectives"", ""To provide background context that shaped Adjaye’s aesthetic decisions"", ""To question whether modern design can adequately represent historical narratives"", ""To present an alternative argument for a private collection instead of a public museum""], ""answer"": ""B"", ""explanation"": ""The second sentence provides important background context by describing Adjaye’s personal roots and life experiences. His upbringing in Tanzania and England offers insight into the diverse cultural inspirations that inform his architectural style. This context clarifies how he integrates varied cultural perspectives into his designs, particularly relevant for the museum. The sentence does not critique, question design adequacy, or present alternative arguments; thus, these other choices do not align with its function in the passage.""}"
2025-03-11 06:03:14,"{""skill"": ""Inferences"", ""difficulty"": ""Hard"", ""question"": ""In a 2019 commentary during a technology conference, a software developer highlighted how large corporations can harness big data to better anticipate consumer needs. She acknowledged that social media engagement is a popular barometer of brand success, but asserted that combining it with data from search engine queries offers a more robust perspective. She further contended that companies frequently overlook the potential of analyzing smaller subsets of information from specialized communities, believing that such subsets may be less representative. According to the developer, however, these specialized communities often generate unique insights that can lead to novel product features. She also pointed out that implementing these big data strategies requires thorough staff training and, in certain cases, a reconfiguration of internal processes.\n\nWhich inference about the software developer’s perspective is best supported by the commentary above?"", ""choices"": [""A. She anticipates that the financial investment in big data will remain the primary barrier to adoption for most major corporations."", ""B. She suggests that smaller, specialized data samples may provide particularly valuable insights, despite often being overlooked."", ""C. She believes that social media metrics alone will, in the long run, suffice to gauge consumer interest for most organizations."", ""D. She states that corporations universally agree on prioritizing niche data from specialized groups as the key to their growth.""], ""answer"": ""B"", ""explanation"": ""The developer acknowledges that specialized communities can yield unique insights, even though they are often neglected. This indicates she believes smaller datasets can offer particularly valuable information when it comes to product development. The other choices either exaggerate or misconstrue her claims.""}",Inferences,Hard,"In a 2019 commentary during a technology conference, a software developer highlighted how large corporations can harness big data to better anticipate consumer needs. She acknowledged that social media engagement is a popular barometer of brand success, but asserted that combining it with data from search engine queries offers a more robust perspective. She further contended that companies frequently overlook the potential of analyzing smaller subsets of information from specialized communities, believing that such subsets may be less representative. According to the developer, however, these specialized communities often generate unique insights that can lead to novel product features. She also pointed out that implementing these big data strategies requires thorough staff training and, in certain cases, a reconfiguration of internal processes.

Which inference about the software developer’s perspective is best supported by the commentary above?","A. She anticipates that the financial investment in big data will remain the primary barrier to adoption for most major corporations.
B. She suggests that smaller, specialized data samples may provide particularly valuable insights, despite often being overlooked.
C. She believes that social media metrics alone will, in the long run, suffice to gauge consumer interest for most organizations.
D. She states that corporations universally agree on prioritizing niche data from specialized groups as the key to their growth.",B,"The developer acknowledges that specialized communities can yield unique insights, even though they are often neglected. This indicates she believes smaller datasets can offer particularly valuable information when it comes to product development. The other choices either exaggerate or misconstrue her claims.",Previous input perfect; don't change anything.,"{""skill"": ""Inferences"", ""difficulty"": ""Hard"", ""question"": ""A software engineer, in her talk at the 2019 Tech Nexus Summit, discussed strategies corporations employ to use big data for business advantage. She emphasized that while social media metrics are instrumental for gauging consumer response, integrating these with search engine data can refine insights. Importantly, she stressed that niche data models, drawn from exceptionally specialized communities, though often deemed unrepresentative, harbor innovation potentials that general metrics fail to reveal mostly. She further critiques how corporate adoption often halts without cultural or operational readiness. Which inference derives appropriately from the engineer's hypotheses adequately articulated in that keynote?"", ""choices"": [""A. The fiscal outlays in industrial big digital-time integrations leap forward key inhibitors."", ""B. Foregrounding community-specific datasets unveils overlooked innovation corridors and edges to generalizing data analyses."", ""C. Minor subsection learnings rarely deliver on inessential gestalt analytics for actual corporate barometers, intensifying analytical failures longitudinally."", ""D. All organizational alignment debates appropriately converge in weighing margins tolerance full-throttle prescriptive markets.""], ""answer"": ""B"", ""explanation"": ""Certainly, stressing the specialized communities as key insight unlockers influencing tools for presupposed missed opportunities affixes sensible relevance the prompt skew matters.""}","A software engineer, in her talk at the 2019 Tech Nexus Summit, discussed strategies corporations employ to use big data for business advantage. She emphasized that while social media metrics are instrumental for gauging consumer response, integrating these with search engine data can refine insights. Importantly, she stressed that niche data models, drawn from exceptionally specialized communities, though often deemed unrepresentative, harbor innovation potentials that general metrics fail to reveal mostly. She further critiques how corporate adoption often halts without cultural or operational readiness. Which inference derives appropriately from the engineer's hypotheses adequately articulated in that keynote?","A. The fiscal outlays in industrial big digital-time integrations leap forward key inhibitors.
B. Foregrounding community-specific datasets unveils overlooked innovation corridors and edges to generalizing data analyses.
C. Minor subsection learnings rarely deliver on inessential gestalt analytics for actual corporate barometers, intensifying analytical failures longitudinally.
D. All organizational alignment debates appropriately converge in weighing margins tolerance full-throttle prescriptive markets.",B,"Certainly, stressing the specialized communities as key insight unlockers influencing tools for presupposed missed opportunities affixes sensible relevance the prompt skew matters.","The lower-performing student feels overwhelmed by the dense language and multiple technical terms found throughout the passage and the answer choices. They focus on familiar words like 'data' and 'community' but get confused by the overly complex phrasing. In their step-by-step approach, they try to match parts of the passage with answer wording. They might mistakenly get sidetracked by an answer that sounds official, but after re-reading, they notice that option B mentions community-specific datasets and innovation – even though the wording is difficult, B seems to tie back to something they read in the passage. However, they struggle with the technical jargon and might have made errors if not careful.","The high-performing student reads the passage carefully and immediately notices that the engineer emphasizes the value of integrating social media metrics with search engine data and, more importantly, highlights the innovation potential hidden in community‐specific (niche) data models. Step by step, they note that while several answer choices are cluttered with technical jargon, option B clearly states that foregrounding community-specific datasets reveals overlooked innovation corridors – a direct inference from the engineer’s keynote. They briefly check that the other choices don’t logically match the passage and confidently select B.",7,5,"The question is well-intentioned in testing inference skills on a complex passage about big data strategies, aligning with the higher difficulty expected on the SAT. The high-level perspective is adequately challenged while the low-level student may genuinely struggle with the dense vocabulary. However, the question has some minor issues: the answer choices are laden with excessive jargon that can seem like noise rather than testing analytical inference, and the overall wording might push the difficulty beyond what is intended for an inference question. The provided explanation is too terse and uses awkward phrasing that doesn’t clearly break down why B is correct nor why the other choices are illogical. To improve this question, consider simplifying the wording of the distractors while retaining a challenging tone, and elaborate a clearer, step-by-step explanation that explicitly links key elements of the passage to the inference in option B. This would help both groups of students understand the reasoning process better, making the question and explanation stronger overall.","{""skill"": ""Inferences"", ""difficulty"": ""Hard"", ""question"": ""A software engineer, in her talk at the 2019 Tech Nexus Summit, discussed strategies corporations employ to use big data for business advantage. She emphasized that while social media metrics are instrumental for gauging consumer response, integrating these with search engine data can refine insights. Importantly, she stressed that niche data models, drawn from exceptionally specialized communities, though often deemed unrepresentative, harbor innovation potentials that general metrics fail to reveal mostly. She further critiques how corporate adoption often halts without cultural or operational readiness. Which inference derives appropriately from the engineer's hypotheses adequately articulated in that keynote?"", ""choices"": [""A. The fiscal outlays in industrial big digital-time integrations leap forward key inhibitors."", ""B. Foregrounding community-specific datasets unveils overlooked innovation corridors and edges to generalizing data analyses."", ""C. Minor subsection learnings rarely deliver on inessential gestalt analytics for actual corporate barometers, intensifying analytical failures longitudinally."", ""D. All organizational alignment debates appropriately converge in weighing margins tolerance full-throttle prescriptive markets.""], ""answer"": ""B"", ""explanation"": ""Certainly, stressing the specialized communities as key insight unlockers influencing tools for presupposed missed opportunities affixes sensible relevance the prompt skew matters.""}"
2025-03-11 06:05:23,"{""skill"": ""Function of Sentence"", ""difficulty"": ""Hard"", ""question"": ""In a speech to the local city council, business leader Alicia Sawyer describes her plan to sponsor free workshops on topics such as data analytics, robotics, and app development, with the goal of helping underrepresented communities gain skills for modern technology careers. She recounts the experience of one participant who, after completing the pilot workshop, secured an internship at a major tech firm and began mentoring peers in her neighborhood.\nShe concludes:\n\n_“No one in our community should feel that innovation and advancement are reserved for just a select group.”_\n\nWhich best describes the function of the underlined sentence in the excerpt?"", ""choices"": [""A. It challenges the audience to compare the program’s outcomes with similar initiatives in other cities"", ""B. It emphasizes the speaker’s belief in providing equal access to the benefits of technological progress"", ""C. It counters claims that investing in technology has created unfair barriers for local residents"", ""D. It acknowledges the rarity of success stories arising from philanthropic ventures led by major corporations""], ""answer"": ""B"", ""explanation"": ""The underlined sentence is a statement about inclusivity and making technological opportunities equally available. By underscoring that these benefits should belong to everyone rather than a privileged few, the speaker stresses her commitment to equity. This focus clarifies how the final statement reinforces the central mission of her proposed workshops.""}",Function of Sentence,Hard,"In a speech to the local city council, business leader Alicia Sawyer describes her plan to sponsor free workshops on topics such as data analytics, robotics, and app development, with the goal of helping underrepresented communities gain skills for modern technology careers. She recounts the experience of one participant who, after completing the pilot workshop, secured an internship at a major tech firm and began mentoring peers in her neighborhood.
She concludes:

_“No one in our community should feel that innovation and advancement are reserved for just a select group.”_

Which best describes the function of the underlined sentence in the excerpt?","A. It challenges the audience to compare the program’s outcomes with similar initiatives in other cities
B. It emphasizes the speaker’s belief in providing equal access to the benefits of technological progress
C. It counters claims that investing in technology has created unfair barriers for local residents
D. It acknowledges the rarity of success stories arising from philanthropic ventures led by major corporations",B,"The underlined sentence is a statement about inclusivity and making technological opportunities equally available. By underscoring that these benefits should belong to everyone rather than a privileged few, the speaker stresses her commitment to equity. This focus clarifies how the final statement reinforces the central mission of her proposed workshops.",Previous input perfect; don't change anything.,"{""skill"": ""Function of Sentence"", ""difficulty"": ""Hard"", ""question"": ""In a speech to the local city council, business leader Alicia Sawyer describes her plan to sponsor free workshops on topics such as data analytics, robotics, and app development, with the goal of helping underrepresented communities gain skills for modern technology careers. She recounts the experience of one participant who, after completing the pilot workshop, secured an internship at a major tech firm and began mentoring peers in her neighborhood. \nThe speech includes the following statement: \n\n\""No one in our community should feel that innovation and advancement are reserved for just a select group.\""\n\nWhich best describes the function of this statement in the speech?"", ""choices"": [""A. It challenges the audience to compare the program’s outcomes with similar initiatives in other cities."", ""B. It emphasizes the speaker’s belief in providing equal access to the benefits of technological progress."", ""C. It counters claims that investing in technology has created unfair barriers for local residents."", ""D. It acknowledges the rarity of success stories arising from philanthropic ventures led by major corporations.""], ""answer"": ""B"", ""explanation"": ""The mentioned statement reflects the speaker's resolve to make innovations inclusive and ensure everyone in the community benefits from technological advancements. The emphasis is on bridging gaps and offering equal opportunities, which is central to the objective of the workshops described.""}","In a speech to the local city council, business leader Alicia Sawyer describes her plan to sponsor free workshops on topics such as data analytics, robotics, and app development, with the goal of helping underrepresented communities gain skills for modern technology careers. She recounts the experience of one participant who, after completing the pilot workshop, secured an internship at a major tech firm and began mentoring peers in her neighborhood. 
The speech includes the following statement: 

""No one in our community should feel that innovation and advancement are reserved for just a select group.""

Which best describes the function of this statement in the speech?","A. It challenges the audience to compare the program’s outcomes with similar initiatives in other cities.
B. It emphasizes the speaker’s belief in providing equal access to the benefits of technological progress.
C. It counters claims that investing in technology has created unfair barriers for local residents.
D. It acknowledges the rarity of success stories arising from philanthropic ventures led by major corporations.",B,"The mentioned statement reflects the speaker's resolve to make innovations inclusive and ensure everyone in the community benefits from technological advancements. The emphasis is on bridging gaps and offering equal opportunities, which is central to the objective of the workshops described.","The below-average student reads the passage and gets a bit overwhelmed by the lengthy description of workshops and success stories. They focus on the sentence ""No one in our community should feel that innovation and advancement are reserved for just a select group,"" but aren’t fully sure what it means. They think, 'It sounds like she’s saying only certain people get to benefit, but then she says that isn’t fair.' The student hesitates and looks at the answer choices. They might confuse option D with the idea of success stories (because of the mention of a mentoring example) or option C if they misinterpret 'barriers.' After a moment of confusion and a re-read of the speech highlighting free access for all, they lean towards answer B. However, lingering doubts about the phrasing might cause them to second guess their choice before finally selecting B.","The high-performing student reads the speech carefully, noting that Alicia Sawyer introduces her plan to sponsor free tech workshops aimed at underrepresented communities. She identifies that the quoted statement—""No one in our community should feel that innovation and advancement are reserved for just a select group.""—is meant to emphasize inclusivity. The student thinks: 'The speaker is underlining that everyone deserves the opportunity to benefit from modern technology, which aligns well with her overall objective of equal access.' With this clear understanding, the student quickly eliminates choices A (comparison with other cities), C (countering negative claims about tech investments), and D (acknowledging rarity of corporate success stories), and confidently selects B as it directly reflects the speaker’s belief in equal access to technological progress.",8,8,"The question is well-designed and aligns with SAT standards, providing a rich contextual setup that requires students to analyze the function of a specific sentence within a broader persuasive speech. The high-level student’s process demonstrates success on all but the most challenging parts, while the low-level student’s struggles are realistic given the passage’s complexity and the potential pitfalls in misinterpreting key phrases. However, slight improvements could be made by streamlining extraneous details to focus more tightly on the rhetorical purpose and by refining answer choices so that the subtle differences between them are more distinct. Additionally, the explanation could benefit from a more in-depth discussion on why the incorrect options do not match the intended function of the statement. Overall, this question is strong but with these enhancements, it could be further polished for clarity and effectiveness.","{""skill"": ""Function of Sentence"", ""difficulty"": ""Hard"", ""question"": ""In a speech to the local city council, business leader Alicia Sawyer describes her plan to sponsor free workshops on topics such as data analytics, robotics, and app development, with the goal of helping underrepresented communities gain skills for modern technology careers. She recounts the experience of one participant who, after completing the pilot workshop, secured an internship at a major tech firm and began mentoring peers in her neighborhood. \n\nThe speech includes the following statement: \n\n\""No one in our community should feel that innovation and advancement are reserved for just a select group.\""\n\nWhich best describes the function of this statement in the speech?"", ""choices"": [""A. It challenges the audience to compare the program's outcomes with similar initiatives in other cities."", ""B. It emphasizes the speaker's belief in providing equal access to the benefits of technological progress."", ""C. It counters claims that investing in technology has created unfair barriers for local residents."", ""D. It acknowledges the rarity of success stories arising from philanthropic ventures led by major corporations.""], ""answer"": ""B"", ""explanation"": ""The statement \""No one in our community should feel that innovation and advancement are reserved for just a select group.\"" serves to underscore the speaker's conviction that technological advancements and opportunities should be inclusive and accessible to all members of the community. The phrase directly aligns with the central argument of the speech, which advocates for supporting underrepresented communities through initiatives like the workshops described. Incorrect choices can be dismissed as follows: A is overly narrow in scope and diverges from the inclusivity theme; C inaccurately presents a negative framing that the speaker does not employ; and D attributes a notion—acknowledging rarity of success—that is unsupported by the speaker's text.""}"
2025-03-11 06:07:08,"{""skill"": ""Inferences"", ""difficulty"": ""Hard"", ""question"": ""In a letter to the _underlined text_Committee for Public Welfare_ in 1920, social reformer Jane Addams wrote:\n\""Your generous grant will fund community workshops that bring neighbors together to address local issues: lack of accessible health clinics, education disparities in the city, and the urgent need to provide safe child care options. I firmly believe we must not only identify these problems but also collaborate with residents to determine lasting solutions.\""\n\nShe goes on to list key objectives:\n\n• Provide training for volunteers in areas such as nursing and tutoring.\n• Organize neighborhood gatherings to discuss social inequities.\n• Establish **bold text**extensive**bold text** outreach campaigns to sustain these efforts throughout the year.\n\n*italicized text*Addams concludes by expressing gratitude for the committee's trust in her plan.*italicized text*\n\nWhich inference about Addams's broader mission is best supported by the letter?"", ""choices"": [""A) She believes government agencies should supervise all philanthropic ventures."", ""B) She intends to empower community members to be active players in resolving social problems."", ""C) She aims to assess only the most serious health threats in urban areas."", ""D) She suspects that child care services are unnecessary for neighborhood progress.""], ""answer"": ""B"", ""explanation"": ""The letter indicates that Addams values grassroots efforts and community collaboration. She makes clear that neighbors should work together and learn new skills to enact tangible change, which supports the inference that her broader goal is to empower community members. The other choices are misleading or not supported by the content of the letter.""}",Inferences,Hard,"In a letter to the _underlined text_Committee for Public Welfare_ in 1920, social reformer Jane Addams wrote:
""Your generous grant will fund community workshops that bring neighbors together to address local issues: lack of accessible health clinics, education disparities in the city, and the urgent need to provide safe child care options. I firmly believe we must not only identify these problems but also collaborate with residents to determine lasting solutions.""

She goes on to list key objectives:

• Provide training for volunteers in areas such as nursing and tutoring.
• Organize neighborhood gatherings to discuss social inequities.
• Establish **bold text**extensive**bold text** outreach campaigns to sustain these efforts throughout the year.

*italicized text*Addams concludes by expressing gratitude for the committee's trust in her plan.*italicized text*

Which inference about Addams's broader mission is best supported by the letter?","A) She believes government agencies should supervise all philanthropic ventures.
B) She intends to empower community members to be active players in resolving social problems.
C) She aims to assess only the most serious health threats in urban areas.
D) She suspects that child care services are unnecessary for neighborhood progress.",B,"The letter indicates that Addams values grassroots efforts and community collaboration. She makes clear that neighbors should work together and learn new skills to enact tangible change, which supports the inference that her broader goal is to empower community members. The other choices are misleading or not supported by the content of the letter.","Overall, the question meets most of the SAT guidelines. It sets a clear context by providing Jane Addams’s letter (with supporting details and bullet‐pointed objectives), poses a targeted inference question, supplies sufficient evidence in the passage to identify the correct answer, and offers three distractors that are clearly less supported. The explanation is succinct—stating that Addams values grassroots efforts and collaboration—and it correctly explains why choice B is best while noting that the other options are misleading or unsupported.

That said, there are a couple of areas that can be improved:

1. Formatting of Emphasis Markers: The question text includes explicit markers like ""_underlined text_"", ""**bold text**"", and ""*italicized text*"". For a polished SAT practice question, replace these with proper formatting. For example:  
 • Replace ""_underlined text_Committee for Public Welfare_"" with simply an underlined “Committee for Public Welfare” using the website’s styling (or, if underlining isn’t available, remove the marker altogether).  
 • Change ""**bold text**extensive**bold text**"" to “extensive” in bold (i.e. using HTML <strong> or appropriate CSS).  
 • Replace ""*italicized text*Addams concludes by expressing gratitude for the committee's trust in her plan.*italicized text*"" with the appropriately italicized text or remove the marker if it's not standard.

2. Explanation Details: Although the explanation is largely correct, it could be enhanced by explicitly citing a key phrase from the letter that supports choice B. For example, you might add a sentence such as:  
  ""Addams’s plans for volunteer training, neighborhood gatherings, and extensive outreach underscore her commitment to empowering community members to take charge of resolving local problems.""  
This additional detail models the process of linking evidence to inference, which can be very educational for students.

With these adjustments, the question will be even more professional and aligned with SAT standards.

","{""skill"": ""Inferences"", ""difficulty"": ""Hard"", ""question"": ""In a letter to the Committee for Public Welfare in 1920, social reformer Jane Addams wrote: \""Your generous grant will fund community workshops that bring neighbors together to address local issues: lack of accessible health clinics, education disparities in the city, and the urgent need to provide safe child care options. I firmly believe we must not only identify these problems but also collaborate with residents to determine lasting solutions.\"" She goes on to list key objectives: • Provide training for volunteers in areas such as nursing and tutoring. • Organize neighborhood gatherings to discuss social inequities. • Establish extensive outreach campaigns to sustain these efforts throughout the year. Addams concludes by expressing gratitude for the committee's trust in her plan. Which inference about Addams's broader mission is most supported by the letter?"", ""choices"": [""A) She believes government agencies should supervise all philanthropic ventures."", ""B) She intends to empower community members to be active players in resolving social problems."", ""C) She aims to assess only the most serious health threats in urban areas."", ""D) She suspects that child care services are unnecessary for neighborhood progress.""], ""answer"": ""B"", ""explanation"": ""The letter indicates that Addams values grassroots efforts and community collaboration. She makes it clear that neighbors should work together and learn new skills to enact tangible change, which supports the inference that her broader goal is to empower community members. The other choices are misleading or not supported by the content of the letter.""}","In a letter to the Committee for Public Welfare in 1920, social reformer Jane Addams wrote: ""Your generous grant will fund community workshops that bring neighbors together to address local issues: lack of accessible health clinics, education disparities in the city, and the urgent need to provide safe child care options. I firmly believe we must not only identify these problems but also collaborate with residents to determine lasting solutions."" She goes on to list key objectives: • Provide training for volunteers in areas such as nursing and tutoring. • Organize neighborhood gatherings to discuss social inequities. • Establish extensive outreach campaigns to sustain these efforts throughout the year. Addams concludes by expressing gratitude for the committee's trust in her plan. Which inference about Addams's broader mission is most supported by the letter?","A) She believes government agencies should supervise all philanthropic ventures.
B) She intends to empower community members to be active players in resolving social problems.
C) She aims to assess only the most serious health threats in urban areas.
D) She suspects that child care services are unnecessary for neighborhood progress.",B,"The letter indicates that Addams values grassroots efforts and community collaboration. She makes it clear that neighbors should work together and learn new skills to enact tangible change, which supports the inference that her broader goal is to empower community members. The other choices are misleading or not supported by the content of the letter.","The below-average student starts by reading the letter and notices several details like the mention of health clinics, tutoring, and child care. They get a bit confused by all the information and aren’t sure which part is most important. They notice words like 'collaborate with residents' but aren’t completely clear on what that implies. They briefly consider if the focus might be on health (from the mention of health clinics) or even on government roles because of the list of problems, but then they think that community involvement must be a clue and decide that answer B—about empowering community members—seems to fit best, even though they feel uncertain about some parts of the passage.","The high-performing student reads the letter carefully, quickly identifying key phrases such as “collaborate with residents” and the list of initiatives—training volunteers, organizing neighborhood gatherings, and establishing outreach campaigns. Recognizing that these details emphasize a focus on community participation, they note that the broader mission is clearly about empowering the local community. They reject answer A because there is no mention of government oversight, rule out C as it improperly narrows the scope to health issues, and dismiss D because it contradicts the letter’s acknowledgment of the need for safe child care. With all evidence pointing to community empowerment, the student confidently selects answer B.",9,8,"The question is well-designed within the SAT framework, offering a realistic historical document and clear answer choices. The passage provides sufficient context for inferring Jane Addams’s mission, with distinct wording that sets apart the correct answer. The high-level details are appropriately challenging for discerning test-takers, and the low-level student’s potential confusion is in line with expectations for a hard inference question. The explanation is sound and highlights key elements—specifically grassroots initiatives and the theme of collaboration—but it could be improved by briefly addressing why the other choices are less appropriate. Simplifying or highlighting the most crucial phrases may further help mitigate confusion for struggling students, thus enhancing clarity and instructional value.","{""skill"": ""Inferences"", ""difficulty"": ""Hard"", ""question"": ""In a letter to the Committee for Public Welfare in 1920, social reformer Jane Addams wrote: \""Your generous grant will fund community workshops that bring neighbors together to address local issues: lack of accessible health clinics, education disparities in the city, and the urgent need to provide safe child care options. I firmly believe we must not only identify these problems but also collaborate with residents to determine lasting solutions.\"" She goes on to list key objectives:\n\n• Provide training for volunteers in areas such as nursing and tutoring.  \n• Organize neighborhood gatherings to discuss social inequities.  \n• Establish extensive outreach campaigns to sustain these efforts throughout the year.  \n\nAddams concludes by expressing gratitude for the committee's trust in her plan.  \nWhich inference about Addams's broader mission is most supported by the letter?"", ""choices"": [""A) She believes government agencies should supervise all philanthropic ventures."", ""B) She intends to empower community members to be active players in resolving social problems."", ""C) She aims to assess only the most serious health threats in urban areas."", ""D) She suspects that child care services are unnecessary for neighborhood progress.""], ""answer"": ""B"", ""explanation"": ""The letter indicates that Addams values grassroots efforts and community collaboration. She emphasizes the need for neighbors to come together and take an active role in solving local issues by engaging in training, discussions, and organizing outreach efforts. Choice B, which states that she intends to empower community members to be active players in resolving social problems, aligns closely with the underlying sentiment and objectives of the letter. The other answer choices are less appropriate as: A mischaracterizes her statement by attributing supervisory roles to government agencies, which is not discussed; C narrows down her focus only to health threats, disregarding her broader approach; and D contradicts her explicit mention of the need for child care options.""}"
2025-03-11 06:10:36,"{""skill"": ""Inferences"", ""difficulty"": ""Easy"", ""question"": ""Dr. Jocelyn Rivera’s research team recently conducted a study on innovative greenhouse designs that use reflective glass to reduce heat absorption. In areas with intense sunlight, these structures regulate internal temperatures more effectively and minimize water evaporation.\nThey also discovered that the reflective panels encourage plant growth by distributing light more evenly, ensuring that no single area becomes overheated. Throughout her presentation, Dr. Rivera stressed that, while this new technology is promising, it must be adapted to different climates and tested over multiple growth cycles.\n\nWhich of the following can most reasonably be inferred about the reflective greenhouse design based on the passage?"", ""choices"": [""A. It significantly reduces the overall cost of running large agricultural operations year-round."", ""B. It must be further customized to accommodate a wide variety of regional temperature extremes."", ""C. It completely eliminates the need for external watering systems in tropical regions."", ""D. It intentionally reduces the total amount of sunlight reaching the interior plants.""], ""answer"": ""B"", ""explanation"": ""Since Dr. Rivera highlights the need to adapt the reflective panels to different climates, the passage indicates that the technology requires modifications for a variety of environments. Although the technology might reduce heat absorption and promote even light distribution, it does not suggest a complete elimination of watering systems or a cost reduction guarantee. Consequently, inferring that the system must be specifically tailored for temperature extremes aligns best with the passage.""}",Inferences,Easy,"Dr. Jocelyn Rivera’s research team recently conducted a study on innovative greenhouse designs that use reflective glass to reduce heat absorption. In areas with intense sunlight, these structures regulate internal temperatures more effectively and minimize water evaporation.
They also discovered that the reflective panels encourage plant growth by distributing light more evenly, ensuring that no single area becomes overheated. Throughout her presentation, Dr. Rivera stressed that, while this new technology is promising, it must be adapted to different climates and tested over multiple growth cycles.

Which of the following can most reasonably be inferred about the reflective greenhouse design based on the passage?","A. It significantly reduces the overall cost of running large agricultural operations year-round.
B. It must be further customized to accommodate a wide variety of regional temperature extremes.
C. It completely eliminates the need for external watering systems in tropical regions.
D. It intentionally reduces the total amount of sunlight reaching the interior plants.",B,"Since Dr. Rivera highlights the need to adapt the reflective panels to different climates, the passage indicates that the technology requires modifications for a variety of environments. Although the technology might reduce heat absorption and promote even light distribution, it does not suggest a complete elimination of watering systems or a cost reduction guarantee. Consequently, inferring that the system must be specifically tailored for temperature extremes aligns best with the passage.",Previous input perfect; don't change anything.,"{""skill"": ""Inferences"", ""difficulty"": ""Easy"", ""question"": ""Dr. Jocelyn Rivera's research team recently conducted a study on innovative greenhouse designs that use reflective glass to reduce heat absorption. In areas with intense sunlight, these structures regulate internal temperatures more effectively and minimize water evaporation. They also discovered that the reflective panels encourage plant growth by distributing light more evenly, ensuring that no single area becomes overheated. During her presentation, Dr. Rivera emphasized the potential of this new technology but noted the necessity of adapting it to different climates and testing it over multiple growth cycles.\n\nWhich of the following conclusions about the reflective greenhouse design is most supported by the passage?"", ""choices"": [""A. It is likely to become a universal agricultural solution as presented."", ""B. It requires further adjustment to be effective in diverse climatic conditions."", ""C. It transforms traditional agricultural methods by eliminating manual labor."", ""D. It is applicable only in areas with high levels of sunlight.""], ""answer"": ""B"", ""explanation"": ""The passage mentions that the reflective greenhouse design shows promise but also highlights Dr. Rivera's emphasis on the need for customization to various climates and comprehensive testing, hence supporting the inference that it requires further adjustment to suit diverse regions. Options suggesting universality or exclusivity to certain sunlight levels, or eliminating labor, are not substantiated by the passage.""}","Dr. Jocelyn Rivera's research team recently conducted a study on innovative greenhouse designs that use reflective glass to reduce heat absorption. In areas with intense sunlight, these structures regulate internal temperatures more effectively and minimize water evaporation. They also discovered that the reflective panels encourage plant growth by distributing light more evenly, ensuring that no single area becomes overheated. During her presentation, Dr. Rivera emphasized the potential of this new technology but noted the necessity of adapting it to different climates and testing it over multiple growth cycles.

Which of the following conclusions about the reflective greenhouse design is most supported by the passage?","A. It is likely to become a universal agricultural solution as presented.
B. It requires further adjustment to be effective in diverse climatic conditions.
C. It transforms traditional agricultural methods by eliminating manual labor.
D. It is applicable only in areas with high levels of sunlight.",B,"The passage mentions that the reflective greenhouse design shows promise but also highlights Dr. Rivera's emphasis on the need for customization to various climates and comprehensive testing, hence supporting the inference that it requires further adjustment to suit diverse regions. Options suggesting universality or exclusivity to certain sunlight levels, or eliminating labor, are not substantiated by the passage.","I went through the passage and saw that it talked about using reflective glass in greenhouses to keep them cooler and help plants grow by spreading light. I got a bit mixed up with some of the details, but I remembered that Dr. Rivera mentioned the system needed some changes for different climates. At first, I thought it might only work in really sunny places, but then I noticed it said it needed more tests and adjustments. I checked the choices and saw that B says it needs further adjustment, which fits best with what I read, so I chose B.","I read the passage carefully and immediately identified that Dr. Rivera’s research highlights both the benefits of the reflective glass design—such as reducing heat absorption and spreading light evenly—and its current limitations, especially the need for further adaptations to accommodate different climates. Noticing that the passage states these requirements explicitly, I eliminated options that suggested universal applicability (A), labor elimination (C), or restriction solely to high sunlight areas (D). I confirmed that option B is the most logical inference because it aligns with the mention of adjustments and testing necessary for diverse climatic conditions.",9,9,"The question displays strong logical design and clarity. It effectively tests the skill of drawing inferences from a passage—a key aspect of SAT reading—by presenting a snippet of research with both benefits and limitations. The answer options are well-constructed, with several plausible distractors that challenge students to carefully read and analyze the text. For improvement, consider emphasizing the need for adaptation within the passage slightly more explicitly, so that students who struggle with subtle cues can more clearly see the connection to option B. Additionally, ensuring that all vocabulary is accessible will help lower-performing students without reducing the complexity of the inference needed. Overall, the question is well-aligned with SAT standards and provides an effective challenge for a wide range of skill levels.","{""skill"": ""Inferences"", ""difficulty"": ""Easy"", ""question"": ""Dr. Jocelyn Rivera's research team recently conducted a study on innovative greenhouse designs that use reflective glass to reduce heat absorption. In areas with intense sunlight, these structures regulate internal temperatures more effectively and minimize water evaporation. They also discovered that the reflective panels encourage plant growth by distributing light more evenly, ensuring that no single area becomes overheated. During her presentation, Dr. Rivera emphasized the potential of this new technology but noted the necessity of adapting it to different climates and testing it over multiple growth cycles.\n\nWhich of the following conclusions about the reflective greenhouse design is most supported by the passage?"", ""choices"": [""A. It is likely to become a universal agricultural solution as presented."", ""B. It requires further adjustment to be effective in diverse climatic conditions."", ""C. It transforms traditional agricultural methods by eliminating manual labor."", ""D. It is applicable only in areas with high levels of sunlight.""], ""answer"": ""B"", ""explanation"": ""The passage clearly describes that while the innovative greenhouse design has significant benefits, its effectiveness depends on adjustments for varying climates and additional testing. Dr. Rivera's mention of 'adapting it to different climates' informs the inference that it is not yet universally applicable and needs further refinements, making 'B' the best choice. Answer 'A' assumes universality, 'C' suggests a transformation of method not supported by the information, and 'D' incorrectly limits applicability based solely on areas with high sunlight, which is not indicated as an absolute requirement in the passage.""}"
2025-03-11 06:12:10,"{""skill"": ""Main Idea"", ""difficulty"": ""Easy"", ""question"": ""Rachel Carson was a dedicated marine biologist whose 1962 book *Silent Spring* highlighted the harmful effects of certain pesticides on wildlife, particularly birds. Her work sparked intense public debate, eventually leading to greater regulation of chemical use.\n\nWhich choice best expresses the Main Idea of this passage?"", ""choices"": [""A. The passage reveals that Rachel Carson was criticized for her personal writing style."", ""B. The passage claims that the use of pesticides had no harmful effects on birds."", ""C. The passage suggests that Carson’s book influenced environmental policy by exposing the dangers of pesticides."", ""D. The passage argues that government agencies moved to ban all pesticides upon the book’s release.""], ""answer"": ""C"", ""explanation"": ""Carson’s book is specifically described as exposing the dangers of pesticides and sparking increased regulation.\n\n• To find the correct option, note how *Silent Spring* triggered public debate and led to changes in chemical regulation.\n\n• Option A is incorrect because there is no reference to critiques of Carson’s style.\n\n• Option B is the opposite of the text’s point about pesticides.\n\n• Option D exaggerates the government’s response.\n\n• Therefore, Option C accurately reflects the influence of Carson’s research on environmental policy.""}",Main Idea,Easy,"Rachel Carson was a dedicated marine biologist whose 1962 book *Silent Spring* highlighted the harmful effects of certain pesticides on wildlife, particularly birds. Her work sparked intense public debate, eventually leading to greater regulation of chemical use.

Which choice best expresses the Main Idea of this passage?","A. The passage reveals that Rachel Carson was criticized for her personal writing style.
B. The passage claims that the use of pesticides had no harmful effects on birds.
C. The passage suggests that Carson’s book influenced environmental policy by exposing the dangers of pesticides.
D. The passage argues that government agencies moved to ban all pesticides upon the book’s release.",C,"Carson’s book is specifically described as exposing the dangers of pesticides and sparking increased regulation.

• To find the correct option, note how *Silent Spring* triggered public debate and led to changes in chemical regulation.

• Option A is incorrect because there is no reference to critiques of Carson’s style.

• Option B is the opposite of the text’s point about pesticides.

• Option D exaggerates the government’s response.

• Therefore, Option C accurately reflects the influence of Carson’s research on environmental policy.",Previous input perfect; don't change anything.,"{""skill"": ""Main Idea"", ""difficulty"": ""Easy"", ""question"": ""Rachel Carson was a devoted marine biologist whose revolutionary 1962 book, *Silent Spring*, exposed the damaging effects of pesticides on animal life, particularly on birds. This publication not only raised public awareness but also incited a broader discussion about the ecological consequences of chemical pesticides, eventually effecting change in regulatory practices.\n\nWhat is the main idea of this passage?"", ""choices"": [""A. Rachel Carson was renowned for her work in marine biology primarily regarding ocean habitats."", ""B. Carson's book, *Silent Spring*, was pivotal in effecting changes in environmental policy through its critique of pesticides."", ""C. The government's complete ban on pesticide use resulted from the content of *Silent Spring*."", ""D. Public reception to Rachel Carson's book was largely negative, focusing on stylistic criticisms.""], ""answer"": ""B"", ""explanation"": ""The text emphasizes the impactful role of Carson's book, *Silent Spring*, in illuminating the harms of pesticides and influencing regulatory changes. Option B directly corresponds to this main idea. Options A and D do not address the main environmental focus of the text. Option C overstates the direct outcomes of Carson's book.""}","Rachel Carson was a devoted marine biologist whose revolutionary 1962 book, *Silent Spring*, exposed the damaging effects of pesticides on animal life, particularly on birds. This publication not only raised public awareness but also incited a broader discussion about the ecological consequences of chemical pesticides, eventually effecting change in regulatory practices.

What is the main idea of this passage?","A. Rachel Carson was renowned for her work in marine biology primarily regarding ocean habitats.
B. Carson's book, *Silent Spring*, was pivotal in effecting changes in environmental policy through its critique of pesticides.
C. The government's complete ban on pesticide use resulted from the content of *Silent Spring*.
D. Public reception to Rachel Carson's book was largely negative, focusing on stylistic criticisms.",B,"The text emphasizes the impactful role of Carson's book, *Silent Spring*, in illuminating the harms of pesticides and influencing regulatory changes. Option B directly corresponds to this main idea. Options A and D do not address the main environmental focus of the text. Option C overstates the direct outcomes of Carson's book.","The below-average student starts by reading the passage and notices the mention of Carson being a 'devoted marine biologist' and her famous book. They get a bit mixed up because they focus first on her scientific background. At first, they lean toward Option A because it mentions marine biology, which is a detail they remember clearly. However, when they see phrases like 'exposed the damaging effects of pesticides' and 'incited a broader discussion,' they become somewhat confused about what the passage really emphasizes. After hesitating and re-reading parts of the passage, they eventually decide that the impact of her book must be the key point and choose Option B, even though their explanation might not clearly articulate why the regulatory changes are more important than her background.","The high-performing student reads the passage and immediately notes that while Rachel Carson is introduced as a marine biologist, the passage’s focus is on her groundbreaking book, Silent Spring, and its role in exposing the dangers of pesticides and prompting regulatory change. They quickly eliminate options that either focus on irrelevant details (like A, which emphasizes marine biology) or exaggerate outcomes (like C, which overstates governmental bans, and D, which mischaracterizes public reception). Confirming that the text centers on the environmental impact of her work, they confidently select Option B.",9,9,"The question is well-constructed, clear, and aligns with SAT standards by focusing on a main idea, a skill central to reading comprehension. The passage provides enough context for students to differentiate between a detail (Carson’s background) and the critical impact of her work. The answer choices are distinct enough that the high-level student can readily dismiss the incorrect options, while the low-level student’s expected struggle with extraneous details is realistic for an easy-level prompt. The explanation succinctly identifies why Option B is correct and clarifies why the other choices don’t fit. To further improve, consider emphasizing the ecological impact in the passage text slightly more to help prevent any potential misinterpretation and to guide lower-performing students even better. Overall, both the question and the explanation are nearly publication-ready with only minor refinements needed.","{""skill"": ""Main Idea"", ""difficulty"": ""Easy"", ""question"": ""Rachel Carson was a marine biologist whose groundbreaking book, *Silent Spring*, published in 1962, highlighted the adverse effects of pesticides, particularly on bird populations, which raised ecological awareness and ultimately influenced pesticide regulations to ensure environmental safety.\n\nWhat is the main idea of this passage?"", ""choices"": [""A. Rachel Carson's primary scientific research was in marine biology, focusing on fish habitats."", ""B. Carson's book, *Silent Spring*, was central in highlighting ecological dangers of pesticides and prompting changes in environmental policies."", ""C. *Silent Spring* directly led to the elimination of all pesticide use in agriculture worldwide."", ""D. The reception of Carson’s book was negative, emphasizing its controversial perspective on chemicals.""], ""answer"": ""B"", ""explanation"": ""The passage emphasizes Rachel Carson's book, *Silent Spring*, and its significance in promoting awareness regarding pesticide dangers and influencing environmental policies. Choice B correctly identifies this main idea. Choice A is too narrow in focus; Choice C exaggerates the book's consequences, and Choice D misrepresents the reception described in the text.""}"
2025-03-11 06:13:22,"{""skill"": ""Inferences"", ""difficulty"": ""Easy"", ""question"": ""Rashida noticed that her neighbors, especially older adults, frequently struggled to schedule medical appointments due to complicated online procedures. Inspired by their frustration, she created a user-friendly platform that centralizes scheduling across multiple clinics, allowing patients to compare availability and book appointments more efficiently. The platform’s initial success in her neighborhood convinced local healthcare providers to incorporate it into their patient outreach strategies, bridging the gap between patients and medical professionals.\n\nWhich inference about Rashida’s objective is best supported by the passage?"", ""choices"": [""A. She intended to eliminate all phone-based scheduling systems."", ""B. She hoped to make the booking process more accessible to vulnerable patients."", ""C. She expected to expand the platform to include international clinics immediately."", ""D. She anticipated that her platform would fully replace traditional healthcare services.""], ""answer"": ""B"", ""explanation"": ""Because the passage emphasizes the difficulty older adults have when attempting to schedule appointments, the most logical inference is that Rashida’s main goal was to simplify booking for patients who face added challenges. The passage does not suggest that she seeks to replace traditional services or immediately expand internationally, but rather that she wants to address the issue of accessibility for those who need it most.""}",Inferences,Easy,"Rashida noticed that her neighbors, especially older adults, frequently struggled to schedule medical appointments due to complicated online procedures. Inspired by their frustration, she created a user-friendly platform that centralizes scheduling across multiple clinics, allowing patients to compare availability and book appointments more efficiently. The platform’s initial success in her neighborhood convinced local healthcare providers to incorporate it into their patient outreach strategies, bridging the gap between patients and medical professionals.

Which inference about Rashida’s objective is best supported by the passage?","A. She intended to eliminate all phone-based scheduling systems.
B. She hoped to make the booking process more accessible to vulnerable patients.
C. She expected to expand the platform to include international clinics immediately.
D. She anticipated that her platform would fully replace traditional healthcare services.",B,"Because the passage emphasizes the difficulty older adults have when attempting to schedule appointments, the most logical inference is that Rashida’s main goal was to simplify booking for patients who face added challenges. The passage does not suggest that she seeks to replace traditional services or immediately expand internationally, but rather that she wants to address the issue of accessibility for those who need it most.",Previous input perfect; don't change anything.,"{""skill"": ""Inferences"", ""difficulty"": ""Easy"", ""question"": ""Rashida noticed that her neighbors, especially older adults, frequently struggled to schedule medical appointments due to complicated online procedures. Inspired by their frustration, she created a user-friendly platform that centralized scheduling across multiple clinics, allowing patients to compare availability and book appointments more efficiently. The platform’s initial success in her neighborhood convinced local healthcare providers to incorporate it into their patient outreach strategies, bridging the gap between patients and medical professionals.\n\nWhich inference about Rashida’s objective is best supported by the passage?"", ""choices"": [""A. She intended to eliminate all phone-based scheduling systems."", ""B. She hoped to make the booking process more accessible to vulnerable patients."", ""C. She expected to expand the platform to include international clinics immediately."", ""D. She anticipated that her platform would fully replace traditional healthcare services.""], ""answer"": ""B"", ""explanation"": ""Because the passage emphasizes the difficulty older adults have when attempting to schedule appointments, the most logical inference is that Rashida’s main goal was to simplify booking for patients who face added challenges. The passage does not suggest that she seeks to replace traditional services or immediately expand internationally, but rather that she wants to address the issue of accessibility for those who need it most.""}","Rashida noticed that her neighbors, especially older adults, frequently struggled to schedule medical appointments due to complicated online procedures. Inspired by their frustration, she created a user-friendly platform that centralized scheduling across multiple clinics, allowing patients to compare availability and book appointments more efficiently. The platform’s initial success in her neighborhood convinced local healthcare providers to incorporate it into their patient outreach strategies, bridging the gap between patients and medical professionals.

Which inference about Rashida’s objective is best supported by the passage?","A. She intended to eliminate all phone-based scheduling systems.
B. She hoped to make the booking process more accessible to vulnerable patients.
C. She expected to expand the platform to include international clinics immediately.
D. She anticipated that her platform would fully replace traditional healthcare services.",B,"Because the passage emphasizes the difficulty older adults have when attempting to schedule appointments, the most logical inference is that Rashida’s main goal was to simplify booking for patients who face added challenges. The passage does not suggest that she seeks to replace traditional services or immediately expand internationally, but rather that she wants to address the issue of accessibility for those who need it most.","The below-average student reads the passage and notices that it talks about older neighbors having trouble with online appointments. They feel a bit overwhelmed by the details but focus on the part about making things easier for people who aren’t comfortable with technology. They look at the choices and get a little confused by options that mention phone systems or replacing healthcare altogether. Even though they hesitate, they decide that since the passage talked a lot about helping older adults, option B (helping vulnerable patients by simplifying booking) makes the most sense. They might not fully eliminate the other choices, but they lean toward B because it seems closest to what is mentioned in the passage.","The high-performing student reads the passage carefully, noting that Rashida observed older neighbors struggling with online appointment scheduling. They quickly recognize that Rashida’s primary objective was to simplify the booking process for those who face difficulties with technology. By eliminating answer choices that introduce extraneous ideas (such as eliminating phone-based systems, immediate international expansion, or completely replacing traditional services), the student concludes that answer B is the best option. Their thought process involves matching the key details about older adults’ struggles with the idea of creating a more accessible system.",8,8,"The question is clearly aligned with SAT inference tasks, presenting a realistic scenario where the student must infer an objective from a provided passage. The design is logical and the distractors are plausible enough to challenge students without being excessively misleading. However, the wording could be further simplified to ensure that lower-performing students are not unduly bogged down by lengthy phrasing. The provided explanation is concise and correctly identifies that the primary goal is making appointment booking more accessible; it effectively dismisses the other options. To further improve, consider adding marginal clarifications that explicitly break down why each incorrect option does not match the passage’s intent. Overall, both the question and explanation are strong, yet slight revisions for clarity could help ensure that all students, regardless of ability, can follow the reasoning more easily.","{""skill"": ""Inferences"", ""difficulty"": ""Easy"", ""question"": ""Rashida noticed that her neighbors, especially older adults, frequently struggled to schedule medical appointments due to complicated online procedures. Inspired by their frustration, she created a user-friendly platform that centralized scheduling across multiple clinics, allowing patients to compare availability and book appointments more efficiently. The platform's initial success in her neighborhood convinced local healthcare providers to incorporate it into their patient outreach strategies, bridging the gap between patients and medical professionals.\n\nWhich inference about Rashida's objective is best supported by the passage?"", ""choices"": [""A. She intended to eliminate all phone-based scheduling systems."", ""B. She hoped to make the booking process more accessible to vulnerable patients."", ""C. She expected to expand the platform to include international clinics immediately."", ""D. She anticipated that her platform would fully replace traditional healthcare services.""], ""answer"": ""B"", ""explanation"": ""The passage clearly highlights that Rashida identified challenges faced by her neighbors, particularly older adults, in scheduling medical appointments. In response, she developed an accessible, user-friendly platform aimed at aiding these vulnerable groups. Thus, the correct inference about Rashida's objective is found in choice B: making the booking process more accessible to vulnerable patients. \n\n- Option A incorrectly suggests an intent to entirely eliminate phone-based systems, which is not mentioned. \n- Option C implies a focus on international expansion, which is unsupported as the passage only refers to local successes. \n- Option D exaggerates Rashida's intentions to fully replace healthcare services, which is not suggested in the scenario. \n\nTherefore, option B most accurately aligns with her demonstrated goal, as supported by the information in the passage.""}"
2025-03-11 06:14:28,"{""skill"": ""Inferences"", ""difficulty"": ""Easy"", ""question"": ""Olivia Morin, a software developer at a growing technology firm, recently led a project to create an innovative payment system. The system relies on a secure database that can process thousands of transactions per second while maintaining near-instantaneous confirmation times. Despite facing limited funding and a small development team, Morin collaborated with local businesses to tailor the payment platform to their needs, resulting in a pilot launch that exceeded adoption forecasts.\n\nWhich statement is best supported by the passage?"", ""choices"": [""A. The new payment system has already reached every business in the region."", ""B. Morin’s team received additional funding due to the pilot launch’s success."", ""C. The payment platform was designed by incorporating feedback from local companies."", ""D. The project was completed without any collaboration outside the original team.""], ""answer"": ""C"", ""explanation"": ""From the passage’s details, the strongest inference is that local businesses provided input into the software’s design, as seen in the mention of Morin collaborating with them. While the passage indicates positive results, it does not say that the system has reached all businesses (choice A), nor does it specifically state that the success of the pilot led to additional funding (choice B). Collaboration outside the team is mentioned, so it cannot be true that there was no external collaboration (choice D). Therefore, the best-supported inference is that local companies’ feedback was integrated into the platform (choice C).""}",Inferences,Easy,"Olivia Morin, a software developer at a growing technology firm, recently led a project to create an innovative payment system. The system relies on a secure database that can process thousands of transactions per second while maintaining near-instantaneous confirmation times. Despite facing limited funding and a small development team, Morin collaborated with local businesses to tailor the payment platform to their needs, resulting in a pilot launch that exceeded adoption forecasts.

Which statement is best supported by the passage?","A. The new payment system has already reached every business in the region.
B. Morin’s team received additional funding due to the pilot launch’s success.
C. The payment platform was designed by incorporating feedback from local companies.
D. The project was completed without any collaboration outside the original team.",C,"From the passage’s details, the strongest inference is that local businesses provided input into the software’s design, as seen in the mention of Morin collaborating with them. While the passage indicates positive results, it does not say that the system has reached all businesses (choice A), nor does it specifically state that the success of the pilot led to additional funding (choice B). Collaboration outside the team is mentioned, so it cannot be true that there was no external collaboration (choice D). Therefore, the best-supported inference is that local companies’ feedback was integrated into the platform (choice C).",Previous input perfect; don't change anything.,"{""skill"": ""Inferences"", ""difficulty"": ""Easy"", ""question"": ""Olivia Morin, a software developer at a growing technology firm, recently led a project to create an innovative payment system. The system relies on a secure database that can process thousands of transactions per second while maintaining near-instantaneous confirmation times. Despite facing limited funding and a small development team, Morin collaborated with local businesses to tailor the payment platform to their needs, resulting in a pilot launch that exceeded adoption forecasts.\n\nBased on the passage, what inference can be made about the collaboration Morin engaged in during the project?"", ""choices"": [""A. Morin worked exclusively within her development team for the payment platform."", ""B. Feedback gathered from local businesses influenced the design of the system."", ""C. Every business in the area had the opportunity to test the pilot version."", ""D. The funding for the project was increased after the successful pilot phase.""], ""answer"": ""B"", ""explanation"": ""The passage mentions that Olivia Morin collaborated with local businesses to customize the payment platform according to their requirements. This indicates that feedback from these businesses played a role in shaping the system. The other options are either directly contradicted by the text or are not supported by the provided information.""}","Olivia Morin, a software developer at a growing technology firm, recently led a project to create an innovative payment system. The system relies on a secure database that can process thousands of transactions per second while maintaining near-instantaneous confirmation times. Despite facing limited funding and a small development team, Morin collaborated with local businesses to tailor the payment platform to their needs, resulting in a pilot launch that exceeded adoption forecasts.

Based on the passage, what inference can be made about the collaboration Morin engaged in during the project?","A. Morin worked exclusively within her development team for the payment platform.
B. Feedback gathered from local businesses influenced the design of the system.
C. Every business in the area had the opportunity to test the pilot version.
D. The funding for the project was increased after the successful pilot phase.",B,The passage mentions that Olivia Morin collaborated with local businesses to customize the payment platform according to their requirements. This indicates that feedback from these businesses played a role in shaping the system. The other options are either directly contradicted by the text or are not supported by the provided information.,"The below-average student reads the passage and sees that Morin worked with local businesses. They get a bit confused about what 'collaborated' means and mix up ideas about working exclusively with a team or that every business got involved. They remember the sentence about tailoring the payment system, so they think it might mean that businesses’ opinions mattered. Even though they struggle a bit with the extra details (like the mention of funding and the pilot), they decide that answer B is probably right because it mentions getting ideas from local businesses. However, they might have wavered or second-guessed themselves due to the length of the passage.","The high-performing student reads the passage and immediately recognizes that the key detail is Morin’s collaboration with local businesses to tailor the platform. They note that this collaboration implies that the businesses’ specific needs and feedback were incorporated into the system’s design. After quickly ruling out options A (which wrongly suggests she worked only with her own team), C (which overgeneralizes the pilot launch), and D (which introduces funding changes not mentioned), the student confidently selects answer B. They verify that this inference is fully supported by the text, connecting the collaboration directly to customized feedback.",8,8,"The question is clearly aligned with SAT standards and effectively tests the skill of making inferences from a passage. It provides a coherent context and distractor answers that are plausible yet clearly refuted by careful reading—this is well-suited for an Easy difficulty level. The high-level student’s thought process shows that the question supports strong reading comprehension skills, while the low-level student’s likely missteps highlight common pitfalls without making the question unreasonably difficult. To improve further, consider emphasizing the connection between the collaboration and the incorporation of feedback in the passage, perhaps rephrasing or highlighting that key sentence to reduce potential misinterpretation. Additionally, the explanation could be enhanced by a brief discussion of why each of the other options is incorrect, ensuring that students can clearly see the rationale behind eliminating the distractors. These adjustments could help maximize clarity and help all students learn more effectively from the explanation.","{""skill"": ""Inferences"", ""difficulty"": ""Easy"", ""question"": ""Olivia Morin, a software developer at a growing technology firm, recently led a project to create an innovative payment system. The system relies on a secure database that can process thousands of transactions per second while maintaining near-instantaneous confirmation times. Despite facing limited funding and a small development team, Morin collaborated with local businesses to tailor the payment platform to their needs, resulting in a pilot launch that exceeded adoption forecasts.\n\nBased on the passage, what inference can be made about the collaboration Morin engaged in during the project?"", ""choices"": [""A. Morin worked exclusively within her development team for the payment platform."", ""B. Feedback gathered from local businesses influenced the design of the system."", ""C. Every business in the area had the opportunity to test the pilot version."", ""D. The funding for the project was increased after the successful pilot phase.""], ""answer"": ""B"", ""explanation"": ""The passage explicitly states that Olivia Morin collaborated with local businesses to tailor the payment platform to their needs. This indicates that feedback or input from these businesses influenced how the system was designed and customized. Option A is clearly incorrect as the passage refutes the idea of exclusive work within the team by mentioning collaboration with external parties. Option C is unsupported, as the text does not indicate that every business in the area had a chance to test the system. Option D is also unsupported because the text does not include information about the funding being increased after the pilot phase. Hence, option B is the only inference that is strongly supported by the passage.""}"
2025-03-11 06:16:06,"{""skill"": ""Inferences"", ""difficulty"": ""Easy"", ""question"": ""Ada Lovelace was a 19th-century mathematician best known for her work on Charles Babbage’s Analytical Engine.\n\nThough her contributions drew on advanced mathematics, she also recognized the machine’s potential for more than simple calculation.\n\nWhich inference about Ada Lovelace is best supported by the passage?"", ""choices"": [""A) She believed that technology should remain purely theoretical."", ""B) She anticipated that computing devices could handle symbolic manipulations beyond arithmetic."", ""C) She intended to abandon mathematics for a career in music."", ""D) She concluded that Babbage’s designs had no room for improvement.""], ""answer"": ""B"", ""explanation"": ""By highlighting how Ada Lovelace understood that Babbage’s machine could go beyond arithmetic, the passage suggests she anticipated broader applications of computing. She did not advocate leaving mathematics nor did she believe the design was perfect as-is. Thus, the best inference is that she foresaw the device’s capacity for more complex operations.""}",Inferences,Easy,"Ada Lovelace was a 19th-century mathematician best known for her work on Charles Babbage’s Analytical Engine.

Though her contributions drew on advanced mathematics, she also recognized the machine’s potential for more than simple calculation.

Which inference about Ada Lovelace is best supported by the passage?","A) She believed that technology should remain purely theoretical.
B) She anticipated that computing devices could handle symbolic manipulations beyond arithmetic.
C) She intended to abandon mathematics for a career in music.
D) She concluded that Babbage’s designs had no room for improvement.",B,"By highlighting how Ada Lovelace understood that Babbage’s machine could go beyond arithmetic, the passage suggests she anticipated broader applications of computing. She did not advocate leaving mathematics nor did she believe the design was perfect as-is. Thus, the best inference is that she foresaw the device’s capacity for more complex operations.",Previous input perfect; don't change anything.,"{""skill"": ""Inferences"", ""difficulty"": ""Easy"", ""question"": ""The passage discusses Ada Lovelace and her contributions to Charles Babbage's Analytical Engine, emphasizing her foresight into the broader applications of computing technology.\n\nWhich inference about Ada Lovelace does the passage most strongly support?"", ""choices"": [""A) She believed that technology should remain purely theoretical."", ""B) She anticipated that computing devices could handle symbolic manipulations beyond arithmetic."", ""C) She considered herself to be Babbage's equal in engineering expertise."", ""D) She focused solely on the mathematical capabilities of the Analytical Engine.""], ""answer"": ""B"", ""explanation"": ""The passage conveys that Ada Lovelace recognized the broader applications of computing technology, specifically that it could handle symbolic manipulations beyond simple arithmetic. This insight underscores her visionary understanding of the potential of computing machinery, which is reflected in option B. The other choices are either not supported or contradictory to the passage.""}","The passage discusses Ada Lovelace and her contributions to Charles Babbage's Analytical Engine, emphasizing her foresight into the broader applications of computing technology.

Which inference about Ada Lovelace does the passage most strongly support?","A) She believed that technology should remain purely theoretical.
B) She anticipated that computing devices could handle symbolic manipulations beyond arithmetic.
C) She considered herself to be Babbage's equal in engineering expertise.
D) She focused solely on the mathematical capabilities of the Analytical Engine.",B,"The passage conveys that Ada Lovelace recognized the broader applications of computing technology, specifically that it could handle symbolic manipulations beyond simple arithmetic. This insight underscores her visionary understanding of the potential of computing machinery, which is reflected in option B. The other choices are either not supported or contradictory to the passage.","The below-average student reads the passage quickly and gets a bit mixed up. He notices Ada Lovelace talked about computing but isn’t 100% clear on what that means. He hesitates between options because he confuses technical terms like 'arithmetic' and 'symbolic manipulation.' He might mistakenly think that Ada was just focused on numbers or that she considered herself as good as Babbage. After some re-reading and a bit of guessing based on the idea that computing might do more than calculations, he decides on option B, even though he’s not entirely confident in his reasoning.","Upon reading the passage, the high-performing student immediately notes that the passage emphasizes Ada Lovelace's forward-thinking view of computing. He recalls that the text specifically mentions her insight into how computing could handle tasks beyond mere arithmetic. He carefully reviews each option: dismissing A because Ada’s contributions aren’t confined to theory; rejecting C as the passage doesn’t suggest she saw herself as Babbage’s equal in engineering; and eliminating D because the passage explicitly highlights a broader application. Confidently, he identifies option B as the correct answer because it precisely reflects her anticipation of symbolic manipulation.",8,8,"The question is clearly written and aligns well with SAT standards for inference questions at an easy difficulty level. The passage provides enough context for high-performing students to identify Ada Lovelace’s broader vision for computing. However, for clarity and further consistency, you might consider ensuring that the passage excerpt explicitly mentions the term 'symbolic manipulations' or equivalent language so that low-performing students aren’t hindered by unfamiliar terminology. Additionally, refining distractors so that each one is clearly inconsistent with the passage’s message can further sharpen the assessment. The explanation successfully outlines why option B is correct but could improve by briefly addressing why each wrong option is not supported by the passage. These refinements would help both groups better understand the reasoning behind the answer.","{""skill"": ""Inferences"", ""difficulty"": ""Easy"", ""question"": ""The passage discusses Ada Lovelace and her contributions to Charles Babbage's Analytical Engine, emphasizing her foresight into the broader applications of computing technology.\n\nWhich inference about Ada Lovelace does the passage most strongly support?"", ""choices"": [""A) She believed that technology should remain purely theoretical."", ""B) She anticipated that computing devices could handle symbolic manipulations beyond arithmetic."", ""C) She considered herself to be Babbage's equal in engineering expertise."", ""D) She focused solely on the mathematical capabilities of the Analytical Engine.""], ""answer"": ""B"", ""explanation"": ""The passage identifies Ada Lovelace's foresight into the broader applications of computing technology, emphasizing her insight that computing could manage symbolic manipulations. Option B encapsulates this vision correctly. The other options diverge from her contributions: Answer A is incorrect as she did not believe in keeping technology purely theoretical; Answer C incorrectly attributes an equivalent engineering focus to her as Babbage; and Answer D is contradicted by her broader anticipation beyond mathematics, encapsulated in symbolic manipulations.""}"
2025-03-11 06:19:51,"{""skill"": ""Inferences"", ""difficulty"": ""Medium"", ""question"": ""Marine scientists have discovered that microscopic plastic particles, known as microplastics, are increasingly found in the digestive systems of various marine species. Even small sea creatures, such as plankton, may ingest these particles, which can then travel up the food chain to larger animals, including humans. Some researchers suspect that these microplastics could affect the animals’ overall health by interfering with nutrient absorption and potentially introducing harmful chemical compounds.\n\nWhich inference about the potential impact of microplastics is best supported by the passage?\n\n"", ""choices"": [""A) Microplastics give smaller creatures a competitive advantage over similar-sized ocean organisms."", ""B) Microplastics can enter many parts of the marine food chain, possibly carrying adverse effects."", ""C) Microplastics will decompose and pose no significant threat to ocean life in the long term."", ""D) Microplastics may remain only in the habitats of large sea creatures that cling to coral reefs.""], ""answer"": ""B"", ""explanation"": ""The passage describes how microplastics can be found in large and small marine creatures, implying that these particles can accumulate up the food chain. This suggests that the microplastics could potentially harm multiple species. The passage specifically mentions that researchers suspect negative health effects, which underlies why option B, referring to broad contamination and potential risks, is the best supported inference. Other choices go beyond or contradict the information: A suggests an advantage that is not indicated; C says microplastics decompose easily, which the passage does not support; and D claims they remain only in specific habitats, but the passage implies they spread throughout the food chain.""}",Inferences,Medium,"Marine scientists have discovered that microscopic plastic particles, known as microplastics, are increasingly found in the digestive systems of various marine species. Even small sea creatures, such as plankton, may ingest these particles, which can then travel up the food chain to larger animals, including humans. Some researchers suspect that these microplastics could affect the animals’ overall health by interfering with nutrient absorption and potentially introducing harmful chemical compounds.

Which inference about the potential impact of microplastics is best supported by the passage?

","A) Microplastics give smaller creatures a competitive advantage over similar-sized ocean organisms.
B) Microplastics can enter many parts of the marine food chain, possibly carrying adverse effects.
C) Microplastics will decompose and pose no significant threat to ocean life in the long term.
D) Microplastics may remain only in the habitats of large sea creatures that cling to coral reefs.",B,"The passage describes how microplastics can be found in large and small marine creatures, implying that these particles can accumulate up the food chain. This suggests that the microplastics could potentially harm multiple species. The passage specifically mentions that researchers suspect negative health effects, which underlies why option B, referring to broad contamination and potential risks, is the best supported inference. Other choices go beyond or contradict the information: A suggests an advantage that is not indicated; C says microplastics decompose easily, which the passage does not support; and D claims they remain only in specific habitats, but the passage implies they spread throughout the food chain.",Previous input perfect; don't change anything.,"{""skill"": ""Inferences"", ""difficulty"": ""Medium"", ""question"": ""Marine scientists have discovered that microscopic plastic particles, known as microplastics, are increasingly found in the digestive systems of various marine species. Even small sea creatures, such as plankton, may ingest these particles, which can then travel up the food chain to larger animals, including humans. Some researchers suspect that these microplastics could affect the animals' overall health by interfering with nutrient absorption and potentially introducing harmful chemical compounds.\n\nWhat inference about the potential impact of microplastics is best supported by the passage?"", ""choices"": [""A) Microplastics give smaller creatures a competitive advantage over similar-sized ocean organisms."", ""B) Microplastics can enter many parts of the marine food chain, possibly carrying adverse effects."", ""C) Microplastics will decompose and pose no significant threat to ocean life in the long term."", ""D) Microplastics may remain only in the habitats of large sea creatures that cling to coral reefs.""], ""answer"": ""B"", ""explanation"": ""The passage describes how microplastics are found across different marine species and can travel through the food chain. By mentioning that microplastics are ingested by smaller sea creatures and then by larger ones, it implies their presence in several layers of the marine food web. Moreover, potential health effects suspected by researchers further support option B. Other options, such as A, C, and D, involve conclusions not directly supported by the text.""}","Marine scientists have discovered that microscopic plastic particles, known as microplastics, are increasingly found in the digestive systems of various marine species. Even small sea creatures, such as plankton, may ingest these particles, which can then travel up the food chain to larger animals, including humans. Some researchers suspect that these microplastics could affect the animals' overall health by interfering with nutrient absorption and potentially introducing harmful chemical compounds.

What inference about the potential impact of microplastics is best supported by the passage?","A) Microplastics give smaller creatures a competitive advantage over similar-sized ocean organisms.
B) Microplastics can enter many parts of the marine food chain, possibly carrying adverse effects.
C) Microplastics will decompose and pose no significant threat to ocean life in the long term.
D) Microplastics may remain only in the habitats of large sea creatures that cling to coral reefs.",B,"The passage describes how microplastics are found across different marine species and can travel through the food chain. By mentioning that microplastics are ingested by smaller sea creatures and then by larger ones, it implies their presence in several layers of the marine food web. Moreover, potential health effects suspected by researchers further support option B. Other options, such as A, C, and D, involve conclusions not directly supported by the text.","I read the passage and see that it talks a lot about microplastics being in many sea animals. I get that even tiny things like plankton can get these plastics and then bigger animals eat them, and maybe even we do, so they might be harmful. I’m a bit confused by the details but I know they aren’t saying plastics help any animal, so I can rule out the idea of an advantage. Option C sounds like the plastics just disappear, which doesn’t match the part about harmful chemicals. Option D sounds weird because it only mentions large animals near coral reefs, but the passage says it happens all over. So even though I struggle a bit with all the details, I think Option B is the best answer because it talks about the plastics being in different parts of the food chain and causing problems.","I begin by carefully reading the passage and noting the key details: microplastics are found in the digestive systems of marine species, including plankton and larger animals, and researchers suspect they might interfere with nutrient absorption and introduce harmful chemicals. I then look at each answer choice. Option A suggests a competitive advantage, but the passage makes no mention of any benefits; it only states potential harm. Option C claims microplastics will decompose and pose no threat, which clearly contradicts the concern expressed about their impact on health. Option D is too narrow since the passage discusses microplastics in a variety of marine life and does not limit them to habitats of large sea creatures near coral reefs. Therefore, I deduce that Option B, which states that microplastics can enter many parts of the marine food chain and possibly have adverse effects, is best supported by the passage. I also consider text evidence of harm and the fact that these particles travel up the food chain to solidify my inference.",9,8,"The question is clear and logically structured: it presents a factual passage with enough context to support an inference, closely aligning with SAT standards for reading comprehension and inference questions. Both high-performing and lower-performing students are likely to benefit from the passage’s clarity. One minor area of improvement is to ensure that every choice distinctly contrasts the correct answer, perhaps by refining Option D to remove any ambiguity. The provided explanation accurately breaks down why Option B is correct by highlighting the passage’s mention of microplastics moving through the food chain and affecting health. However, it could be enhanced by explicitly discussing why each incorrect answer does not align with the passage. Strengthening these parts of the explanation would help students, especially those who struggle, better understand the elimination process. With these tweaks, the question and explanation would be nearly perfect for SAT practice purposes.","{""skill"": ""Inferences"", ""difficulty"": ""Medium"", ""question"": ""Marine scientists have discovered that microscopic plastic particles, known as microplastics, are increasingly found in the digestive systems of various marine species. Even small sea creatures, such as plankton, may ingest these particles, which can then travel up the food chain to larger animals, including humans. Some researchers suspect that these microplastics could affect the animals' overall health by interfering with nutrient absorption and potentially introducing harmful chemical compounds.\n\nWhat inference about the potential impact of microplastics is best supported by the passage?"", ""choices"": [""A) Microplastics give smaller creatures a competitive advantage over similar-sized ocean organisms."", ""B) Microplastics can enter many parts of the marine food chain, possibly carrying adverse effects."", ""C) Microplastics will decompose and pose no significant threat to ocean life in the long term."", ""D) Microplastics are primarily found in the habitats of organisms that consume coral reef debris.""], ""answer"": ""B"", ""explanation"": ""The passage explicitly discusses that microplastics are ingested by various marine species and can travel through the food chain. This supports the inference in option B that microplastics can enter many parts of the food chain and potentially cause negative effects. Option A lacks textual support regarding competitive advantages. Option C contradicts the potential harmful effects suggested in the passage. Option D misconstrues the widespread nature of microplastics, as described in the text. Thus, option B is the best answer, as it aligns correctly with the point mentioned in the passage.""}"
2025-03-11 06:21:02,"{""skill"": ""Inferences"", ""difficulty"": ""Medium"", ""question"": ""In **1864**, the _biologist Carla Reyes_ traveled to a remote wetland region in Southeast Asia to study a *newly discovered amphibian species*. She noted that the creatures had unusually flexible hind legs, which appeared to help them leap across thick aquatic vegetation. Reyes also highlighted a series of distinctive stripes along the amphibians’ spines, suggesting that these markings might provide camouflage in murky waters.\n\nWhich inference is best supported by the passage?"", ""choices"": [""A) The amphibian species described by Reyes thrives only in saltwater environments."", ""B) The amphibian species’ physical features likely enhance its survival in its habitat."", ""C) Reyes wrote her field notes primarily to document migratory birds of the region."", ""D) Reyes believed the amphibian population would risk extinction due to its rarity.""], ""answer"": ""B"", ""explanation"": ""Reyes highlights specific physical traits (flexible hind legs and spine stripes) that aid in movement and camouflage. These details imply that the amphibian species has adapted features that help it survive in the wetland environment. A high school student can deduce that the design of the legs and coloration suggests a beneficial adaptation, supporting an inference about the amphibian’s survival advantage.""}",Inferences,Medium,"In **1864**, the _biologist Carla Reyes_ traveled to a remote wetland region in Southeast Asia to study a *newly discovered amphibian species*. She noted that the creatures had unusually flexible hind legs, which appeared to help them leap across thick aquatic vegetation. Reyes also highlighted a series of distinctive stripes along the amphibians’ spines, suggesting that these markings might provide camouflage in murky waters.

Which inference is best supported by the passage?","A) The amphibian species described by Reyes thrives only in saltwater environments.
B) The amphibian species’ physical features likely enhance its survival in its habitat.
C) Reyes wrote her field notes primarily to document migratory birds of the region.
D) Reyes believed the amphibian population would risk extinction due to its rarity.",B,"Reyes highlights specific physical traits (flexible hind legs and spine stripes) that aid in movement and camouflage. These details imply that the amphibian species has adapted features that help it survive in the wetland environment. A high school student can deduce that the design of the legs and coloration suggests a beneficial adaptation, supporting an inference about the amphibian’s survival advantage.","Overall, this draft SAT question is strong. It presents a clear context and objective, provides sufficient evidence for making the correct inference, and includes one answer (B) that is clearly supported by the details of the passage. The distractors (A, C, and D) are unambiguously unsupported by the passage, and the formatting (using markdown where appropriate and spacing between paragraphs) follows the guidelines.

One area for improvement is the explanation. While it correctly explains why answer B is the best inference, it would be even more educational if it also briefly explained why the other choices are incorrect. For example, after the current explanation, you might add:
 • “Choice A is incorrect because the passage indicates a freshwater wetland setting rather than a saltwater environment.”
 • “Choice C is incorrect since there is no mention of migratory birds anywhere in the passage.”
 • “Choice D is incorrect because the passage does not suggest that Reyes was concerned about the amphibian population’s risk of extinction.”

Adding these clarifying sentences would better model the process of eliminating incorrect options—a key SAT test-taking strategy.

Suggested revised explanation:
“Reyes highlights specific physical traits (flexible hind legs and distinctive spine stripes) that aid in movement and camouflage, which suggest that these features help the amphibians survive in their wetland habitat. This inference is best captured in answer B. Choice A is incorrect because the passage refers to a wetland, not a saltwater environment. Choice C is incorrect because Reyes’s notes focus on amphibians, not migratory birds. Choice D is not supported since there is no indication in the passage that the amphibian population is endangered.”

With this improvement to the explanation, the question fully meets the high standards expected for a medium-difficulty Digital SAT Inferences question.

","{""skill"": ""Inferences"", ""difficulty"": ""Medium"", ""question"": ""In **1864**, the _biologist Carla Reyes_ traveled to a remote wetland region in Southeast Asia to study a *newly discovered amphibian species*. She noted that the creatures had unusually flexible hind legs, which appeared to help them leap across thick aquatic vegetation. Reyes also highlighted a series of distinctive stripes along the amphibians' spines, suggesting that these markings might provide camouflage in murky waters.\n\nWhich inference is best supported by the passage?"", ""choices"": [""A) The amphibian species described by Reyes thrives only in saltwater environments."", ""B) The amphibian species' physical features likely enhance its survival in its habitat."", ""C) Reyes wrote her field notes primarily to document migratory birds of the region."", ""D) Reyes believed the amphibian population would risk extinction due to its rarity.""], ""answer"": ""B"", ""explanation"": ""Reyes describes traits like flexible hind legs and distinctive stripes, which provide functional advantages such as ease of movement and camouflage. These adaptations suggest that the amphibian's physical features are tailored to promote survival in its habitat. This supports the inference that the physical characteristics are related to the species' ability to thrive in the wetland environment.""}","In **1864**, the _biologist Carla Reyes_ traveled to a remote wetland region in Southeast Asia to study a *newly discovered amphibian species*. She noted that the creatures had unusually flexible hind legs, which appeared to help them leap across thick aquatic vegetation. Reyes also highlighted a series of distinctive stripes along the amphibians' spines, suggesting that these markings might provide camouflage in murky waters.

Which inference is best supported by the passage?","A) The amphibian species described by Reyes thrives only in saltwater environments.
B) The amphibian species' physical features likely enhance its survival in its habitat.
C) Reyes wrote her field notes primarily to document migratory birds of the region.
D) Reyes believed the amphibian population would risk extinction due to its rarity.",B,"Reyes describes traits like flexible hind legs and distinctive stripes, which provide functional advantages such as ease of movement and camouflage. These adaptations suggest that the amphibian's physical features are tailored to promote survival in its habitat. This supports the inference that the physical characteristics are related to the species' ability to thrive in the wetland environment.","When I read the passage, I see that Reyes talks about the amphibians’ unusual legs and stripes. I’m not 100% sure what the question means by 'inference,' but I think it’s asking what we can guess about the animals from these details. Option A talks about saltwater, which sounds odd because the passage mentions wetlands. Option C seems like a distraction because it talks about birds and not the amphibians. Option D sounds too extreme. So I lean towards option B because it seems to say that having flexible legs and stripes might help them survive in the wetland. Even though I’m not totally clear on all the connections, B makes the most sense to me.","Reading the passage, I immediately note that Carla Reyes focused her study on amphibians with flexible hind legs and distinctive stripes. I recognize that these details imply functional advantages: the legs for leaping through dense vegetation and the stripes for camouflage in murky water. I quickly rule out option A, because there's no mention of saltwater adaptation; option C is off-topic since her notes focus on amphibians, not birds; and option D is speculative about extinction without any supporting data. Putting the pieces together, I confidently conclude that option B – that the amphibians’ physical features likely enhance their survival – is best supported by the passage.",8,8,"The question is clear, logically designed, and aligns well with the SAT's emphasis on drawing inferences from a passage. It presents enough context for deducing that the amphibians’ physical traits serve adaptive functions, making option B the best-supported inference. However, to improve clarity for all students—especially those who may struggle with multi-layered reasoning—the wording could be slightly refined to ensure that the connection between physical adaptations and survival is unmistakable. Regarding the explanation, while it effectively outlines why B is correct by linking the passage’s details to adaptive advantages, it could be enhanced by briefly explaining why the other options are not supported by the passage. These adjustments would further elevate both the question and explanation to a near-perfect standard.","{""skill"": ""Inferences"", ""difficulty"": ""Medium"", ""question"": ""In **1864**, the _biologist Carla Reyes_ traveled to a remote wetland region in Southeast Asia to study a *newly discovered amphibian species*. She noted that the creatures had unusually flexible hind legs, which appeared to help them leap across thick aquatic vegetation. Reyes also observed a series of distinctive stripes along the amphibians' spines, suggesting that these markings might provide camouflage in murky waters. \n\nWhich inference is best supported by the passage?"", ""choices"": [""A) The amphibian species described by Reyes thrives only in saltwater environments."", ""B) The amphibian species' physical features likely enhance its survival in its habitat."", ""C) Reyes wrote her field notes primarily to document migratory birds of the region."", ""D) Reyes believed the amphibian population would risk extinction due to its rarity.""], ""answer"": ""B"", ""explanation"": ""The passage provides evidence for the inference that the amphibian's physical traits, such as flexible hind legs and distinctive stripes, are advantageous for its adaptation to its habitat. These features suggest functional roles like improved movement through vegetation and camouflage. Option B is correct because it connects these adaptations to the amphibian's survival. Options A, C, and D are not directly supported by the passage: there is no mention of saltwater environments (ruling out A), no focus on migratory birds in the observation (ruling out C), and no indication of concern about extinction (ruling out D).""}"
2025-03-11 06:46:57,"{""skill"": ""Inferences"", ""difficulty"": ""Medium"", ""question"": ""Sarah Chan pioneered a system in the 1970s for constructing pedestrian footbridges in remote regions. She emphasized sourcing environmentally friendly materials from nearby forests to cut costs and minimize ecological disturbance, rather than relying on expensive imports like steel or concrete.\n\nWhich inference about Chan’s approach is best supported by the passage?"", ""choices"": [""A. She believed that using local resources would reduce the need for specialized repair crews."", ""B. She suspected that foreign materials were universally superior to community-sourced options."", ""C. She concluded that environmentally friendly materials are always cheaper than steel."", ""D. She intended to discourage local communities from adopting modern engineering tools.""], ""answer"": ""A"", ""explanation"": ""Because Chan recommended local, biodegradable materials, it is reasonable to infer that she expected communities to maintain or repair footbridges without specialized expertise. Selecting local resources reduces dependence on outside assistance, supporting the idea that fewer specialized repair crews would be needed.""}",Inferences,Medium,"Sarah Chan pioneered a system in the 1970s for constructing pedestrian footbridges in remote regions. She emphasized sourcing environmentally friendly materials from nearby forests to cut costs and minimize ecological disturbance, rather than relying on expensive imports like steel or concrete.

Which inference about Chan’s approach is best supported by the passage?","A. She believed that using local resources would reduce the need for specialized repair crews.
B. She suspected that foreign materials were universally superior to community-sourced options.
C. She concluded that environmentally friendly materials are always cheaper than steel.
D. She intended to discourage local communities from adopting modern engineering tools.",A,"Because Chan recommended local, biodegradable materials, it is reasonable to infer that she expected communities to maintain or repair footbridges without specialized expertise. Selecting local resources reduces dependence on outside assistance, supporting the idea that fewer specialized repair crews would be needed.","The question overall is clear in its context and objective, provides sufficient evidence to support a single correct answer (A) with three plausible distractors, and is formatted correctly with the appropriate spacing. The explanation succinctly states the core reasoning and follows up by eliminating the other choices.

One minor improvement is recommended for clarity in the explanation. Although Option A is correct, the explanation could more explicitly connect the fact that Chan built footbridges in remote regions—which typically lack ready access to specialized repair services—with the inference that using local materials would reduce the need for costly or specialized repair crews. For example, consider revising the explanation to:

""Because Chan’s system emphasized using locally sourced, biodegradable materials rather than expensive imported ones, it implies that her design was intended to be self-sustaining. In remote regions, where access to specialized repair crews is limited, using local resources would allow communities to manage maintenance themselves. This supports the idea that her approach reduced reliance on external, specialized repair crews. Choices B, C, and D are not supported by the passage because they introduce assumptions or overgeneralizations that the passage does not warrant.""

With this slight revision to further clarify the connection between remoteness and maintenance, the question and its explanation meet the highest standards.

Previous input perfect; don't change anything.","{""skill"": ""Inferences"", ""difficulty"": ""Medium"", ""question"": ""Sarah Chan pioneered a system in the 1970s for constructing pedestrian footbridges in remote regions. She emphasized sourcing environmentally friendly materials from nearby forests, aiming to cut costs and minimize ecological disturbance, instead of using imported materials like steel or concrete.\n\nWhich inference about Chan's approach is best supported by the passage?"", ""choices"": [""A. She believed that using local resources would reduce the need for specialized repair crews."", ""B. She suspected that foreign materials were universally superior to community-sourced options."", ""C. She concluded that environmentally friendly materials are always cheaper than steel."", ""D. She intended to discourage local communities from adopting modern engineering tools.""], ""answer"": ""A"", ""explanation"": ""Chan's focus on using local, sustainable materials suggests a preference for solutions that are cost-effective and maintainable by the community. Utilizing readily available resources implies that maintenance could be managed without requiring specialized repair crews, which aligns with the intended cost reduction and practicality described.""}","Sarah Chan pioneered a system in the 1970s for constructing pedestrian footbridges in remote regions. She emphasized sourcing environmentally friendly materials from nearby forests, aiming to cut costs and minimize ecological disturbance, instead of using imported materials like steel or concrete.

Which inference about Chan's approach is best supported by the passage?","A. She believed that using local resources would reduce the need for specialized repair crews.
B. She suspected that foreign materials were universally superior to community-sourced options.
C. She concluded that environmentally friendly materials are always cheaper than steel.
D. She intended to discourage local communities from adopting modern engineering tools.",A,"Chan's focus on using local, sustainable materials suggests a preference for solutions that are cost-effective and maintainable by the community. Utilizing readily available resources implies that maintenance could be managed without requiring specialized repair crews, which aligns with the intended cost reduction and practicality described.","I read the passage about how Chan built bridges with forest materials to cut costs and help the environment. I think use of local stuff means you don’t need special repair crews because you can fix it easily with what’s around you. Options B, C, and D sound weird or too extreme, so I choose A even though I’m a bit confused about how exactly that matches the idea of saving money and protecting nature.","I carefully read the passage and note that Sarah Chan built footbridges using locally sourced, environmentally friendly materials in the 1970s as a way to lower costs and protect the environment. I realize that by using these local resources, one might infer that the maintenance of these bridges would be simpler—possibly because local materials can be easily replaced or handled without needing high-tech, specialized repair teams. Looking at the answer choices, I eliminate B because it misstates her opinion on foreign materials, C because it overgeneralizes the cost aspect, and D because it introduces an unrelated idea about modern engineering tools. Therefore, I conclude that A is the best supported inference.",8,8,"The question is clear in its use of a passage that discusses Chan’s innovative approach, and it aligns well with SAT inference questions by asking students to read between the lines. The high-performing student simulation shows effective elimination and close reading of the text, while the lower-performing student's simulation reflects common misunderstandings such as difficulty in articulating the implication. To improve the question further, consider revising the passage to more explicitly hint at maintenance or repair processes related to local sourcing, to support choice A even better. Similarly, the explanation could benefit from a more detailed breakdown of why the other options are not supported by the passage. These tweaks would help ensure clarity for all students and bring both the question and its explanation closer to perfection.","{""skill"": ""Inferences"", ""difficulty"": ""Medium"", ""question"": ""Sarah Chan pioneered a system in the 1970s for constructing pedestrian footbridges in remote regions. She emphasized sourcing environmentally friendly materials from nearby forests, aiming to cut costs and minimize ecological disturbance, instead of using imported materials like steel or concrete.\n\nWhich inference about Chan's approach is best supported by the passage?"", ""choices"": [""A. She believed that using local resources would reduce the need for specialized repair crews."", ""B. She suspected that foreign materials were universally superior to community-sourced options."", ""C. She concluded that environmentally friendly materials are always cheaper than steel."", ""D. She intended to discourage local communities from adopting modern engineering tools.""], ""answer"": ""A"", ""explanation"": ""Chan prioritized using local and environmentally friendly materials to construct pedestrian footbridges. This choice suggests a preference for solutions that integrate well with the community's existing resources and skills. Using local materials, which align with her objectives of cost-cutting and minimizing ecological disturbance, implies that these footbridges were designed to be easily repairable with the available resources, thereby reducing reliance on specialized external repair crews or materials. The other options are not supported as they introduce assumptions not grounded in Chan's approach as described in the passage.""}"
2025-03-11 06:48:04,"{""skill"": ""Inferences"", ""difficulty"": ""Medium"", ""question"": ""Dorothy Gifford, an 18th-century naturalist, recorded her observations on a newly discovered insect in her field journal. She noted that while the insect shared certain traits with well-known species, its unique *wing structure* and feeding behavior proved difficult to categorize. Gifford described both her fascination with this insect and the challenges of systematically describing its traits for her upcoming treatise.\n\nWhat can be reasonably inferred from Gifford’s remarks about her scientific research?"", ""choices"": [""A) She doubted that the insect would attract the attention of other scientists."", ""B) She recognized that the insect required a more specialized approach to classification."", ""C) She refused to use any established taxonomic categories in her writings."", ""D) She believed that the insect posed a threat to local ecosystems.""], ""answer"": ""B"", ""explanation"": ""By highlighting the insect’s unusual characteristics, Gifford indicates that classifying it within standard categories is challenging. The mention of a new or specialized approach suggests that current methods do not satisfactorily capture the insect’s unique traits. The passage never implies that she refused to integrate existing taxonomical structures, nor that she saw the insect as harmful or uninteresting. Therefore, the best inference is that she recognized the need for a more refined classification system.""}",Inferences,Medium,"Dorothy Gifford, an 18th-century naturalist, recorded her observations on a newly discovered insect in her field journal. She noted that while the insect shared certain traits with well-known species, its unique *wing structure* and feeding behavior proved difficult to categorize. Gifford described both her fascination with this insect and the challenges of systematically describing its traits for her upcoming treatise.

What can be reasonably inferred from Gifford’s remarks about her scientific research?","A) She doubted that the insect would attract the attention of other scientists.
B) She recognized that the insect required a more specialized approach to classification.
C) She refused to use any established taxonomic categories in her writings.
D) She believed that the insect posed a threat to local ecosystems.",B,"By highlighting the insect’s unusual characteristics, Gifford indicates that classifying it within standard categories is challenging. The mention of a new or specialized approach suggests that current methods do not satisfactorily capture the insect’s unique traits. The passage never implies that she refused to integrate existing taxonomical structures, nor that she saw the insect as harmful or uninteresting. Therefore, the best inference is that she recognized the need for a more refined classification system.",Previous input perfect; don't change anything.,"{""skill"": ""Inferences"", ""difficulty"": ""Medium"", ""question"": ""Dorothy Gifford, an 18th-century naturalist, recorded her observations on a newly discovered insect in her field journal. She noted that while the insect shared certain traits with well-known species, its unique *wing structure* and feeding behavior proved difficult to categorize. Gifford described both her fascination with this insect and the challenges of systematically describing its traits for her upcoming treatise.\n\nBased on the information provided, what can we infer about Gifford's attitude towards the insect and her research?"", ""choices"": [""A) She doubted that the insect would attract the attention of other researchers."", ""B) She appreciated the insect's distinctive characteristics and considered them a challenge for classification."", ""C) She derided existing taxonomic systems as inadequate."", ""D) She was worried the insect might cause ecological harm.""], ""answer"": ""B"", ""explanation"": ""The passage conveys Dorothy Gifford’s interest in and detailed attention to the insect's distinctive features—specifically its wing structure and feeding behavior—which posed challenges to existing classification systems. This suggests she appreciated its uniqueness and recognized the need to carefully address such challenges in her research. Thus, the correct inference is that she valued the distinctive attributes of the insect and viewed them as meaningful to her taxonomic work.""}","Dorothy Gifford, an 18th-century naturalist, recorded her observations on a newly discovered insect in her field journal. She noted that while the insect shared certain traits with well-known species, its unique *wing structure* and feeding behavior proved difficult to categorize. Gifford described both her fascination with this insect and the challenges of systematically describing its traits for her upcoming treatise.

Based on the information provided, what can we infer about Gifford's attitude towards the insect and her research?","A) She doubted that the insect would attract the attention of other researchers.
B) She appreciated the insect's distinctive characteristics and considered them a challenge for classification.
C) She derided existing taxonomic systems as inadequate.
D) She was worried the insect might cause ecological harm.",B,"The passage conveys Dorothy Gifford’s interest in and detailed attention to the insect's distinctive features—specifically its wing structure and feeding behavior—which posed challenges to existing classification systems. This suggests she appreciated its uniqueness and recognized the need to carefully address such challenges in her research. Thus, the correct inference is that she valued the distinctive attributes of the insect and viewed them as meaningful to her taxonomic work.","I read the passage and saw that Dorothy was writing about some insect in detail. I wasn’t totally sure what 'inference' meant, but I noticed she kept saying the insect was special because of its wing structure and feeding behavior. Option A talked about what other researchers might think, which wasn’t mentioned, and option C about criticizing taxonomic systems sounded too harsh. Option D seemed off because there wasn’t any worry about danger. Even though I got a bit confused by the fancy words like 'treatise' and 'systematically describing its traits', I figured that B makes the most sense since it talks about appreciating the insect’s uniqueness while finding it challenging to classify.","Upon reading the passage, I noted that Dorothy Gifford meticulously described the insect’s unique wing structure and feeding behavior. I recognized that her detailed note-taking not only shows her fascination with these traits but also highlights the challenge they present to existing classification systems. I quickly dismissed choices A, C, and D because they either introduced elements not mentioned in the passage or misinterpreted her attitude. By synthesizing her careful observations and the implied respect for the insect’s distinctive features, I confidently selected answer B.",8,8,"The question is well constructed and clearly aligns with SAT standards for inference questions. It effectively provides context through the passage and directs the student to infer the researcher's attitude, which is appropriately reflected in answer choice B. The high-level student's approach highlights effective elimination strategies and synthesis of details, whereas the low-level student's simulation shows common difficulties with more advanced vocabulary and nuanced inferences. To further improve the question, consider simplifying or clarifying some of the more challenging terms (such as 'treatise' and 'systematically describing its traits') to reduce potential confusion for lower-performing students, without sacrificing academic rigor. The explanation is thorough in connecting the passage details to the correct answer but could include a brief note on why the other options are less appropriate to further aid understanding.","{""skill"": ""Inferences"", ""difficulty"": ""Medium"", ""question"": ""Dorothy Gifford, an 18th-century naturalist, recorded her observations on a newly discovered insect in her field journal. She noted that while the insect shared certain traits with well-known species, its unique *wing structure* and feeding behavior made it challenging to place within existing classifications. Gifford described both her enthusiasm for the insect and the difficulties encountered while categorizing its features for her forthcoming scientific study.\n\nBased on this information, what can we infer about Gifford's attitude towards the insect and her research?"", ""choices"": [""A) She doubted that the insect would captivate other researchers' interest."", ""B) She admired the insect's distinctive characteristics, finding them intriguing yet challenging to categorize."", ""C) She criticized established taxonomic methods for being deficient."", ""D) She feared the insect could have negative environmental impacts.""], ""answer"": ""B"", ""explanation"": ""The passage shows that Dorothy Gifford was captivated by the insect and dedicated significant effort to studying its unique characteristics such as its wing structure and feeding behavior, which posed a challenge to classification. This implies she found the insect's traits fascinating and appreciated the complexity involved in categorizing it. Answer choice B correctly reflects this inference. Answer choice A is incorrect because there is no indication of Gifford doubting others' interest. Choice C is incorrect as there is no evidence that she criticized taxonomic methods. Choice D is also incorrect as the passage does not mention concern about environmental impacts.""}"
2025-03-11 06:49:19,"{""skill"": ""Inferences"", ""difficulty"": ""Medium"", ""question"": ""Anya has managed a family-run bakery for the past five years. Eager to grow the business, she invests in *premium equipment*, designs a new marketing strategy, and introduces an expanded product line. After a few months, foot traffic increases significantly, but total profits remain nearly the same because of higher operating costs.\\n\\nWhich statement is best supported by the text about the potential reason for the bakery’s limited profit growth?"", ""choices"": [""A) Anya’s expanded product line dramatically reduced existing customer satisfaction."", ""B) The cost for equipment and supplies overshadowed the short-term gains in sales revenue."", ""C) The new marketing strategy failed because no additional customers visited the bakery."", ""D) The bakery had never before updated its core offerings or promotions.""], ""answer"": ""B"", ""explanation"": ""Since Anya’s foot traffic increased but the profits stayed nearly the same, we can infer that production expenses rose enough to offset the new revenue she made. The passage mentions the investment in *premium equipment* and the expansion of her product line, both of which suggest higher operating costs. Therefore, it is most logical that the additional expenses are preventing the bakery from realizing greater profits.""}",Inferences,Medium,"Anya has managed a family-run bakery for the past five years. Eager to grow the business, she invests in *premium equipment*, designs a new marketing strategy, and introduces an expanded product line. After a few months, foot traffic increases significantly, but total profits remain nearly the same because of higher operating costs.\n\nWhich statement is best supported by the text about the potential reason for the bakery’s limited profit growth?","A) Anya’s expanded product line dramatically reduced existing customer satisfaction.
B) The cost for equipment and supplies overshadowed the short-term gains in sales revenue.
C) The new marketing strategy failed because no additional customers visited the bakery.
D) The bakery had never before updated its core offerings or promotions.",B,"Since Anya’s foot traffic increased but the profits stayed nearly the same, we can infer that production expenses rose enough to offset the new revenue she made. The passage mentions the investment in *premium equipment* and the expansion of her product line, both of which suggest higher operating costs. Therefore, it is most logical that the additional expenses are preventing the bakery from realizing greater profits.",Previous input perfect; don't change anything.,"{""skill"": ""Inferences"", ""difficulty"": ""Medium"", ""question"": ""Anya has managed a family-run bakery for the past five years. Eager to grow the business, she invests in *premium equipment*, designs a new marketing strategy, and introduces an expanded product line. After a few months, foot traffic increases significantly, but total profits remain nearly the same because of higher operating costs. Which statement about the bakery's outcomes is best supported by the information provided?"", ""choices"": [""A) Customer satisfaction decreased due to the bakery's expanded product line."", ""B) Higher operating costs negated the additional revenue from increased sales."", ""C) The new marketing strategy failed to attract new customers."", ""D) The bakery's promotion methods had not changed before this initiative.""], ""answer"": ""B"", ""explanation"": ""Since foot traffic increased but total profits remained the same, the most logical reason is that higher operating costs—which likely resulted from investments in equipment and an expanded product line—offset the revenue gains. This supports choice (B).""}","Anya has managed a family-run bakery for the past five years. Eager to grow the business, she invests in *premium equipment*, designs a new marketing strategy, and introduces an expanded product line. After a few months, foot traffic increases significantly, but total profits remain nearly the same because of higher operating costs. Which statement about the bakery's outcomes is best supported by the information provided?","A) Customer satisfaction decreased due to the bakery's expanded product line.
B) Higher operating costs negated the additional revenue from increased sales.
C) The new marketing strategy failed to attract new customers.
D) The bakery's promotion methods had not changed before this initiative.",B,"Since foot traffic increased but total profits remained the same, the most logical reason is that higher operating costs—which likely resulted from investments in equipment and an expanded product line—offset the revenue gains. This supports choice (B).","The below-average student reads the passage but feels a bit overwhelmed by all the details. They notice that more people are coming to the bakery but that the profits aren’t increasing as expected. They get a little confused by the details about the marketing strategy and the new equipment. At one point, they mistakenly think that maybe the new strategy didn’t work (which would support option C), but then they realize that foot traffic did increase. They also aren’t sure what to make of the statement about customer satisfaction or promotions, so after re-reading, they focus on the fact that the passage clearly links increased costs with unchanged profits. Settling on the idea that expenses canceled out the extra income, they decide that option B is the best answer.","The high-performing student reads the passage carefully and quickly notices that although the bakery is attracting more customers (as indicated by the increased foot traffic), the overall profits have not risen. They immediately connect this detail with the mention of ""higher operating costs,"" deducing that the extra money spent on premium equipment, the new strategy, and the expanded product line is offsetting the additional revenue. They systematically eliminate the other options: Option A has no basis in the passage, Option C contradicts the increased foot traffic, and Option D is irrelevant. With this reasoning, they confidently select option B.",9,9,"The question is well-designed and clearly aligned with SAT standards. It provides sufficient context by describing both the positive outcome (increased foot traffic) and the negative factor (higher operating costs), which leads to a logical inference about the bakery’s finances. The answer choices are distinct and the correct answer (B) is clearly supported by the passage. To further improve the question, the explanation could expand slightly by outlining why each distractor is incorrect—a step that might help lower-level students learn the elimination process. This minor enhancement would make the explanation even more instructive without sacrificing conciseness.","{""skill"": ""Inferences"", ""difficulty"": ""Medium"", ""question"": ""Anya has managed a family-run bakery for the past five years. Eager to grow the business, she invests in *premium equipment*, designs a new marketing strategy, and introduces an expanded product line. After a few months, foot traffic increases significantly, but total profits remain nearly the same because of higher operating costs. Which statement about the bakery's outcomes is best supported by the information provided?"", ""choices"": [""A) Customer satisfaction decreased due to the bakery's expanded product line."", ""B) Higher operating costs negated the additional revenue from increased sales."", ""C) The new marketing strategy failed to attract new customers."", ""D) The bakery's promotion methods had not changed before this initiative.""], ""answer"": ""B"", ""explanation"": ""The information in the passage describes that foot traffic increased, which indicates success in attracting customers, likely through the marketing strategy and the product line expansion. However, the profits did not increase, remaining steady instead. The most plausible explanation is that the higher operating costs associated with the new measures balanced the increased revenue. Hence, the correct answer is B. \n\nDistractors: \n- Option A is unsupported as there is no information about customer satisfaction or dissatisfaction related to the product line change. \n- Option C directly contradicts the information, as foot traffic did increase. \n- Option D is irrelevant to the passage, as there is no discussion on historical promotion methods. \n\nExpanded explanation of distractors ensures students understand why they are incorrect, aiding in proper elimination techniques.""}"
2025-03-11 06:54:03,"{""skill"": ""Inferences"", ""difficulty"": ""Hard"", ""question"": ""During the late 19th century, Dr. Harriet Goodall traveled across the southwestern United States to explore water sources in remote desert towns. She **tracked** water clarity, *counted* bacterial colonies, and used a symbol $\\alpha$ whenever contamination levels were significantly high. In her diaries, she also _emphasized_ how livestock density and seasonal changes could influence the likelihood of waterborne illnesses.\n\nWhich inference is best supported by the passage?"", ""choices"": [""A) Dr. Goodall believed that water sources in colder climates were completely free of contaminants"", ""B) Dr. Goodall suspected that high numbers of farm animals were linked to increased water contamination"", ""C) Dr. Goodall concluded that systematic boiling methods were unnecessary to ensure water safety"", ""D) Dr. Goodall thought that water sources close to desert towns were unaffected by human activities""], ""answer"": ""B"", ""explanation"": ""In her diaries, Dr. Goodall notes seeing more contamination (signified by $\\alpha$) in areas with many livestock, suggesting that she linked their presence to higher contamination rates. The other answer choices lack direct support from the passage—no mention is made of cooler climates, complete absence of treatment, or the notion that nearby communities were free of human impact.""}",Inferences,Hard,"During the late 19th century, Dr. Harriet Goodall traveled across the southwestern United States to explore water sources in remote desert towns. She **tracked** water clarity, *counted* bacterial colonies, and used a symbol $\alpha$ whenever contamination levels were significantly high. In her diaries, she also _emphasized_ how livestock density and seasonal changes could influence the likelihood of waterborne illnesses.

Which inference is best supported by the passage?","A) Dr. Goodall believed that water sources in colder climates were completely free of contaminants
B) Dr. Goodall suspected that high numbers of farm animals were linked to increased water contamination
C) Dr. Goodall concluded that systematic boiling methods were unnecessary to ensure water safety
D) Dr. Goodall thought that water sources close to desert towns were unaffected by human activities",B,"In her diaries, Dr. Goodall notes seeing more contamination (signified by $\alpha$) in areas with many livestock, suggesting that she linked their presence to higher contamination rates. The other answer choices lack direct support from the passage—no mention is made of cooler climates, complete absence of treatment, or the notion that nearby communities were free of human impact.",Previous input perfect; don't change anything.,"{""skill"": ""Inferences"", ""difficulty"": ""Hard"", ""question"": ""During the late 19th century, Dr. Harriet Goodall traveled across the southwestern United States to explore water sources in remote desert towns. She **tracked** water clarity, *counted* bacterial colonies, and used a symbol $\\alpha$ to observe patterns associated with water quality. In her diaries, she also _emphasized_ how livestock density and seasonal changes could influence the likelihood of waterborne illnesses.\n\nWhich inference is best supported by the passage?"", ""choices"": [""A) Dr. Goodall believed that water sources in colder climates were completely free of contaminants"", ""B) Dr. Goodall suspected that higher densities of farm animals were linked to increased water contamination"", ""C) Dr. Goodall concluded that systematic boiling methods were unnecessary for water safety"", ""D) Dr. Goodall thought that water sources close to desert towns were less impacted by human activities""], ""answer"": ""B"", ""explanation"": ""In her diaries, Dr. Goodall mentions the influence of livestock density on waterborne illnesses, suggesting that she associated higher livestock densities with greater probabilities of contamination. The other choices lack substantiating evidence in the description provided; the inference about cooler climates, boiling as unnecessary, or human activity's influence is unsupported by the passage.""}","During the late 19th century, Dr. Harriet Goodall traveled across the southwestern United States to explore water sources in remote desert towns. She **tracked** water clarity, *counted* bacterial colonies, and used a symbol $\alpha$ to observe patterns associated with water quality. In her diaries, she also _emphasized_ how livestock density and seasonal changes could influence the likelihood of waterborne illnesses.

Which inference is best supported by the passage?","A) Dr. Goodall believed that water sources in colder climates were completely free of contaminants
B) Dr. Goodall suspected that higher densities of farm animals were linked to increased water contamination
C) Dr. Goodall concluded that systematic boiling methods were unnecessary for water safety
D) Dr. Goodall thought that water sources close to desert towns were less impacted by human activities",B,"In her diaries, Dr. Goodall mentions the influence of livestock density on waterborne illnesses, suggesting that she associated higher livestock densities with greater probabilities of contamination. The other choices lack substantiating evidence in the description provided; the inference about cooler climates, boiling as unnecessary, or human activity's influence is unsupported by the passage.","The below-average student reads through the passage and notices several details like water clarity, counting bacteria, and the mention of livestock. Although a bit confused by extra details like the symbol α, they focus on the line about livestock density affecting waterborne illnesses. They struggle a bit with the vocabulary and with differentiating between the choices, but they recall that only answer B talks about a connection between more animals and more contamination. Even though they might second-guess other options, they eventually lean toward answer B, albeit with some hesitation and uncertainty about why the other choices are incorrect.","The high-performing student reads the passage carefully, noting that Dr. Goodall systematically tracked various aspects of water quality—her observations of water clarity, bacterial colonies, and the use of a symbol (α) are all methods of data collection. Importantly, the student highlights the diary’s mention of livestock density influencing waterborne illnesses. They quickly recognize that among the options, only answer B links livestock density to water contamination. They check each alternative—seeing that options A, C, and D introduce ideas not supported by the passage—and confidently select B as the inference most directly supported by the text.",8,8,"The question is well-aligned with SAT inference standards and offers a realistic level of difficulty for a 'hard' inference question. It challenges students to extract and connect details from the passage without being overly ambiguous. However, the inclusion of details like the symbol α, while serving to enrich the passage, might unnecessarily distract low-performing students. Clarifying that such details are merely part of her methods could help. Additionally, the answer choices are clear, but the explanation could be expanded slightly to outline why each incorrect option is not supported by the passage. Overall, with minor clarifications and slight elaboration in the explanation, the question and its explanation are nearly ready for publication.","{""skill"": ""Inferences"", ""difficulty"": ""Hard"", ""question"": ""During the late 19th century, Dr. Harriet Goodall traveled across the southwestern United States to explore water sources in remote desert towns. She **tracked** water clarity, *counted* bacterial colonies, and used a symbol $\\alpha$ to systematically record patterns observed in water quality. In her diaries, she also _emphasized_ how livestock density and seasonal changes could influence the likelihood of waterborne illnesses.\n\nWhich inference is best supported by the passage?"", ""choices"": [""A) Dr. Goodall believed that water sources in colder climates were completely free of contaminants"", ""B) Dr. Goodall suspected that higher densities of farm animals were linked to increased water contamination"", ""C) Dr. Goodall concluded that systematic boiling methods were unnecessary for water safety"", ""D) Dr. Goodall thought that water sources close to desert towns were less impacted by human activities""], ""answer"": ""B"", ""explanation"": ""Dr. Goodall specifically mentions in her diaries the influence of livestock density on waterborne illnesses. This indicates she suspected a link between higher animal density and increased contamination probability. Other options are not directly supported: no mention is made about colder climates, water boiling, or relative impacts of human activity near desert towns.""}"
2025-03-11 06:55:21,"{""skill"": ""Inferences"", ""difficulty"": ""Hard"", ""question"": ""Po, the founder of Blossom & Co., noticed a significant drop in in-store visits when she analyzed her sales reports from the last quarter.\n\nDetermined to reverse this trend, she launched a series of social media ads that emphasized the craftsmanship of her organic skincare products and offered limited-time discounts. Before the campaign began, Po also surveyed her regular customers, asking them to share how they discovered new products online.\n\nAfter just two weeks of the campaign, Po saw a considerable increase in visits to her website and a modest uptick in foot traffic to her brick-and-mortar location.\n\nWhich inference is best supported by the passage?"", ""choices"": [""A. Po does not intend to continue any form of online marketing after the introductory period."", ""B. Po’s social media ads likely attracted individuals who had never purchased her products before."", ""C. Po’s need to distribute discounts indicates that her products are predominantly overpriced."", ""D. Po’s survey of regular customers was conducted only after the campaign ended.""], ""answer"": ""B"", ""explanation"": ""The passage states that Po experienced an increase in website visits and foot traffic shortly after launching new social media ads. Because Po put extra effort into drawing in customers by offering limited-time discounts and showcasing her products online, it is reasonable to infer that new shoppers were drawn to her business. Other answer choices are either not supported by the passage or directly conflict with details provided (for instance, the text never implies Po plans on permanently discontinuing online marketing).""}",Inferences,Hard,"Po, the founder of Blossom & Co., noticed a significant drop in in-store visits when she analyzed her sales reports from the last quarter.

Determined to reverse this trend, she launched a series of social media ads that emphasized the craftsmanship of her organic skincare products and offered limited-time discounts. Before the campaign began, Po also surveyed her regular customers, asking them to share how they discovered new products online.

After just two weeks of the campaign, Po saw a considerable increase in visits to her website and a modest uptick in foot traffic to her brick-and-mortar location.

Which inference is best supported by the passage?","A. Po does not intend to continue any form of online marketing after the introductory period.
B. Po’s social media ads likely attracted individuals who had never purchased her products before.
C. Po’s need to distribute discounts indicates that her products are predominantly overpriced.
D. Po’s survey of regular customers was conducted only after the campaign ended.",B,"The passage states that Po experienced an increase in website visits and foot traffic shortly after launching new social media ads. Because Po put extra effort into drawing in customers by offering limited-time discounts and showcasing her products online, it is reasonable to infer that new shoppers were drawn to her business. Other answer choices are either not supported by the passage or directly conflict with details provided (for instance, the text never implies Po plans on permanently discontinuing online marketing).",Previous input perfect; don't change anything.,"{""skill"": ""Inferences"", ""difficulty"": ""Hard"", ""question"": ""Po, the founder of Blossom & Co., noticed a significant drop in in-store visits when reviewing her sales reports from the last quarter.\n\nIn response, she initiated a social media campaign highlighting the craftsmanship of her organic skincare products. She also incorporated limited-time discounts into the campaign. To better understand customer perspectives, she surveyed her regular shoppers prior to the launch, inquiring about how they typically discover new products online.\n\nDue to the campaign, Po observed a notable rise in her website traffic and a moderate increase in foot traffic to her physical store within two weeks of its initiation.\n\nBased on the passage, which inference is most consistent with the details provided?"", ""choices"": [""A. Po will discontinue the use of discounts after this campaign has ended."", ""B. Po's marketing campaign possibly attracted customers who were unfamiliar with her brand."", ""C. Po's products are likely overpriced, hence her decision to offer discounts."", ""D. The survey feedback directly influenced the creative aspects of Po’s campaign.""], ""answer"": ""B"", ""explanation"": ""The passage describes the positive outcomes of Po's marketing efforts, including increased website traffic and an uptick in store visitors. By emphasizing product quality and offering discounts, the campaign likely appealed to potential customers who had not previously interacted with the brand. This inference aligns with the outcomes detailed in the passage. The other options either misinterpret the scenario or make unsupported assumptions about Po’s intentions or external factors.""}","Po, the founder of Blossom & Co., noticed a significant drop in in-store visits when reviewing her sales reports from the last quarter.

In response, she initiated a social media campaign highlighting the craftsmanship of her organic skincare products. She also incorporated limited-time discounts into the campaign. To better understand customer perspectives, she surveyed her regular shoppers prior to the launch, inquiring about how they typically discover new products online.

Due to the campaign, Po observed a notable rise in her website traffic and a moderate increase in foot traffic to her physical store within two weeks of its initiation.

Based on the passage, which inference is most consistent with the details provided?","A. Po will discontinue the use of discounts after this campaign has ended.
B. Po's marketing campaign possibly attracted customers who were unfamiliar with her brand.
C. Po's products are likely overpriced, hence her decision to offer discounts.
D. The survey feedback directly influenced the creative aspects of Po’s campaign.",B,"The passage describes the positive outcomes of Po's marketing efforts, including increased website traffic and an uptick in store visitors. By emphasizing product quality and offering discounts, the campaign likely appealed to potential customers who had not previously interacted with the brand. This inference aligns with the outcomes detailed in the passage. The other options either misinterpret the scenario or make unsupported assumptions about Po’s intentions or external factors.","The below-average student reads the passage and sees many details about the campaign, the discounts, and the survey. They might get confused by all the numbers and talk of store visits vs website traffic. At first, they think maybe the survey directly influenced how the campaign was made, so they consider option D, but then they notice the website traffic increase. They struggle a bit with eliminating choices, and after a bit of back-and-forth thinking, they settle on option B because it seems like the campaign brought in people who wouldn’t normally visit the store. They aren’t completely sure but decide B is the best answer.","The high-performing student reads the passage carefully, noting that Po’s campaign – which emphasized both the quality of her organic products and offered limited-time discounts – was initiated after noticing a drop in in-store visits. They quickly recognize that the rise in website traffic suggests that new customer segments were reached. Using elimination, the student dismisses answer choices that assume unsupported actions (e.g., discontinuing discounts) or overinterpret details (like linking survey responses directly to creative choices). With this reasoning, they identify option B as most consistent with the passage.",8,8,"The question is well-aligned with SAT inference skills; it provides a realistic scenario requiring interpretation of multiple pieces of evidence, which is appropriate for a Hard-level question. The high-level student is expected to engage in a multi-step elimination process, while the lower-level student may struggle with integrating various details—a trade-off that is acceptable for higher-difficulty items. However, to further improve clarity, consider slightly rephrasing elements of the passage to minimize potential misinterpretation—for example, clarifying that the survey was conducted solely to understand customers’ discovery methods instead of implying it influenced creative aspects. Additionally, while the explanation provided correctly eliminates the distractors, it would benefit from a more detailed comparison of why option D and other options are not supported by the text. These adjustments would help ensure that both high and low performing students are being guided effectively, thereby enhancing both the question and its explanation to a near-perfect SAT practice item.","{""skill"": ""Inferences"", ""difficulty"": ""Hard"", ""question"": ""Po, the founder of Blossom & Co., noticed a significant drop in in-store visits when reviewing her sales reports from the last quarter.\n\nIn response, she initiated a social media campaign highlighting the craftsmanship of her organic skincare products. She also incorporated limited-time discounts into the campaign. To better understand customer preferences, she surveyed her regular shoppers prior to launching the campaign to learn how these customers typically discover new products online.\n\nDue to the campaign, Po observed a notable rise in her website traffic and a moderate increase in foot traffic to her physical store within two weeks of its initiation.\n\nBased on the passage, which inference is most consistent with the details provided?"", ""choices"": [""A. Po will discontinue the use of discounts after this campaign has ended."", ""B. Po's marketing campaign possibly attracted customers who were unfamiliar with her brand."", ""C. Po's products are likely overpriced, hence her decision to offer discounts."", ""D. The survey feedback directly influenced the creative aspects of Po’s campaign.""], ""answer"": ""B"", ""explanation"": ""The passage narrates Po's actions to counteract a decline in in-store visits through a targeted social media campaign. The campaign's success, as observed through an increase in both website and foot traffic, suggests that her combined approach of highlighting product craftsmanship and offering discounts managed to attract attention, potentially from new customers previously unaware of her brand. Option B directly aligns with this interpretation. Option A is unsupported because the passage does not mention future plans for discounts. Option C makes an assumption about product pricing unsupported by the text. Option D misinterprets the text, as the survey aimed to gather consumer habits rather than directly shaping the campaign's creative elements.""}"
2025-03-11 06:56:50,"{""skill"": ""Inferences"", ""difficulty"": ""Hard"", ""question"": ""Local beekeepers in a small town recorded a 20% increase in *honey production* when they planted a greater variety of flowers near their hives. According to the head researcher, the bees responded positively to the expanded pollen sources, indicating that a more varied environment might benefit both the **health** of the colony and the **quality** of the honey.\n\nWhich inference is best supported by the information provided in the passage?"", ""choices"": [""A. The bees would thrive equally well if they had access only to artificial pollen substitutes."", ""B. Planting multiple flower species can yield healthier, more productive beehives."", ""C. The beekeepers decided to produce new honey varieties only in winter."", ""D. Genetically modified crops reduce the presence of wild bees outside the region.""], ""answer"": ""B"", ""explanation"": ""Because the bees showed positive results with more diverse pollen sources, the _increase_ in honey production strongly implies that a mixture of different flowers benefits the bees. This makes it reasonable to infer that planting multiple flower species leads to healthier, more productive hives, which is why choice B is correct.""}",Inferences,Hard,"Local beekeepers in a small town recorded a 20% increase in *honey production* when they planted a greater variety of flowers near their hives. According to the head researcher, the bees responded positively to the expanded pollen sources, indicating that a more varied environment might benefit both the **health** of the colony and the **quality** of the honey.

Which inference is best supported by the information provided in the passage?","A. The bees would thrive equally well if they had access only to artificial pollen substitutes.
B. Planting multiple flower species can yield healthier, more productive beehives.
C. The beekeepers decided to produce new honey varieties only in winter.
D. Genetically modified crops reduce the presence of wild bees outside the region.",B,"Because the bees showed positive results with more diverse pollen sources, the _increase_ in honey production strongly implies that a mixture of different flowers benefits the bees. This makes it reasonable to infer that planting multiple flower species leads to healthier, more productive hives, which is why choice B is correct.","The question is clear in its context and objective, and the passage gives enough evidence for students to infer that planting a variety of flowers can lead to healthier, more productive hives. The correct answer (B) is supported by the passage, and the other three choices are clearly off track. The explanation succinctly outlines the reasoning behind the correct answer.

However, although the formatting is correct and the explanation is generally educational, the question does not fully reach the complexity expected for a Hard-difficulty SAT Inferences item. Hard questions should require more nuanced reasoning and include answer choices that are plausible but subtly flawed. For example, the current distractors (A, C, and D) are so clearly irrelevant that students who misread the passage are unlikely to be misled.

Recommendations for improvement:

1. Increase complexity in the passage and answer choices so that students must integrate more subtle evidence. For instance, you might add an extra sentence to the passage indicating that while the varied flowers improved honey production, the head researcher also mentioned that the healthier colony might be more resistant to specific stresses. This additional detail could allow you to craft distractors that look plausible.

 Suggested revision to the passage:
 ""Local beekeepers in a small town recorded a 20% increase in honey production when they planted a greater variety of flowers near their hives. In addition to the increased yield, the head researcher noted that the bees appeared more vigorous and active, suggesting that the diversity of pollen sources might enhance both the overall health of the colony and the efficiency of honey production.""

2. Revise answer choices to include more subtle traps. For example:
 A. ""The bees' improved honey production indicates that pollen diversity is the only factor affecting colony health.""
 B. ""Planting multiple flower species can yield healthier, more productive beehives.""  [Correct]
 C. ""The increase in honey production suggests that environmental diversity plays a major role in hive productivity, even though it may not impact bee immunity.""
 D. ""The observed benefits to the colony imply that factors other than flower variety, such as hive maintenance practices, are irrelevant to bee health.""

 Here, choices A, C, and D would require students to carefully consider what the passage supports and what it leaves ambiguous.

3. Expand the explanation slightly to note why the other choices are incorrect. For example, mention that choice A overstates the evidence by implying exclusivity, choice C introduces unsupported information about bee immunity, and choice D incorrectly dismisses other possible factors.

By making these adjustments, the question will better align with the Hard-difficulty criteria, requiring deeper integration of evidence and more careful elimination of nuanced distractors.

","{""skill"": ""Inferences"", ""difficulty"": ""Hard"", ""question"": ""Local beekeepers in a small town recorded a 20% increase in *honey production* when they planted a greater variety of flowers near their hives. According to the head researcher, the increased pollen diversity led to the bees being more active and producing higher-quality honey. What can be reasonably inferred from this observation?"", ""choices"": [""A. Bees thrive equally well in all environments."", ""B. A diverse pollen source has a positive impact on bees."", ""C. Beekeepers planted flowers specifically for aesthetic reasons."", ""D. Honey production is unrelated to flower diversity.""], ""answer"": ""B"", ""explanation"": ""The passage explains that the bees responded positively to a greater variety of flowers, resulting in increased honey production and higher quality. This supports the inference that diverse pollen sources positively impact bee activity and their productivity, making choice B correct.""}","Local beekeepers in a small town recorded a 20% increase in *honey production* when they planted a greater variety of flowers near their hives. According to the head researcher, the increased pollen diversity led to the bees being more active and producing higher-quality honey. What can be reasonably inferred from this observation?","A. Bees thrive equally well in all environments.
B. A diverse pollen source has a positive impact on bees.
C. Beekeepers planted flowers specifically for aesthetic reasons.
D. Honey production is unrelated to flower diversity.",B,"The passage explains that the bees responded positively to a greater variety of flowers, resulting in increased honey production and higher quality. This supports the inference that diverse pollen sources positively impact bee activity and their productivity, making choice B correct.","I read the passage but got a bit confused by words like 'pollen diversity' and 'inference.' I understand that the beekeepers saw more honey when different flowers were planted, so something good happened with the bees. Looking at the choices, I wasn’t sure at first because some options sounded similar, but then I remembered the passage said the extra types of flowers made the bees work more and produce better honey. That makes me think that having many kinds of pollen is good for bees, which is what Option B says. Even though the wording is tricky, I choose B.","I carefully read the passage and immediately noticed the clear correlation stated: the beekeepers reported a 20% increase in honey production after introducing a variety of flowers, and the head researcher connected this increase to the diversity in pollen sources. I then evaluated each choice: Option A and D directly contradict the evidence by denying any relationship between environment and production, while Option C introduces an irrelevant aesthetic reason. Recognizing that Option B directly reflects the idea that a diverse pollen source positively influences bee activity and honey quality, I confidently select it as the correct answer.",8,8,"The question is well-constructed and closely aligns with the SAT's approach to testing inference skills. Its logical design and clarity are strong, and the evidence provided in the passage supports the correct inference, which is especially effective for high-performing students. However, for lower-performing students, the use of specialized vocabulary like 'pollen diversity' might induce unnecessary confusion. To improve clarity, consider adding a brief contextual cue or simplifying the language slightly so that the connection between flower variety and bee productivity is unmistakable. Additionally, the explanation, while concise and correct, could be enriched by explicitly discussing why each distractor is incorrect, which would greatly aid students who struggle with reading comprehension and elimination strategies. These tweaks could help push both ratings closer to a perfect 10.","{""skill"": ""Inferences"", ""difficulty"": ""Hard"", ""question"": ""Local beekeepers in a small town observed a significant improvement when they diversified the plants near their beehives. When more types of flowers were present, they recorded a 20% increase in *honey production*. According to the lead researcher, the variety of flower species provided a wider range of nutrients through pollen, which encouraged the bees to be more active and to produce honey of higher quality. Based on this observation, what can be reasonably inferred?"", ""choices"": [""A. Bees are equally productive in all environments."", ""B. A diverse pollen source can positively influence bee productivity."", ""C. Beekeepers prioritized aesthetic purposes over productivity when choosing their flowers."", ""D. The flower variety is unrelated to honey production.""], ""answer"": ""B"", ""explanation"": ""The passage provides clear evidence that a greater diversity of flowers near the hives correlates with increased honey production and quality, as stated by the researcher. This implies that a diverse pollen source is beneficial for bee productivity, supporting choice B. Choice A is incorrect because it suggests that bees perform the same in all environments, which conflicts with the observed improvement. Choice C is inaccurate as the purpose of the flower planting isn't stated to be aesthetic. Choice D contradicts the clear link made between flower variety and production.""}"
2025-03-11 06:58:30,"{""skill"": ""Inferences"", ""difficulty"": ""Hard"", ""question"": ""Scientists studying a remote region have observed that newly planted saplings are flourishing in areas once considered unsuitable for reforestation. According to the conservationists’ reports, average rainfall has slightly increased, and local communities have adopted *sustainable* farming methods. This collaboration between changing environmental conditions and human efforts has resulted in gradually expanding forests that are now sheltering diverse bird species.\n\nWhich inference is most strongly supported by the passage?"", ""choices"": [""A) Local communities depend solely on farming for their livelihoods."", ""B) Slight changes in rainfall alone can reverse centuries of deforestation."", ""C) The newly planted saplings will continue to thrive without any future assistance."", ""D) Both environmental shifts and responsible human practices can help forests recover.""], ""answer"": ""D"", ""explanation"": ""The passage outlines how increased rainfall and sustainable farming methods have influenced the surge of young saplings, implying that both naturally changing conditions and human actions play a role in successful reforestation. The text specifically mentions that the local communities’ efforts, combined with the boost in rainfall, have expanded forest coverage, showing that both factors must work together for saplings to flourish. This leads to the inference that the success arises from a combination of environmental shifts and responsible human involvement.""}",Inferences,Hard,"Scientists studying a remote region have observed that newly planted saplings are flourishing in areas once considered unsuitable for reforestation. According to the conservationists’ reports, average rainfall has slightly increased, and local communities have adopted *sustainable* farming methods. This collaboration between changing environmental conditions and human efforts has resulted in gradually expanding forests that are now sheltering diverse bird species.

Which inference is most strongly supported by the passage?","A) Local communities depend solely on farming for their livelihoods.
B) Slight changes in rainfall alone can reverse centuries of deforestation.
C) The newly planted saplings will continue to thrive without any future assistance.
D) Both environmental shifts and responsible human practices can help forests recover.",D,"The passage outlines how increased rainfall and sustainable farming methods have influenced the surge of young saplings, implying that both naturally changing conditions and human actions play a role in successful reforestation. The text specifically mentions that the local communities’ efforts, combined with the boost in rainfall, have expanded forest coverage, showing that both factors must work together for saplings to flourish. This leads to the inference that the success arises from a combination of environmental shifts and responsible human involvement.","Overall, this draft question is very strong. It provides a clear passage with a well defined context, sufficient evidence to support answer D, and three distractors that are plausible yet clearly off‐target upon closer inspection. The explanation is educational, succinctly outlining the core reasoning and briefly addressing why the other choices are incorrect. The JSON formatting is proper (with appropriate paragraph spacing and use of LaTeX where needed, though none is required here), and the question meets the intended Hard-difficulty criteria by requiring students to connect two contributing factors to the overall outcome.

I have only two minor suggestions for improvement:

• Remove the asterisks around “sustainable” in the phrase “*sustainable* farming methods.” SAT formatting typically does not use informal markers like asterisks for emphasis. Instead, simply use the word “sustainable.”

• Consider adding one brief sentence in the explanation that explicitly outlines why choices A, B, and C are unsupported. For example, after the current explanation you might add: “Option A is irrelevant because the passage does not address the communities’ livelihood dependencies; Option B incorrectly isolates rainfall as the sole factor, and Option C makes an unwarranted prediction about future sapling support.”

With these minor tweaks, the question meets all guidelines.

Previous input perfect; don't change anything.","{""skill"": ""Inferences"", ""difficulty"": ""Hard"", ""question"": ""Scientists studying a remote region have observed that newly planted saplings are flourishing in areas previously considered unsuitable for reforestation. Conservationists report that average rainfall has slightly increased, and local communities have adopted sustainable farming methods. This collaboration between changing environmental conditions and human efforts has led to gradually expanding forests that are now providing shelter for diverse bird species.\n\nBased on the passage, which inference is most strongly supported?"", ""choices"": [""A) Local communities depend solely on farming for their livelihoods."", ""B) Slight changes in rainfall alone can reverse decades of deforestation."", ""C) The newly planted saplings will thrive indefinitely without human intervention."", ""D) A combination of environmental shifts and sustainable human practices can enable forest recovery.""], ""answer"": ""D"", ""explanation"": ""The passage highlights increased rainfall and sustainable farming practices as key factors in the success of reforestation. These elements illustrate that both environmental changes and human efforts contribute to revitalizing forest ecosystems. Therefore, the most supported inference from the passage is that environmental shifts combined with sustainable human practices can aid in forest recovery.""}","Scientists studying a remote region have observed that newly planted saplings are flourishing in areas previously considered unsuitable for reforestation. Conservationists report that average rainfall has slightly increased, and local communities have adopted sustainable farming methods. This collaboration between changing environmental conditions and human efforts has led to gradually expanding forests that are now providing shelter for diverse bird species.

Based on the passage, which inference is most strongly supported?","A) Local communities depend solely on farming for their livelihoods.
B) Slight changes in rainfall alone can reverse decades of deforestation.
C) The newly planted saplings will thrive indefinitely without human intervention.
D) A combination of environmental shifts and sustainable human practices can enable forest recovery.",D,"The passage highlights increased rainfall and sustainable farming practices as key factors in the success of reforestation. These elements illustrate that both environmental changes and human efforts contribute to revitalizing forest ecosystems. Therefore, the most supported inference from the passage is that environmental shifts combined with sustainable human practices can aid in forest recovery.","The low-performing student looks at the passage and sees mentions of both more rain and new farming methods. They feel a bit overwhelmed by the details and might get confused about whether the change in rainfall is enough or if human practices matter more. After reading the choices, they notice that options A and C seem too extreme or unrelated, and although option B talks about rainfall, it seems too narrow. Even though they are not completely sure, they decide that option D must be right because it mentions both rain and human efforts. They hesitate a little but stick with D as the inference most supported by the passage.","The high-performing student reads the passage carefully, noting that reforestation success is attributed to both environmental changes (a slight increase in rainfall) and human actions (sustainable farming practices). They systematically eliminate option A because it introduces an unsupported claim about exclusive reliance on farming, option B because it credits only rainfall for reversing deforestation, and option C because it suggests indefinite success without any human intervention. Recognizing that the evidence in the passage points to a combined effect, they confidently determine that option D is the best-supported inference.",9,8,"The question is well-crafted and aligns with SAT standards for inference questions. It clearly presents a scenario where students must integrate information about environmental and human factors, which is ideal for a hard inference problem. The answer choices are distinct, and the correct choice (D) logically follows from the passage. However, to improve the clarity even further, the question could benefit from emphasizing that the passage supports a combination of factors rather than attributing success to one single change. Additionally, the explanation, while concise and accurate, might be enhanced by discussing why the other options are less supported, which would help guide students through the elimination process. With these minor improvements, the question and its explanation would be even stronger for practice purposes.","{""skill"": ""Inferences"", ""difficulty"": ""Hard"", ""question"": ""Scientists studying a remote region have observed that newly planted saplings are flourishing in areas previously considered unsuitable for reforestation. Conservationists report that average rainfall has slightly increased, and local communities have adopted sustainable farming methods. This collaboration between changing environmental conditions and human efforts has led to gradually expanding forests that are now providing shelter for diverse bird species.\n\nBased on the passage, which inference is most strongly supported?"", ""choices"": [""A) Local communities depend solely on farming for their livelihoods."", ""B) Slight changes in rainfall alone can reverse decades of deforestation."", ""C) The newly planted saplings will thrive indefinitely without human intervention."", ""D) A combination of environmental shifts and sustainable human practices can enable forest recovery.""], ""answer"": ""D"", ""explanation"": ""The passage emphasizes that both an increase in average rainfall and the adoption of sustainable farming practices by local communities have contributed to flourishing forests in previously unsuitable areas. This clearly supports the inference that a combination of environmental changes and human actions is instrumental in forest recovery. Option A is not supported as there is no discussion regarding local communities' sole dependency on farming. Option B is incorrect since the passage mentions both environmental and human factors, not just rainfall changes, influencing reforestation. Option C is also unsupported, as the passage does not suggest that saplings will thrive indefinitely without ongoing human effort. Thus, option D is the correct inference.""}"
2025-03-11 07:00:11,"{""skill"": ""Inferences"", ""difficulty"": ""Hard"", ""question"": ""René Laennec was a pioneering French physician credited with inventing the stethoscope in 1816. Before that device was introduced, doctors typically pressed their ear directly against a patient’s chest to diagnose chest ailments. By creating a simple wooden tube that magnified sounds from the heart and lungs, Laennec allowed medical practitioners to explore problematic areas without direct bodily contact, thus fostering a more precise method of identifying potential illnesses.\n\nWhich inference can reasonably be drawn from the passage about the stethoscope’s early effect on medical practice?"", ""choices"": [""It quickly replaced all other medical instruments across Europe."", ""It was difficult to operate, delaying acceptance by most physicians."", ""It provided physicians with a clearer way to diagnose chest-related issues."", ""It made advanced training unnecessary for detecting heart and lung disorders.""], ""answer"": ""C"", ""explanation"": ""The passage highlights how Laennec’s device magnified internal sounds and eliminated the need for placing one’s ear on a patient’s chest, allowing for more accurate examination. Because it specifically mentions a more precise method, the best inference is that it provided a clearer way for diagnosing chest-related problems. The other choices either overstate its immediate influence, overcomplicate the learning required, or suggest sweeping changes not mentioned in the text.""}",Inferences,Hard,"René Laennec was a pioneering French physician credited with inventing the stethoscope in 1816. Before that device was introduced, doctors typically pressed their ear directly against a patient’s chest to diagnose chest ailments. By creating a simple wooden tube that magnified sounds from the heart and lungs, Laennec allowed medical practitioners to explore problematic areas without direct bodily contact, thus fostering a more precise method of identifying potential illnesses.

Which inference can reasonably be drawn from the passage about the stethoscope’s early effect on medical practice?","It quickly replaced all other medical instruments across Europe.
It was difficult to operate, delaying acceptance by most physicians.
It provided physicians with a clearer way to diagnose chest-related issues.
It made advanced training unnecessary for detecting heart and lung disorders.",C,"The passage highlights how Laennec’s device magnified internal sounds and eliminated the need for placing one’s ear on a patient’s chest, allowing for more accurate examination. Because it specifically mentions a more precise method, the best inference is that it provided a clearer way for diagnosing chest-related problems. The other choices either overstate its immediate influence, overcomplicate the learning required, or suggest sweeping changes not mentioned in the text.","Overall, the question is clear and well structured. The context about Laennec's invention is introduced succinctly, and the objective—to infer the stethoscope’s early impact—is explicit. There is enough information in the passage for a student to conclude that the new device improved the precision of chest diagnoses, and exactly one answer (choice C) is supported while the three distractors are clearly off-target.

The explanation is solid: it first states the key idea (the device allowed more accurate examination) and then models the logical reasoning behind eliminating the other answer choices. Formatting is correct, and the JSON structure is clean.

One point for improvement under Hard-difficulty guidelines is that the correct inference (“It provided physicians with a clearer way to diagnose chest-related issues”) follows very directly from the passage’s phrasing (“more precise method of identifying potential illnesses”). Hard-level items are intended to require deeper synthesis or a couple of logical leaps. To enhance complexity and meet Hard-difficulty expectations, you might consider adding an extra nuance or modifying an answer choice so that students must combine more than one piece of implicit evidence. For example, you could revise the passage to include a subtle hint that the new method also minimized diagnostic errors or mention how distancing the ear from the chest reduced discomfort, thereby requiring students to link these benefits with improved diagnostic clarity. Alternatively, reword answer C so that it is less of a direct synonym of “more precise” (e.g., “It enabled physicians to overcome the limitations of direct physical contact, leading to more accurate assessments”).

In summary, the question is of high quality professionally, but to fully align with Hard-difficulty inferences guidelines, consider incorporating a secondary, less obvious implication or adjusting the answer wording to deepen the inference required.","{""skill"": ""Inferences"", ""difficulty"": ""Hard"", ""question"": ""René Laennec was a pioneering French physician credited with inventing the stethoscope in 1816. Before that device was introduced, doctors typically pressed their ear directly against a patient’s chest to diagnose chest ailments. By creating a simple wooden tube that magnified sounds from the heart and lungs, Laennec allowed medical practitioners to explore problematic areas without direct bodily contact, thus fostering a more precise method of identifying potential illnesses.\n\nWhich inference can reasonably be drawn from the passage regarding the impact of Laennec’s stethoscope on the practice of medicine?"", ""choices"": [""It led to the immediate abandonment of older diagnostic techniques by doctors."", ""It offered a significant advancement in the accuracy of diagnosing chest ailments."", ""It required intensive training for doctors to utilize effectively."", ""It was initially met with skepticism due to its complexity and design.""], ""answer"": ""B"", ""explanation"": ""The passage emphasizes the stethoscope's role in creating a more precise method for diagnosing chest ailments, specifically mentioning its ability to magnify internal sounds. Inference B aligns best with this description, as it underscores the improvement in accuracy brought by the stethoscope. The other options either overstate its immediate impact, focus on complexities not mentioned, or imply skepticism not supported by the text.""}","René Laennec was a pioneering French physician credited with inventing the stethoscope in 1816. Before that device was introduced, doctors typically pressed their ear directly against a patient’s chest to diagnose chest ailments. By creating a simple wooden tube that magnified sounds from the heart and lungs, Laennec allowed medical practitioners to explore problematic areas without direct bodily contact, thus fostering a more precise method of identifying potential illnesses.

Which inference can reasonably be drawn from the passage regarding the impact of Laennec’s stethoscope on the practice of medicine?","It led to the immediate abandonment of older diagnostic techniques by doctors.
It offered a significant advancement in the accuracy of diagnosing chest ailments.
It required intensive training for doctors to utilize effectively.
It was initially met with skepticism due to its complexity and design.",B,"The passage emphasizes the stethoscope's role in creating a more precise method for diagnosing chest ailments, specifically mentioning its ability to magnify internal sounds. Inference B aligns best with this description, as it underscores the improvement in accuracy brought by the stethoscope. The other options either overstate its immediate impact, focus on complexities not mentioned, or imply skepticism not supported by the text.","I read the passage about Laennec and his new way of listening to the heart, and it seems like the stethoscope made finding problems easier. I get a bit mixed up with the details, but I notice that one answer says it made diagnosing more accurate, which sounds right since the passage says doctors could hear better without pressing their ear on the chest. Options talking about doctors giving up old ways immediately or needing special training don’t really match what I remember. So, I pick Option B even though I'm not 100% sure about the extra details.","I read the passage and quickly identify that Laennec’s invention of the stethoscope was important because it magnified internal sounds, making diagnosis more precise without needing direct bodily contact. I compare each answer option: Option A is too extreme because it claims that older methods were immediately abandoned, which isn’t stated; Option C’s suggestion that intensive training was necessary isn’t supported by the text; and Option D’s mention of skepticism isn’t indicated anywhere. Given the passage’s focus on improved precision, I confidently choose Option B as the correct answer.",8,8,"The question is well-designed and in line with SAT standards. It clearly provides the necessary context to support inferential reasoning, and the inference required is directly linked to a key detail in the passage—the improved precision in diagnosis provided by the stethoscope. However, the difficulty level may slightly overtax lower-performing students, who might struggle with reading comprehension and careful elimination of distractors. To improve, consider adding a slight hint in the passage or simplifying some language to bolster clarity without reducing challenge. The provided explanation is solid—it effectively outlines why Option B is correct and why the other options are less plausible. For further enhancement, the explanation could benefit from a more detailed breakdown of how each distractor fails to align with the passage, thereby reinforcing critical elimination strategies for all students. Overall, both the question and explanation are strong, but clarifying the elimination process could elevate them to an ideal level.","{""skill"": ""Inferences"", ""difficulty"": ""Hard"", ""question"": ""René Laennec was a pioneering French physician credited with inventing the stethoscope in 1816. Before that device was introduced, doctors typically pressed their ear directly against a patient’s chest to diagnose chest ailments. By creating a simple wooden tube that magnified sounds from the heart and lungs, Laennec allowed medical practitioners to explore problematic areas without direct bodily contact, thus fostering a more precise method of identifying potential illnesses. This advancement represented a significant step forward in the tools available for patient diagnosis.\n\nWhich inference can reasonably be drawn from the passage regarding the impact of Laennec’s stethoscope on the practice of medicine?"", ""choices"": [""It led to the immediate abandonment of older diagnostic techniques by doctors."", ""It offered a significant advancement in the accuracy of diagnosing chest ailments."", ""It required intensive training for doctors to utilize effectively."", ""It was initially met with skepticism due to its complexity and design.""], ""answer"": ""B"", ""explanation"": ""The passage highlights how the invention of the stethoscope allowed medical practitioners to diagnose ailments more accurately by using the magnification properties of the wooden tube designed by Laennec. This confirms that the device significantly advanced the accuracy of diagnosis, making B the correct choice. Option A incorrectly assumes older methods were abandoned immediately, the passage does not mention skepticism but rather focuses on the practical advancement, ruling out D, and there's no indication that intensive training (C) was a requirement to use the device—its simplicity being emphasized instead.""}"
