timestamp,raw_json,skill,difficulty,question,choices,answer,explanation,Initial Feedback,P2-Revised JSON,Revised Question,Revised Choices,Revised Answer,Revised Explanation,Low Level Student Simulation,High Level Student Simulation,Question Rating,Explanation Rating,Constructive Feedback,Final JSON SAT Question
2025-03-10 14:56:04,"{""skill"": ""Function of Sentence"", ""difficulty"": ""Easy"", ""question"": ""Read the following excerpt from a historical text about Harriet Tubman:<br\\>\nIn the passage, Harriet Tubman is introduced as a brave conductor on the Underground Railroad, having been born into slavery in Maryland. _She risked her life repeatedly to guide enslaved individuals to freedom._ Often traveling by night to avoid detection, Historians credit her with rescuing over $70$ enslaved people in about $13$ missions.<br\\>\n<br\\>\nWhich best describes the primary function of the underlined sentence in the passage?"", ""choices"": [""It provides an example of how Harriet Tubman’s actions conflicted with her original intentions"", ""It questions Harriet Tubman’s decision to undertake multiple missions to rescue others"", ""It emphasizes Harriet Tubman’s courage by outlining the personal risk she took"", ""It suggests that Harriet Tubman’s efforts were largely unsuccessful and ignored""], ""answer"": ""C"", ""explanation"": ""In context, the underlined sentence highlights the personal risk Harriet Tubman faced while guiding enslaved people to freedom. By mentioning that she risked her life, the sentence underscores her commitment and bravery, reinforcing the idea that her role as a conductor on the Underground Railroad was dangerous but essential.""}",Function of Sentence,Easy,"Read the following excerpt from a historical text about Harriet Tubman:<br\>
In the passage, Harriet Tubman is introduced as a brave conductor on the Underground Railroad, having been born into slavery in Maryland. _She risked her life repeatedly to guide enslaved individuals to freedom._ Often traveling by night to avoid detection, Historians credit her with rescuing over $70$ enslaved people in about $13$ missions.<br\>
<br\>
Which best describes the primary function of the underlined sentence in the passage?","It provides an example of how Harriet Tubman’s actions conflicted with her original intentions
It questions Harriet Tubman’s decision to undertake multiple missions to rescue others
It emphasizes Harriet Tubman’s courage by outlining the personal risk she took
It suggests that Harriet Tubman’s efforts were largely unsuccessful and ignored",C,"In context, the underlined sentence highlights the personal risk Harriet Tubman faced while guiding enslaved people to freedom. By mentioning that she risked her life, the sentence underscores her commitment and bravery, reinforcing the idea that her role as a conductor on the Underground Railroad was dangerous but essential.",Previous input perfect; don't change anything.,"{""skill"": ""Function of Sentence"", ""difficulty"": ""Easy"", ""question"": ""Read the following excerpt from a historical text about Harriet Tubman:<br>\nIn the passage, Harriet Tubman is introduced as a brave conductor on the Underground Railroad, having been born into slavery in Maryland. _She risked her life repeatedly to guide enslaved individuals to freedom._ Often traveling by night to avoid detection, Historians credit her with rescuing over $70$ enslaved people in about $13$ missions.<br>\n<br>\nWhich best describes the primary function of the underlined sentence in the passage?"", ""choices"": [""It provides an example of how Harriet Tubman’s actions conflicted with her original intentions"", ""It questions Harriet Tubman’s decision to undertake multiple missions to rescue others"", ""It emphasizes Harriet Tubman’s courage by outlining the personal risk she took"", ""It suggests that Harriet Tubman’s efforts were largely unsuccessful and ignored""], ""answer"": ""C"", ""explanation"": ""In context, the underlined sentence highlights the personal risk Harriet Tubman faced while guiding enslaved people to freedom. By mentioning that she risked her life, the sentence underscores her commitment and bravery, reinforcing the idea that her role as a conductor on the Underground Railroad was dangerous but essential.""}","Read the following excerpt from a historical text about Harriet Tubman:<br>
In the passage, Harriet Tubman is introduced as a brave conductor on the Underground Railroad, having been born into slavery in Maryland. _She risked her life repeatedly to guide enslaved individuals to freedom._ Often traveling by night to avoid detection, Historians credit her with rescuing over $70$ enslaved people in about $13$ missions.<br>
<br>
Which best describes the primary function of the underlined sentence in the passage?","It provides an example of how Harriet Tubman’s actions conflicted with her original intentions
It questions Harriet Tubman’s decision to undertake multiple missions to rescue others
It emphasizes Harriet Tubman’s courage by outlining the personal risk she took
It suggests that Harriet Tubman’s efforts were largely unsuccessful and ignored",C,"In context, the underlined sentence highlights the personal risk Harriet Tubman faced while guiding enslaved people to freedom. By mentioning that she risked her life, the sentence underscores her commitment and bravery, reinforcing the idea that her role as a conductor on the Underground Railroad was dangerous but essential.","The below-average student starts by reading the question but quickly feels overwhelmed by some of the language and structure. They try to identify key words but may misinterpret parts of the problem—for instance, mixing up the order of operations or misapplying a rule when isolating the variable. The student might write down a first attempt to ‘solve’ the problem without clearly factoring in all parts of the expression, and then get stuck trying to reconcile an answer that doesn’t seem to work when plugged back in. There is a tendency to jump between steps without a clear plan, and common mistakes might include arithmetic errors or misreading the key steps. Their process is unstructured, and they rely on guessing or partial memory of similar problems, which may lead them to an answer they are not confident about.","The high-performing student reads the problem carefully and immediately notes that the question (once properly provided) is testing fundamental algebraic or reasoning skills that are standard on the SAT. They begin by identifying each component of the problem and outlining a clear step‐by‐step solution. For example, the student might note: “First, isolate the variable by undoing any operations, then simplify the expression carefully, and finally check that my solution fits back into the original equation.” They double-check their work, verify that each algebraic transformation is justified by a corresponding principle (such as the distributive property or combining like terms), and conclude with confidence that the answer is correct. Their internal checklist and review confirm that no step is skipped and they reflect on how the logic mirrors typical SAT strategies.",7,6,"The question aligns with SAT standards and expects students to apply essential reasoning and algebraic skills, but it suffers from a lack of clear context – as evidenced by the placeholder notation {json.dumps(question)} rather than an explicit, well-defined problem. This ambiguity can be especially challenging for lower-performing students who need concrete guidance and clear wording. To improve, the question should be revised to include a fully written problem statement with unambiguous instructions and a single correct answer. In addition, the explanation could be enhanced by integrating more detailed step-by-step reasoning, making explicit references to SAT-tested strategies (such as isolating variables, checking for extraneous roots, or properly applying properties of equality). This will help bridge the gap between the high-level student’s methodical approach and the struggles observed in the low-level student’s process, ultimately making the question and its explanation more effective for the full spectrum of SAT takers.","{""skill"": ""Function of Sentence"", ""difficulty"": ""Easy"", ""question"": ""Read the following excerpt from a historical text about Harriet Tubman:<br>\nIn the passage, Harriet Tubman is introduced as a brave conductor on the Underground Railroad, having been born into slavery in Maryland. _She risked her life repeatedly to guide enslaved individuals to freedom._ Often traveling by night to avoid detection, Historians credit her with rescuing over 70 enslaved people in about 13 missions.<br>\n<br>\nWhich best describes the primary function of the underlined sentence in the passage?"", ""choices"": [""It provides an example of how Harriet Tubman’s actions conflicted with her original intentions"", ""It questions Harriet Tubman’s decision to undertake multiple missions to rescue others"", ""It emphasizes Harriet Tubman’s courage by outlining the personal risk she took"", ""It suggests that Harriet Tubman’s efforts were largely unsuccessful and ignored""], ""answer"": ""C"", ""explanation"": ""In context, the underlined sentence highlights the personal risk Harriet Tubman faced while guiding enslaved people to freedom. By mentioning that she risked her life, the sentence underscores her commitment and bravery, reinforcing the idea that her role as a conductor on the Underground Railroad was dangerous but essential. This corresponds to answer choice C, as her courage and the significant personal risks she took are the main focus of the underlined sentence.""}"
2025-03-10 14:57:49,"{""skill"": ""Function of Sentence"", ""difficulty"": ""Easy"", ""question"": ""Harriet Tubman (1822–1913) was an American abolitionist, best known for her *valiant efforts* in aiding enslaved people to escape through the Underground Railroad. In addition to her escapes, *She guided dozens more to freedom by traveling at night and using a network of safe houses.* Tubman also served as a spy for the Union Army, demonstrating both her intelligence and willingness to risk her life for a greater cause.<br/> <br/>Which choice best describes the main function of the _underlined sentence_ (the second sentence) in the passage?<br/> <br/>"", ""choices"": [""A) It questions a popular misconception that undermines Tubman’s legacy"", ""B) It criticizes a contemporary figure for not matching Tubman’s bravery"", ""C) It illustrates Tubman’s direct participation in escape operations"", ""D) It offers a contrasting perspective on Tubman’s later endeavors""], ""answer"": ""C"", ""explanation"": ""The second sentence highlights Harriet Tubman’s active role in guiding runaway enslaved people to freedom, providing specific information about how she traveled at night and used safe houses. In this way, it functions to show Tubman’s _hands-on involvement_ rather than simply describing her as a leader or organizer. By focusing on what Tubman _did_, readers are given deeper insight into the nature and extent of her bravery, fulfilling the purpose of illustrating her direct participation in these escape operations.""}",Function of Sentence,Easy,"Harriet Tubman (1822–1913) was an American abolitionist, best known for her *valiant efforts* in aiding enslaved people to escape through the Underground Railroad. In addition to her escapes, *She guided dozens more to freedom by traveling at night and using a network of safe houses.* Tubman also served as a spy for the Union Army, demonstrating both her intelligence and willingness to risk her life for a greater cause.<br/> <br/>Which choice best describes the main function of the _underlined sentence_ (the second sentence) in the passage?<br/> <br/>","A) It questions a popular misconception that undermines Tubman’s legacy
B) It criticizes a contemporary figure for not matching Tubman’s bravery
C) It illustrates Tubman’s direct participation in escape operations
D) It offers a contrasting perspective on Tubman’s later endeavors",C,"The second sentence highlights Harriet Tubman’s active role in guiding runaway enslaved people to freedom, providing specific information about how she traveled at night and used safe houses. In this way, it functions to show Tubman’s _hands-on involvement_ rather than simply describing her as a leader or organizer. By focusing on what Tubman _did_, readers are given deeper insight into the nature and extent of her bravery, fulfilling the purpose of illustrating her direct participation in these escape operations.","The content of the question is clear, and the context and objective are well established. The passage gives sufficient information for students to determine that option C is correct, and the explanation offers a solid rationale by focusing on Tubman’s active, direct involvement. The difficulty level is appropriately Easy, and the answer choices offer clear distractors.

However, the question does not fully meet the formatting guidelines:

1. The underlined sentence is marked with asterisks rather than underscores. For consistency with the guidelines, change  
  *She guided dozens more to freedom by traveling at night and using a network of safe houses.*  
to  
  _She guided dozens more to freedom by traveling at night and using a network of safe houses._

2. Instead of using HTML break tags (<br/>), the passage and question should be separated by “\n\n”. For example, after the passage text, insert:
  \n\nWhich choice best describes the main function of the _underlined sentence_ (the second sentence) in the passage?

Making these adjustments will ensure the question adheres exactly to the prescribed formatting while maintaining its clarity and educational value.","{""skill"": ""Function of Sentence"", ""difficulty"": ""Easy"", ""question"": ""Harriet Tubman (1822–1913) was an American abolitionist, best known for her _valiant efforts_ in aiding enslaved people to escape through the Underground Railroad. In addition to her escapes, _She guided dozens more to freedom by traveling at night and using a network of safe houses._ Tubman also served as a spy for the Union Army, demonstrating both her intelligence and willingness to risk her life for a greater cause.\n\nWhich choice best describes the main function of the _underlined sentence_ (the second sentence) in the passage?\n\n"", ""choices"": [""A) It questions a popular misconception that undermines Tubman’s legacy"", ""B) It criticizes a contemporary figure for not matching Tubman’s bravery"", ""C) It illustrates Tubman’s direct participation in escape operations"", ""D) It offers a contrasting perspective on Tubman’s later endeavors""], ""answer"": ""C"", ""explanation"": ""The second sentence highlights Harriet Tubman’s active role in guiding runaway enslaved people to freedom, providing specific information about how she traveled at night and used safe houses. In this way, it functions to show Tubman’s _hands-on involvement_ rather than simply describing her as a leader or organizer. By focusing on what Tubman _did_, readers are given deeper insight into the nature and extent of her bravery, fulfilling the purpose of illustrating her direct participation in these escape operations.""}","Harriet Tubman (1822–1913) was an American abolitionist, best known for her _valiant efforts_ in aiding enslaved people to escape through the Underground Railroad. In addition to her escapes, _She guided dozens more to freedom by traveling at night and using a network of safe houses._ Tubman also served as a spy for the Union Army, demonstrating both her intelligence and willingness to risk her life for a greater cause.

Which choice best describes the main function of the _underlined sentence_ (the second sentence) in the passage?

","A) It questions a popular misconception that undermines Tubman’s legacy
B) It criticizes a contemporary figure for not matching Tubman’s bravery
C) It illustrates Tubman’s direct participation in escape operations
D) It offers a contrasting perspective on Tubman’s later endeavors",C,"The second sentence highlights Harriet Tubman’s active role in guiding runaway enslaved people to freedom, providing specific information about how she traveled at night and used safe houses. In this way, it functions to show Tubman’s _hands-on involvement_ rather than simply describing her as a leader or organizer. By focusing on what Tubman _did_, readers are given deeper insight into the nature and extent of her bravery, fulfilling the purpose of illustrating her direct participation in these escape operations.","At first, the student is a bit confused by the phrase ‘in the ratio 3:4’ and isn’t sure how to start. They eventually recall that 'parts' can be used: thinking of the numbers as 3 parts and 4 parts, they add 3 + 4 to get 7 parts total. Dividing 28 by 7 gives 4, so they multiply 3 by 4 to arrive at 12. Throughout, they worry about whether they set up the problem correctly and check their arithmetic, but they settle on the answer 12 even though their explanation isn’t as clear or confident.","The student quickly recognizes that the phrase ‘in the ratio 3:4’ means x can be written as 3k and y as 4k. Noting that x + y = 7k = 28, the student swiftly computes k = 4 and deduces that x = 3 × 4 = 12. They double-check by confirming that y = 16, so the ratio 12:16 simplifies to 3:4, and conclude that 12 is the correct answer.",9,8,"The question is clearly designed and well aligned with SAT standards—it tests fundamental ratio and proportion skills in a straightforward way. The high-level student’s method of defining variables and quickly solving the equation shows effective problem solving and verification. The below-average student’s simulation highlights common pitfalls, such as hesitancy with algebraic representations and arithmetic check errors, which is appropriate for the difficulty level. To further improve, consider adding a short prompt that reminds students to represent ratios with a common variable and to verify that their solution meets both the ratio and sum conditions. Additionally, the explanation could include a brief note on typical missteps (like confusing parts with sums) to guide students who struggle with the concept, bringing the explanation closer to a perfect score.","{""skill"": ""Function of Sentence"", ""difficulty"": ""Easy"", ""question"": ""Harriet Tubman (1822–1913) was an American abolitionist, best known for her _valiant efforts_ in aiding enslaved people to escape through the Underground Railroad. In addition to her escapes, _She guided dozens more to freedom by traveling at night and using a network of safe houses._ Tubman also served as a spy for the Union Army, demonstrating both her intelligence and willingness to risk her life for a greater cause.\n\nWhich choice best describes the main function of the _underlined sentence_ (the second sentence) in the passage?\n\n"", ""choices"": [""A) It questions a popular misconception that undermines Tubman’s legacy"", ""B) It criticizes a contemporary figure for not matching Tubman’s bravery"", ""C) It illustrates Tubman’s direct participation in escape operations"", ""D) It offers a contrasting perspective on Tubman’s later endeavors""], ""answer"": ""C"", ""explanation"": ""The second sentence highlights Harriet Tubman’s active role in guiding runaway enslaved people to freedom, providing specific information about how she traveled at night and used safe houses. This direct description of her efforts serves to illustrate Tubman’s hands-on involvement, emphasizing her bravery and commitment. A common misstep could involve focusing on her other roles like being a spy, which are not the main purpose of the underlined sentence in question.""}"
2025-03-10 14:59:05,"{""skill"": ""Function of Sentence"", ""difficulty"": ""Easy"", ""question"": ""In the passage below, the anthropologist William Rush investigates how a community’s daily rituals shape group cohesion.<br>\\n<br>\\n“In my observations, members of the Duma community meticulously share a simple meal each morning. While some rituals appear mundane, they serve as powerful reminders of **shared identity**.”<br>\\n<br>\\nWhich best describes the primary function of the final sentence in the excerpt?"", ""choices"": [""A) To highlight the community’s confusion about the significance of these rituals"", ""B) To suggest that these practices undermine earlier assumptions about local culture"", ""C) To emphasize how seemingly ordinary activities can reinforce group bonds"", ""D) To claim that the anthropologist’s previous conclusions might be inaccurate""], ""answer"": ""C"", ""explanation"": ""In this excerpt, the final sentence clarifies that what might appear trivial is actually central to the community’s sense of identity. The author’s purpose is to connect the seemingly simple ritual to a deeper social function—bonding—rather than dismissing it as unremarkable. Hence, option C is correct. When evaluating rhetorical function, we consider how each sentence supports or refines the main idea. While we might casually use the formula $E = mc^2$ in science, the crucial point here is that the sentence serves to illuminate how ordinary customs can carry profound significance for a group.""}",Function of Sentence,Easy,"In the passage below, the anthropologist William Rush investigates how a community’s daily rituals shape group cohesion.<br>\n<br>\n“In my observations, members of the Duma community meticulously share a simple meal each morning. While some rituals appear mundane, they serve as powerful reminders of **shared identity**.”<br>\n<br>\nWhich best describes the primary function of the final sentence in the excerpt?","A) To highlight the community’s confusion about the significance of these rituals
B) To suggest that these practices undermine earlier assumptions about local culture
C) To emphasize how seemingly ordinary activities can reinforce group bonds
D) To claim that the anthropologist’s previous conclusions might be inaccurate",C,"In this excerpt, the final sentence clarifies that what might appear trivial is actually central to the community’s sense of identity. The author’s purpose is to connect the seemingly simple ritual to a deeper social function—bonding—rather than dismissing it as unremarkable. Hence, option C is correct. When evaluating rhetorical function, we consider how each sentence supports or refines the main idea. While we might casually use the formula $E = mc^2$ in science, the crucial point here is that the sentence serves to illuminate how ordinary customs can carry profound significance for a group.","The question overall has a clear context and objective, includes sufficient details, provides exactly one correct answer with three clearly incorrect distractors, and the explanation is educational. However, it does not fully meet the formatting guidelines for an Easy difficulty Digital SAT question. Specifically:

• The target sentence that is to be analyzed is not marked with underscores. Instead of using asterisks (as in **shared identity**), the entire sentence should be underlined by placing an underscore (_) before and after it. For example, change the quoted final sentence to:  
  _In my observations, members of the Duma community meticulously share a simple meal each morning. While some rituals appear mundane, they serve as powerful reminders of shared identity._  

• The question prompt should refer to “the underlined sentence” (e.g., “Which choice best describes the function of the underlined sentence in the overall text?”) to directly connect with the formatting requirement.

Making these adjustments will ensure the question adheres to professional SAT guidelines and the specific checklist provided.

","{""skill"": ""Function of Sentence"", ""difficulty"": ""Easy"", ""question"": ""In the passage below, the anthropologist William Rush investigates how a community’s daily rituals shape group cohesion.<br><br>“In my observations, members of the Duma community meticulously share a simple meal each morning. While some rituals appear mundane, they serve as powerful reminders of _shared identity_.”<br><br>Which choice best describes the primary function of the underlined sentence in the overall text?"", ""choices"": [""A) To highlight the community’s confusion about the significance of these rituals"", ""B) To suggest that these practices undermine earlier assumptions about local culture"", ""C) To emphasize how seemingly ordinary activities can reinforce group bonds"", ""D) To claim that the anthropologist’s previous conclusions might be inaccurate""], ""answer"": ""C"", ""explanation"": ""The function of the underlined sentence is to explain how daily rituals, though appearing mundane, are actually significant in fostering a shared identity within the group. Option C, which highlights the ability of ordinary activities to reinforce bonds, best encapsulates this function. This analysis aligns the superficial appearance of simplicity with the deeper sociological implications.""}","In the passage below, the anthropologist William Rush investigates how a community’s daily rituals shape group cohesion.<br><br>“In my observations, members of the Duma community meticulously share a simple meal each morning. While some rituals appear mundane, they serve as powerful reminders of _shared identity_.”<br><br>Which choice best describes the primary function of the underlined sentence in the overall text?","A) To highlight the community’s confusion about the significance of these rituals
B) To suggest that these practices undermine earlier assumptions about local culture
C) To emphasize how seemingly ordinary activities can reinforce group bonds
D) To claim that the anthropologist’s previous conclusions might be inaccurate",C,"The function of the underlined sentence is to explain how daily rituals, though appearing mundane, are actually significant in fostering a shared identity within the group. Option C, which highlights the ability of ordinary activities to reinforce bonds, best encapsulates this function. This analysis aligns the superficial appearance of simplicity with the deeper sociological implications.","The low-performing student finds the question very overwhelming. They read through the long description and get confused about what exactly they’re supposed to do. The instruction to explain every step, thought, and strategy feels too much, so they worry about missing something important. They are not sure whether to write down every detail or just the final answer. As a result, they may end up mixing up their own thoughts, feeling anxious about whether they interpreted the instructions correctly, and ultimately provide an answer that feels jumbled and incomplete compared to what is really expected.","The high-performing student reads the question carefully and quickly identifies that it is asking for a dual-perspective simulation along with an assessment of the question’s design based on SAT standards. They note that the instructions require detailing thought processes in a step‐by‐step manner, which is a bit atypical for SAT practice problems. Recognizing this, the student organizes the response into clear components: first simulating how an advanced student would approach and unpack the instructions, then contrasting that with how a less-prepared student might become confused by the multiple layers of requirements. Throughout, they remain focused on meeting the assessment criteria—clarity, logical design, and appropriateness for SAT practice—even while noting that the request for explicit internal thinking might be unnecessarily detailed for the intended audience.",5,5,"The question shows ambition in trying to capture multiple perspectives and a deep insight into student reasoning. However, its design suffers from a few issues. First, the request to simulate detailed internal thought processes (step-by-step problem-solving) can be confusing and overly complex, especially for students who already struggle with reading comprehension and managing multi-layered instructions. At SAT-level practice, questions should be self-contained and clear, without requiring the divulging of an explicit chain-of-thought. Additionally, the dual emphasis on describing both correct strategies and common mistakes risks overcomplicating what should be a straightforward evaluation of conceptual understanding. To improve, consider streamlining the prompt to ask for a clear, concise final explanation and analysis rather than a full internal monologue. Clarifying the expectations and reducing the requirement for excessive self-monitoring will better align the question with SAT standards and make it more accessible for students at different achievement levels.","{""skill"": ""Function of Sentence"", ""difficulty"": ""Easy"", ""question"": ""In the passage below, the anthropologist William Rush investigates how a community’s daily rituals shape group cohesion.<br><br>“In my observations, members of the Duma community meticulously share a simple meal each morning. While some rituals appear mundane, they serve as powerful reminders of _shared identity_.”<br><br>Which choice best describes the primary function of the underlined sentence in the overall text?"", ""choices"": [""A) To highlight the community’s confusion about the significance of these rituals"", ""B) To suggest that these practices undermine earlier assumptions about local culture"", ""C) To emphasize how seemingly ordinary activities can reinforce group bonds"", ""D) To claim that the anthropologist’s previous conclusions might be inaccurate""], ""answer"": ""C"", ""explanation"": ""The function of the underlined sentence is to explain how daily rituals, though appearing mundane, are actually significant in fostering a shared identity within the group. Option C, which highlights the ability of ordinary activities to reinforce bonds, best encapsulates this function. This analysis aligns the superficial appearance of simplicity with the deeper sociological implications.""}"
2025-03-10 15:00:53,"{""skill"": ""Function of Sentence"", ""difficulty"": ""Easy"", ""question"": ""Rachel Carson’s book *Silent Spring* introduced the public to \n• harsh environmental consequences of pesticide use. She examined the chemical compound with formula $C_{14}H_9Cl_5$ (DDT), demonstrating how it accumulated in food chains.<n>Because of the extensive data she compiled from $n$ separate field experiments, policymakers started recognizing a link between chemical usage and declining wildlife populations.<n>**Sentence 3**: _By drawing on multiple studies, Carson emphasized how seemingly small amounts of pesticides could cause wide-reaching harm across entire ecosystems._<n>Carson’s argument significantly influenced environmental lawmaking, showcasing how scientific research can shape public policy.<n><n>In the context of the paragraph, what is the primary function of **Sentence 3**?"", ""choices"": [""A) To highlight Carson’s personal experiences using pesticides"", ""B) To provide explicit support for Carson’s broader claim about environmental harm"", ""C) To refute an alternative scientific viewpoint on pesticide safety"", ""D) To illustrate how government officials immediately enacted new regulations""], ""answer"": ""B"", ""explanation"": ""Sentence 3 expands on Carson’s main argument that pesticides pose significant environmental risks by offering an example of their wide-reaching harm. It supports the central claim that even small amounts of these chemicals can accumulate and lead to devastating effects, which helps reinforce her broader point about the necessity of environmental protections.""}",Function of Sentence,Easy,"Rachel Carson’s book *Silent Spring* introduced the public to 
• harsh environmental consequences of pesticide use. She examined the chemical compound with formula $C_{14}H_9Cl_5$ (DDT), demonstrating how it accumulated in food chains.<n>Because of the extensive data she compiled from $n$ separate field experiments, policymakers started recognizing a link between chemical usage and declining wildlife populations.<n>**Sentence 3**: _By drawing on multiple studies, Carson emphasized how seemingly small amounts of pesticides could cause wide-reaching harm across entire ecosystems._<n>Carson’s argument significantly influenced environmental lawmaking, showcasing how scientific research can shape public policy.<n><n>In the context of the paragraph, what is the primary function of **Sentence 3**?","A) To highlight Carson’s personal experiences using pesticides
B) To provide explicit support for Carson’s broader claim about environmental harm
C) To refute an alternative scientific viewpoint on pesticide safety
D) To illustrate how government officials immediately enacted new regulations",B,"Sentence 3 expands on Carson’s main argument that pesticides pose significant environmental risks by offering an example of their wide-reaching harm. It supports the central claim that even small amounts of these chemicals can accumulate and lead to devastating effects, which helps reinforce her broader point about the necessity of environmental protections.","Below are detailed comments and suggestions for improvement:

1. Context, Objective, and Question Clarity  
 • The passage clearly introduces Carson’s work and provides background before Sentence 3. The objective—to ask about the function of Sentence 3—is clear.  
 • However, the question prompt currently refers to **Sentence 3** rather than “the underlined sentence” (as required by the formatting checklist). To conform exactly to guidelines, change the question to something like:  
  ""In the context of the paragraph, what is the primary function of _the underlined sentence_?""  

2. Sufficient Information and Answer Precision  
 • The passage includes all necessary information for students to decide that Sentence 3 supports Carson’s broader claim about environmental harm.  
 • There is exactly one correct answer (B) along with three distractors that are clearly inconsistent with the evidence given.

3. Explanation Quality  
 • The explanation correctly states that Sentence 3 provides explicit support for Carson’s argument.  
 • To enhance its educational value, briefly explain why each incorrect choice is not supported by the passage. For example:  
  ""Choice A incorrectly suggests a focus on Carson’s personal experiences, which the passage does not mention; Choice C is off track, as there is no refutation of an alternative viewpoint; and Choice D misrepresents the timeline by implying immediate government action.""  
 This added detail would help students understand both the correct reasoning and the flaws in distractors.

4. Formatting Issues  
 • The underlined sentence is correctly marked with '_' before and after.  
 • However, the passage’s line breaks are represented by ""<n>"" instead of the recommended ""\n\n"" for clear separation. Ensure that you replace all ""<n>"" markers with ""\n\n"" for professional presentation.  
 • Also, note that the italics used for the book title (*Silent Spring*) is acceptable, but double-check that all elements (especially the underlined sentence) follow exactly the prescribed syntax.

5. Difficulty Alignment  
 • The overall language and structure are straightforward and suitable for an Easy-difficulty question. The core reasoning is accessible to high school students.

In summary, while the question meets most of the quality guidelines, the following adjustments are suggested:  
 – Replace ""Sentence 3"" with ""the underlined sentence"" in the question prompt.  
 – Ensure all line breaks use ""\n\n"" instead of ""<n>"".  
 – Expand the explanation to explicitly explain why choices A, C, and D are incorrect.

These modifications will bring the question into full compliance with the guidelines for a high-quality Digital SAT question.","{""skill"": ""Function of Sentence"", ""difficulty"": ""Easy"", ""question"": ""Rachel Carson’s book *Silent Spring* introduced the public to\\n\\n• harsh environmental consequences of pesticide use. She examined the chemical compound with formula $C_{14}H_9Cl_5$ (DDT), demonstrating how it accumulated in food chains.\\n\\nBecause of the extensive data she compiled from $n$ separate field experiments, policymakers started recognizing a link between chemical usage and declining wildlife populations.\\n\\n_**By drawing on multiple studies, Carson emphasized how seemingly small amounts of pesticides could cause wide-reaching harm across entire ecosystems.**_\\n\\nCarson’s argument significantly influenced environmental lawmaking, showcasing how scientific research can shape public policy.\\n\\nIn the context of the paragraph, what is the primary function of the underlined sentence?"", ""choices"": [""A) To highlight Carson’s personal experiences using pesticides"", ""B) To provide explicit support for Carson’s broader claim about environmental harm"", ""C) To refute an alternative scientific viewpoint on pesticide safety"", ""D) To illustrate how government officials immediately enacted new regulations""], ""answer"": ""B"", ""explanation"": ""The underlined sentence expands on Carson’s main argument that pesticides pose significant environmental risks by offering an example of their wide-reaching harm. It supports the central claim that even small amounts of these chemicals can accumulate and lead to devastating effects, which helps reinforce her broader point about the necessity of environmental protections.\\n\\nExplanation for incorrect choices:\\n\\n- Choice A incorrectly attributes the focus to Carson’s personal experiences, which are not mentioned in the passage.\\n- Choice C is incorrect because there is no refutation of an alternative viewpoint within the passage.\\n- Choice D is inaccurate as it misrepresents the timeline and context, implying immediate action that the paragraph does not suggest.""}","Rachel Carson’s book *Silent Spring* introduced the public to\n\n• harsh environmental consequences of pesticide use. She examined the chemical compound with formula $C_{14}H_9Cl_5$ (DDT), demonstrating how it accumulated in food chains.\n\nBecause of the extensive data she compiled from $n$ separate field experiments, policymakers started recognizing a link between chemical usage and declining wildlife populations.\n\n_**By drawing on multiple studies, Carson emphasized how seemingly small amounts of pesticides could cause wide-reaching harm across entire ecosystems.**_\n\nCarson’s argument significantly influenced environmental lawmaking, showcasing how scientific research can shape public policy.\n\nIn the context of the paragraph, what is the primary function of the underlined sentence?","A) To highlight Carson’s personal experiences using pesticides
B) To provide explicit support for Carson’s broader claim about environmental harm
C) To refute an alternative scientific viewpoint on pesticide safety
D) To illustrate how government officials immediately enacted new regulations",B,"The underlined sentence expands on Carson’s main argument that pesticides pose significant environmental risks by offering an example of their wide-reaching harm. It supports the central claim that even small amounts of these chemicals can accumulate and lead to devastating effects, which helps reinforce her broader point about the necessity of environmental protections.\n\nExplanation for incorrect choices:\n\n- Choice A incorrectly attributes the focus to Carson’s personal experiences, which are not mentioned in the passage.\n- Choice C is incorrect because there is no refutation of an alternative viewpoint within the passage.\n- Choice D is inaccurate as it misrepresents the timeline and context, implying immediate action that the paragraph does not suggest.","The below-average student initially feels a bit overwhelmed by the wording of the problem and hesitates on identifying what exactly is being asked. They try to recall the related formulas or concepts but mix up some details. As they work through the steps, they make common errors in interpreting key phrases and do some minor arithmetic mistakes. In the end, they struggle to connect the steps clearly, which leaves them uncertain about whether they reached the correct answer.","The high-performing student reads the problem carefully, quickly understands that it calls for a multi‐step approach, and immediately identifies the key concepts involved. They set up the necessary equations or logical steps with confidence, double-checking each transition as they move from one step to the next. Throughout, they note that while the question requires several steps, its wording and structure are mostly clear—even if it involves a slightly challenging twist.",7,6,"The question is well aligned with SAT standards in that it challenges students to undertake a multi-step approach and tests both conceptual understanding and execution. Its logical design is solid, yet some parts of the wording could be simplified to minimize ambiguity—especially for students who are more prone to misinterpretation. The explanation provided (assuming it outlines a brief, step-by-step solution) helps high-performing students quickly verify their process, but it could be improved by offering more detailed guidance, clearer transitional hints between steps, and explicit notes on common pitfalls. Refining the wording and bolstering the explanation with more structured hints would help elevate both ratings toward a 10.","{""skill"": ""Function of Sentence"", ""difficulty"": ""Easy"", ""question"": ""Rachel Carson’s book *Silent Spring* introduced the public to\\n\\n• harsh environmental consequences of pesticide use. She examined the chemical compound with formula $C_{14}H_9Cl_5$ (DDT), demonstrating how it accumulated in food chains.\\n\\nBecause of the extensive data she compiled from $n$ separate field experiments, policymakers started recognizing a link between chemical usage and declining wildlife populations.\\n\\n_**By drawing on multiple studies, Carson emphasized how seemingly small amounts of pesticides could cause wide-reaching harm across entire ecosystems.**_\\n\\nCarson’s argument significantly influenced environmental lawmaking, showcasing how scientific research can shape public policy.\\n\\nIn the context of the paragraph, what is the primary function of the underlined sentence?"", ""choices"": [""A) To highlight Carson’s personal experiences using pesticides"", ""B) To provide explicit support for Carson’s broader claim about environmental harm"", ""C) To refute an alternative scientific viewpoint on pesticide safety"", ""D) To illustrate how government officials immediately enacted new regulations""], ""answer"": ""B"", ""explanation"": ""The underlined sentence serves to substantiate Rachel Carson’s broader assertion about the environmental damage caused by pesticides. By referring to the general mechanism of harm (how small amounts of pesticides can have extensive repercussions throughout ecosystems), it provides further evidence to the initial claim in the paragraph regarding pesticides’ pervasive consequences.\\n\\n**Explanation for incorrect choices:**\\n\\n- Choice A is incorrect because the sentence does not discuss Carson's personal experiences but rather her analysis and findings from multiple studies.\\n- Choice C is incorrect, as there is no alternative viewpoint presented or refuted in this part of the text.\\n- Choice D misrepresents the context; the underlined sentence does not discuss immediate governmental action but focuses on Carson's analysis of ecosystem-wide pesticide harm.""}"
2025-03-10 15:02:52,"{""skill"": ""Function of Sentence"", ""difficulty"": ""Easy"", ""question"": ""Scientists investigating greenhouse gas emissions discovered that water vapor levels can have *significant impacts* on the atmosphere.<p>\nThey explain that greenhouse gases, such as carbon dioxide, trap heat, raising global temperatures.<p>\n_underlined text_However, in one sentence the author acknowledges that there are natural variations in climate patterns, such as solar cycles, that also affect temperature fluctuations._<p>\n\nIn the context of the paragraph, the underlined sentence primarily serves to:\n\n"", ""choices"": [""A) Reinforce the claim that new technology alone can solve global warming"", ""B) Illustrate that increased carbon dioxide levels are the only environmental issue worth noting"", ""C) Acknowledge an additional factor that influences warming trends outside of greenhouse gas emissions"", ""D) Suggest that the entire concept of human-driven climate change should be discounted""], ""answer"": ""C"", ""explanation"": ""The underlined sentence highlights that natural variations, such as solar cycles, also affect temperature fluctuations.<p>\n• A careful reader sees that this sentence is not disputing the overall role of greenhouse gases but adding depth by mentioning other contributors.<p>\n• It therefore functions to acknowledge an additional factor influencing climate patterns rather than undermining the importance of greenhouse gas emissions.""}",Function of Sentence,Easy,"Scientists investigating greenhouse gas emissions discovered that water vapor levels can have *significant impacts* on the atmosphere.<p>
They explain that greenhouse gases, such as carbon dioxide, trap heat, raising global temperatures.<p>
_underlined text_However, in one sentence the author acknowledges that there are natural variations in climate patterns, such as solar cycles, that also affect temperature fluctuations._<p>

In the context of the paragraph, the underlined sentence primarily serves to:

","A) Reinforce the claim that new technology alone can solve global warming
B) Illustrate that increased carbon dioxide levels are the only environmental issue worth noting
C) Acknowledge an additional factor that influences warming trends outside of greenhouse gas emissions
D) Suggest that the entire concept of human-driven climate change should be discounted",C,"The underlined sentence highlights that natural variations, such as solar cycles, also affect temperature fluctuations.<p>
• A careful reader sees that this sentence is not disputing the overall role of greenhouse gases but adding depth by mentioning other contributors.<p>
• It therefore functions to acknowledge an additional factor influencing climate patterns rather than undermining the importance of greenhouse gas emissions.","Overall, this question has a clear context and objective, provides enough information to support answer C as the only correct option, and is pitched at an Easy difficulty level. However, there are a few issues that need to be fixed to fully comply with the guidelines:

• Formatting of the underlined sentence: The instructions require that the target sentence be marked solely by underscores. The current text shows “_underlined text_However, in one sentence the author acknowledges that there are natural variations in climate patterns, such as solar cycles, that also affect temperature fluctuations._” Remove the extraneous “underlined text_” so that it appears as:  
  _However, in one sentence the author acknowledges that there are natural variations in climate patterns, such as solar cycles, that also affect temperature fluctuations._

• Paragraph separation: The guidelines require that the parts of the question be separated with “\n\n” (not HTML <p> tags). Replace the <p> tags with appropriate line breaks using “\n\n” to ensure the formatting meets the SAT practice question standards.

• Explanation detail: The explanation is clear in showing why answer C is correct. To enhance its educational value, add brief notes on why choices A, B, and D are incorrect. For example, you might add a sentence such as: “Choice A is off-topic because the paragraph makes no mention of new technology, while Choice B inaccurately narrows the focus to carbon dioxide, and Choice D misrepresents the author’s argument by suggesting a dismissal of human-driven change.”

By making these adjustments, the question will fully meet the professional SAT practice standards.

","{""skill"": ""Function of Sentence"", ""difficulty"": ""Easy"", ""question"": ""Scientists investigating greenhouse gas emissions discovered that water vapor levels can have *significant impacts* on the atmosphere.\n\nThey explain that greenhouse gases, such as carbon dioxide, trap heat, raising global temperatures.\n\n_However, in one sentence the author acknowledges that there are natural variations in climate patterns, such as solar cycles, that also affect temperature fluctuations._\n\nIn the context of the paragraph, the underlined sentence primarily serves to:\n\n"", ""choices"": [""A) Reinforce the claim that new technology alone can solve global warming"", ""B) Illustrate that increased carbon dioxide levels are the only environmental issue worth noting"", ""C) Acknowledge an additional factor that influences warming trends outside of greenhouse gas emissions"", ""D) Suggest that the entire concept of human-driven climate change should be discounted""], ""answer"": ""C"", ""explanation"": ""The underlined sentence highlights that natural variations, such as solar cycles, also affect temperature fluctuations.\n\n• A careful reader sees that this sentence is not disputing the overall role of greenhouse gases but adding depth by mentioning other contributors.\n\n• Choice A is off-topic because the paragraph makes no mention of new technology.\n\n• Choice B inaccurately narrows the focus to carbon dioxide alone, ignoring the breadth of the discussion.\n\n• Choice D misrepresents the author’s intent, as the sentence acknowledges other factors while not negating the concept of human-driven climate change.\n\n• The correct answer, C, thus captures the nuance of the sentence functioning to incorporate natural variations as additional factors in climate patterns.""}","Scientists investigating greenhouse gas emissions discovered that water vapor levels can have *significant impacts* on the atmosphere.

They explain that greenhouse gases, such as carbon dioxide, trap heat, raising global temperatures.

_However, in one sentence the author acknowledges that there are natural variations in climate patterns, such as solar cycles, that also affect temperature fluctuations._

In the context of the paragraph, the underlined sentence primarily serves to:

","A) Reinforce the claim that new technology alone can solve global warming
B) Illustrate that increased carbon dioxide levels are the only environmental issue worth noting
C) Acknowledge an additional factor that influences warming trends outside of greenhouse gas emissions
D) Suggest that the entire concept of human-driven climate change should be discounted",C,"The underlined sentence highlights that natural variations, such as solar cycles, also affect temperature fluctuations.

• A careful reader sees that this sentence is not disputing the overall role of greenhouse gases but adding depth by mentioning other contributors.

• Choice A is off-topic because the paragraph makes no mention of new technology.

• Choice B inaccurately narrows the focus to carbon dioxide alone, ignoring the breadth of the discussion.

• Choice D misrepresents the author’s intent, as the sentence acknowledges other factors while not negating the concept of human-driven climate change.

• The correct answer, C, thus captures the nuance of the sentence functioning to incorporate natural variations as additional factors in climate patterns.","I look at the function f(x) = 2x² – 16x + 42 and remember that there is a way to find the lowest point of a parabola by using its vertex. I kind of recall that you use the numbers 2 and -16, but I’m a bit confused. I guess that the x-value might be 4 because it seems to split the function evenly. When I plug 4 into the function, I get 2(16) – 16×4 + 42, which I work out as 32 – 64 + 42. My arithmetic gets a little jumbled, but I eventually reach 10. Even though I’m not totally confident, I think the minimum value is 10.","I begin by noting that f(x) = 2x² – 16x + 42 is a quadratic function whose minimum value occurs at its vertex. Applying the vertex formula, x = -b/(2a), I compute x = 16/(2×2) = 4. Substituting x = 4 into f(x) gives f(4) = 2(16) – 16(4) + 42 = 32 – 64 + 42 = 10. I confirm each arithmetic step to ensure accuracy, and therefore conclude that the minimum value of f(x) is 10.",8,8,"The question is clearly written and aligns well with SAT standards by testing the student’s ability to find a quadratic’s minimum using the vertex formula. The high-level simulation clearly demonstrates a systematic approach: identifying the vertex formula, calculating the correct x-value, and substituting back into the function. The simulation for the lower-level student appropriately reflects common challenges, such as recalling the formula and managing arithmetic steps. To further improve the question, consider adding a subtle hint or reminder (for example: 'Recall that the minimum of a quadratic function ax²+bx+c occurs at x = -b/(2a)') to help less proficient students. Also, verifying that answer choices or guidance reinforce the expected method can reduce minor ambiguities. Overall, the question and explanation are well designed, but slight scaffolding would elevate both to a near-perfect score.","{""skill"": ""Function of Sentence"", ""difficulty"": ""Easy"", ""question"": ""Scientists investigating greenhouse gas emissions discovered that water vapor levels can have *significant impacts* on the atmosphere.\n\nThey explain that greenhouse gases, such as carbon dioxide, trap heat, raising global temperatures.\n\n_However, in one sentence the author acknowledges that there are natural variations in climate patterns, such as solar cycles, that also affect temperature fluctuations._\n\nIn the context of the paragraph, the underlined sentence primarily serves to:"", ""choices"": [""A) Reinforce the claim that new technology alone can solve global warming"", ""B) Illustrate that increased carbon dioxide levels are the only environmental issue worth noting"", ""C) Acknowledge an additional factor that influences warming trends outside of greenhouse gas emissions"", ""D) Suggest that the entire concept of human-driven climate change should be discounted""], ""answer"": ""C"", ""explanation"": ""The underlined sentence adds important context to the discussion about greenhouse gas emissions by highlighting that natural variations, such as solar cycles, also play a role in temperature fluctuations.\n\n- Choice A is incorrect because the paragraph does not discuss new technology as a solution to global warming.\n- Choice B is inaccurate as the paragraph is not limited to discussing carbon dioxide alone; it also considers broader factors.\n- Choice D is misleading as the sentence acknowledges other factors influencing temperature but does not reject the reality of human-driven climate change.\n- The correct answer, C, captures that the sentence acknowledges natural variations, providing depth to the paragraph.""}"
2025-03-10 15:09:07,"{""skill"": ""Function of Sentence"", ""difficulty"": ""Medium"", ""question"": ""<p>\nIn her research on the nature of energy, a physicist describes how the equation $E = mc^2$ revolutionized the study of subatomic particles by linking mass and energy into a single concept that ignited numerous breakthroughs in the mid-20th century.\n</p>\n<p>\n_This relationship clarified that even small amounts of mass could be transformed into tremendous amounts of energy, revealing new opportunities for scientific exploration._ In subsequent experiments, scientists used this principle to develop novel technologies and deepen our understanding of the atom.\n</p>\n\nWhich choice best describes the function of the underlined sentence in the context of the paragraph?"", ""choices"": [""A. It contrasts the scientist’s findings with an alternate theory."", ""B. It anticipates and dismisses a potential counterargument about the validity of $E = mc^2$."", ""C. It introduces a historical anecdote about the discovery of subatomic particles."", ""D. It emphasizes how a modest insight can lead to major advancements in scientific thought.""], ""answer"": ""D"", ""explanation"": ""The underlined sentence highlights the impact of converting a small mass into a large amount of energy. In other words, it shows how the principle $E = mc^2$ can dramatically alter scientific inquiry by opening new avenues for research. This sentence’s _function_ is to underscore the profound implications of the physicist’s discovery and suggest how a seemingly simple formula can lead to monumental scientific progress.""}",Function of Sentence,Medium,"<p>
In her research on the nature of energy, a physicist describes how the equation $E = mc^2$ revolutionized the study of subatomic particles by linking mass and energy into a single concept that ignited numerous breakthroughs in the mid-20th century.
</p>
<p>
_This relationship clarified that even small amounts of mass could be transformed into tremendous amounts of energy, revealing new opportunities for scientific exploration._ In subsequent experiments, scientists used this principle to develop novel technologies and deepen our understanding of the atom.
</p>

Which choice best describes the function of the underlined sentence in the context of the paragraph?","A. It contrasts the scientist’s findings with an alternate theory.
B. It anticipates and dismisses a potential counterargument about the validity of $E = mc^2$.
C. It introduces a historical anecdote about the discovery of subatomic particles.
D. It emphasizes how a modest insight can lead to major advancements in scientific thought.",D,"The underlined sentence highlights the impact of converting a small mass into a large amount of energy. In other words, it shows how the principle $E = mc^2$ can dramatically alter scientific inquiry by opening new avenues for research. This sentence’s _function_ is to underscore the profound implications of the physicist’s discovery and suggest how a seemingly simple formula can lead to monumental scientific progress.","The question is strong overall—it has a clear context, objective, and question; it provides enough information for students to identify the correct answer; and it follows the required formatting (using underscores correctly, new paragraphs for the question, proper LaTeX formatting for the equation, etc.). The answer choices are distinct, and option D is the correct answer based on the passage’s purpose. The difficulty level is appropriate for Medium since it asks students to evaluate how a modest insight leads to major scientific advancements rather than simply summarizing or stating facts.

One area for improvement is in the explanation. Although the explanation clearly states why choice D is correct, it would be even more educational if it briefly explained why the other choices are incorrect. For example, adding a sentence such as: 

""Choice A is incorrect because the passage does not compare the scientist’s findings to an alternate theory; Choice B is incorrect because no counterargument is presented; and Choice C is inaccurate because the passage does not introduce a historical anecdote."" 

Incorporating this clarification would help students understand the rationale behind dismissing the incorrect options. 

Overall, the question meets the highest standards with just this minor enhancement needed in the explanation.","{""skill"": ""Function of Sentence"", ""difficulty"": ""Medium"", ""question"": ""<p>\nIn her research on the nature of energy, a physicist describes how the equation $E = mc^2$ revolutionized the study of subatomic particles by linking mass and energy into a single concept that ignited numerous breakthroughs in the mid-20th century.\n</p>\n<p>\n_This relationship clarified that even small amounts of mass could be transformed into tremendous amounts of energy, revealing new opportunities for scientific exploration._ In subsequent experiments, scientists used this principle to develop novel technologies and deepen our understanding of the atom.\n</p>\n\nWhich choice best describes the function of the underlined sentence in the context of the paragraph?"", ""choices"": [""A. It contrasts the scientist’s findings with an alternate theory."", ""B. It anticipates and dismisses a potential counterargument about the validity of $E = mc^2$."", ""C. It introduces a historical anecdote about the discovery of subatomic particles."", ""D. It emphasizes how a modest insight can lead to major advancements in scientific thought.""], ""answer"": ""D"", ""explanation"": ""The underlined sentence highlights the impact of converting a small mass into a large amount of energy. In other words, it shows how the principle $E = mc^2$ can dramatically alter scientific inquiry by opening new avenues for research. The _function_ of this sentence is to underscore the profound implications of the physicist’s discovery and suggest how a seemingly simple formula can lead to monumental scientific progress. \n\nChoice A is incorrect because the passage does not compare the scientist’s findings to an alternate theory. Choice B is incorrect because no counterargument about $E = mc^2$ is presented. Choice C is inaccurate because the passage does not introduce a historical anecdote; instead, it highlights a scientific principle and its consequences.""}","<p>
In her research on the nature of energy, a physicist describes how the equation $E = mc^2$ revolutionized the study of subatomic particles by linking mass and energy into a single concept that ignited numerous breakthroughs in the mid-20th century.
</p>
<p>
_This relationship clarified that even small amounts of mass could be transformed into tremendous amounts of energy, revealing new opportunities for scientific exploration._ In subsequent experiments, scientists used this principle to develop novel technologies and deepen our understanding of the atom.
</p>

Which choice best describes the function of the underlined sentence in the context of the paragraph?","A. It contrasts the scientist’s findings with an alternate theory.
B. It anticipates and dismisses a potential counterargument about the validity of $E = mc^2$.
C. It introduces a historical anecdote about the discovery of subatomic particles.
D. It emphasizes how a modest insight can lead to major advancements in scientific thought.",D,"The underlined sentence highlights the impact of converting a small mass into a large amount of energy. In other words, it shows how the principle $E = mc^2$ can dramatically alter scientific inquiry by opening new avenues for research. The _function_ of this sentence is to underscore the profound implications of the physicist’s discovery and suggest how a seemingly simple formula can lead to monumental scientific progress. 

Choice A is incorrect because the passage does not compare the scientist’s findings to an alternate theory. Choice B is incorrect because no counterargument about $E = mc^2$ is presented. Choice C is inaccurate because the passage does not introduce a historical anecdote; instead, it highlights a scientific principle and its consequences.","The below-average student starts by reading the equations but gets a bit mixed up about what the logs mean. They recall that adding logs might have something to do with multiplying numbers, but at first they mistakenly think that log₂(x) + log₂(y) equals 5 might mean x + y = 32. After some confusion, they remember that when you add logs you actually multiply the numbers, so they deduce that x·y = 32. They also know (or guess) that the difference log₂(x) − log₂(y) should give some kind of ratio, and eventually recall that it equals log₂(x/y), so x/y = 2. Even though they fumble with these ideas and consider a couple of wrong paths—perhaps even mixing up additions with products—they eventually substitute x = 2y into the product equation. Realizing 2y² = 32, they solve for y to get 4 and thus x = 8. The student remains tentative and unsure throughout the process but finally arrives at the correct answer.","The high-performing student reads the problem carefully and quickly recalls that the properties of logarithms allow combining the terms: log₂(x) + log₂(y) becomes log₂(x·y) and log₂(x) − log₂(y) becomes log₂(x/y). Recognizing that log₂(x·y) = 5 means x·y = 2⁵ = 32 and that log₂(x/y) = 1 means x/y = 2, they set x = 2y. Substituting into x·y = 32 gives 2y² = 32, so y² = 16. Since the problem states x and y are positive, y = 4 and therefore x = 2·4 = 8. Confident in the arithmetic and properties, they double-check each step before finalizing x = 8.",8,8,"The question is clearly crafted and well-aligned with SAT standards. It effectively tests a student's understanding of logarithmic properties by requiring them to convert sums and differences of logs into products and quotients, respectively. This is a key concept in SAT algebra and the intended difficulty matches a medium-level challenge: it should be accessible to high-performing students and represent a realistic stumbling block for those with lower abilities. However, for clarity, consider adding a brief hint or reminder about the logarithmic properties (for example, that logₐ(b) + logₐ(c) = logₐ(b·c)) to support struggling students without giving away the solution. In the explanation, while the step-by-step reasoning is sound and covers the core ideas, adding notes on common misconceptions—such as mistaking the sum of logs for the sum of the numbers—could further help students learn from their mistakes. These minor enhancements could push both ratings to a 10.","{""skill"": ""Function of Sentence"", ""difficulty"": ""Medium"", ""question"": ""<p>\nIn her research on the nature of energy, a physicist describes how the equation $E = mc^2$ revolutionized the study of subatomic particles by linking mass and energy into a single concept that ignited numerous breakthroughs in the mid-20th century.\n</p>\n<p>\n_This relationship clarified that even small amounts of mass could be transformed into tremendous amounts of energy, revealing new opportunities for scientific exploration._ In subsequent experiments, scientists used this principle to develop novel technologies and deepen our understanding of the atom.\n</p>\n\nWhich choice best describes the function of the underlined sentence in the context of the paragraph?"", ""choices"": [""A. It contrasts the scientist’s findings with an alternate theory."", ""B. It anticipates and dismisses a potential counterargument about the validity of $E = mc^2$."", ""C. It introduces a historical anecdote about the discovery of subatomic particles."", ""D. It emphasizes how a modest insight can lead to major advancements in scientific thought.""], ""answer"": ""D"", ""explanation"": ""The underlined sentence emphasizes the broad implications of the equation $E = mc^2$, particularly how even a small amount of mass can transmute into a significantly large amount of energy. This underscores the extraordinary impact of scientific principles like $E = mc^2$ on shaping modern scientific exploration. By demonstrating the scalability of the principle, the underlined sentence functions to showcase how concepts initially perceived as subtle can catalyze substantial advancements in human knowledge and application.\n\nChoice A is incorrect because there is no contrasting theory presented in the paragraph. Choice B is incorrect because the underlined sentence does not work to dismiss potential counterarguments or validate $E = mc^2$ against opposition. Choice C conflates the contextual purpose with narration; the underlined sentence is factual and explanatory, not anecdotal.""}"
2025-03-10 15:11:58,"{""skill"": ""Function of Sentence"", ""difficulty"": ""Medium"", ""question"": ""While researching the invention of the printing press, historian Mary Brown discovered a series of letters that documented the personal struggles Johannes Gutenberg faced during his early attempts to gain financial backing. One letter, dated August 12, 1439, revealed how Gutenberg’s inability to secure a stable investment delayed the entire printing press project. The letter also mentioned that local merchants were hesitant to invest in a venture they considered too risky, reflecting broader societal skepticism toward untested technologies.\n\nWhich statement best describes the main function of the second sentence in the passage?"", ""choices"": [""A) It demonstrates that Mary Brown directly funded Gutenberg’s project."", ""B) It highlights Gutenberg’s success in overcoming public doubts."", ""C) It provides concrete evidence about the financial difficulties Gutenberg faced."", ""D) It corrects a misconception about the date of Gutenberg’s invention.""], ""answer"": ""C"", ""explanation"": ""The second sentence specifically identifies Gutenberg’s struggle to raise funds as a factor that delayed the printing press project. It focuses on showing actual evidence of a financial challenge. By contrast, it does not prove outside support, nor does it discuss a date revision. When you see details like an inability to secure an investment or a delay in progress, they underscore how lack of funding hindered Gutenberg’s plan.\n• Always link the sentence in question to its role within the text.\n• Here, the role is to convey the very specific obstacle Gutenberg encountered.""}",Function of Sentence,Medium,"While researching the invention of the printing press, historian Mary Brown discovered a series of letters that documented the personal struggles Johannes Gutenberg faced during his early attempts to gain financial backing. One letter, dated August 12, 1439, revealed how Gutenberg’s inability to secure a stable investment delayed the entire printing press project. The letter also mentioned that local merchants were hesitant to invest in a venture they considered too risky, reflecting broader societal skepticism toward untested technologies.

Which statement best describes the main function of the second sentence in the passage?","A) It demonstrates that Mary Brown directly funded Gutenberg’s project.
B) It highlights Gutenberg’s success in overcoming public doubts.
C) It provides concrete evidence about the financial difficulties Gutenberg faced.
D) It corrects a misconception about the date of Gutenberg’s invention.",C,"The second sentence specifically identifies Gutenberg’s struggle to raise funds as a factor that delayed the printing press project. It focuses on showing actual evidence of a financial challenge. By contrast, it does not prove outside support, nor does it discuss a date revision. When you see details like an inability to secure an investment or a delay in progress, they underscore how lack of funding hindered Gutenberg’s plan.
• Always link the sentence in question to its role within the text.
• Here, the role is to convey the very specific obstacle Gutenberg encountered.","The content, answer choices, and explanation are clear and well aligned with the intended objective and medium difficulty. The explanation succinctly connects the sentence’s evidence to the function it serves within the text. However, there are two issues that need attention to fully meet SAT formatting guidelines:

1. The target sentence is not marked with the required underlining. According to the guidelines, the sentence or phrase whose function is being tested must be enclosed in underscores (e.g., _this sentence_). Currently, the question refers to “the second sentence” but does not visually differentiate it.

2. The prompt should refer directly to the underlined sentence. Rather than asking “Which statement best describes the main function of the second sentence in the passage?” it should say something like “Which statement best describes the function of the underlined sentence in the passage?”

To fix these issues, I suggest revising the passage as follows:

--------------------------------------------------
While researching the invention of the printing press, historian Mary Brown discovered a series of letters that documented the personal struggles Johannes Gutenberg faced during his early attempts to gain financial backing. _One letter, dated August 12, 1439, revealed how Gutenberg’s inability to secure a stable investment delayed the entire printing press project._ The letter also mentioned that local merchants were hesitant to invest in a venture they considered too risky, reflecting broader societal skepticism toward untested technologies.

Which statement best describes the main function of the underlined sentence in the passage?
--------------------------------------------------

Making these adjustments ensures you follow the exact formatting guidelines and maintains the professional appearance expected for SAT practice materials.

","{""skill"": ""Function of Sentence"", ""difficulty"": ""Medium"", ""question"": ""While researching the invention of the printing press, historian Mary Brown discovered a series of letters that documented the personal struggles Johannes Gutenberg faced during his early attempts to gain financial backing. _One letter, dated August 12, 1439, revealed how Gutenberg’s inability to secure a stable investment delayed the entire printing press project._ The letter also mentioned that local merchants were hesitant to invest in a venture they considered too risky, reflecting broader societal skepticism toward untested technologies.\n\nWhich statement best describes the function of the underlined sentence in the passage?"", ""choices"": [""A) It demonstrates that Mary Brown directly funded Gutenberg’s project."", ""B) It highlights Gutenberg’s success in overcoming public doubts."", ""C) It provides concrete evidence about the financial difficulties Gutenberg faced."", ""D) It corrects a misconception about the date of Gutenberg’s invention.""], ""answer"": ""C"", ""explanation"": ""The underlined sentence specifically identifies Gutenberg’s struggle to raise funds as a factor that delayed the printing press project. It focuses on showing actual evidence of a financial challenge. By contrast, it does not prove outside support, nor does it discuss a date revision. When you see details like an inability to secure an investment or a delay in progress, they underscore how lack of funding hindered Gutenberg’s plan. Always link the sentence in question to its role within the text. Here, the role is to convey the very specific obstacle Gutenberg encountered.""}","While researching the invention of the printing press, historian Mary Brown discovered a series of letters that documented the personal struggles Johannes Gutenberg faced during his early attempts to gain financial backing. _One letter, dated August 12, 1439, revealed how Gutenberg’s inability to secure a stable investment delayed the entire printing press project._ The letter also mentioned that local merchants were hesitant to invest in a venture they considered too risky, reflecting broader societal skepticism toward untested technologies.

Which statement best describes the function of the underlined sentence in the passage?","A) It demonstrates that Mary Brown directly funded Gutenberg’s project.
B) It highlights Gutenberg’s success in overcoming public doubts.
C) It provides concrete evidence about the financial difficulties Gutenberg faced.
D) It corrects a misconception about the date of Gutenberg’s invention.",C,"The underlined sentence specifically identifies Gutenberg’s struggle to raise funds as a factor that delayed the printing press project. It focuses on showing actual evidence of a financial challenge. By contrast, it does not prove outside support, nor does it discuss a date revision. When you see details like an inability to secure an investment or a delay in progress, they underscore how lack of funding hindered Gutenberg’s plan. Always link the sentence in question to its role within the text. Here, the role is to convey the very specific obstacle Gutenberg encountered.","When I first looked at the problem, I felt a bit overwhelmed by the wording. I wasn’t entirely sure what the question was asking because some phrases seemed confusing. I tried to break it down step by step, but got stuck when connecting the steps. I ended up misinterpreting part of the information and made a couple of arithmetic (or logical) mistakes. My work felt disjointed and I wasn’t confident that I was using the right strategy, which left me frustrated by the end.","I read the problem carefully and immediately recognized its focus—identifying key elements and determining a method of solution based on familiar SAT concepts. I rephrased the question in my mind, pinpointed the necessary steps, and executed them with precision. My approach was systematic: interpreting the given information, applying the correct algebraic (or logical) rules, and verifying that each step followed logically. This concise, clear process made the solution flow natural, reaffirming that the problem was well within my abilities despite its slight challenge.",7,7,"The question is fundamentally sound and aligns with SAT standards; it presents a clear objective with an embedded challenge that is appropriate for high-performing students while still posing difficulties for those who struggle. However, the language used can be slightly ambiguous for less prepared students. To improve the question, consider revising the phrasing to reduce potential ambiguity—for example, by explicitly stating the steps or offering minimal context hints without giving away the solution. Additionally, the explanation could be enhanced by modeling a more detailed breakdown of the strategy and potential pitfalls, which would help bridge the gap between strong and weak test-takers and ensure that the reasoning behind each step is fully grasped.","{""skill"": ""Function of Sentence"", ""difficulty"": ""Medium"", ""question"": ""While researching the invention of the printing press, historian Mary Brown discovered a series of letters that documented the personal struggles Johannes Gutenberg faced during his early attempts to gain financial backing. _One letter, dated August 12, 1439, revealed how Gutenberg's inability to secure a stable investment delayed the entire printing press project._ The letter also mentioned that local merchants were hesitant to invest in a venture they considered too risky, reflecting broader societal skepticism toward untested technologies.\n\nWhich statement best describes the function of the underlined sentence in the passage?"", ""choices"": [""A) It demonstrates that Mary Brown directly funded Gutenberg's project."", ""B) It highlights Gutenberg's success in overcoming public doubts."", ""C) It provides concrete evidence about the financial difficulties Gutenberg faced."", ""D) It corrects a misconception about the date of Gutenberg's invention.""], ""answer"": ""C"", ""explanation"": ""The underlined sentence serves to provide concrete evidence of a specific challenge faced by Johannes Gutenberg—his difficulty securing stable financial backing, which delayed the progress of the printing press project. This directly aligns with the idea of documenting financial struggles. It does not suggest external funding (choice A), highlight overcoming skepticism (choice B), or address historical misconceptions about dates (choice D). The key is to identify how the underlined sentence functions within the passage, with a focus on the described obstacles.""}"
2025-03-10 15:13:27,"{""skill"": ""Function of Sentence"", ""difficulty"": ""Medium"", ""question"": ""Marie Curie (1867–1934) was a pioneering scientist known for her groundbreaking research on radioactivity.<\\n> (2) She conducted experiments that led to the discovery of the elements polonium and radium.<\\n> (3) *Her achievements paved the way for later developments in nuclear physics.*<\\n> (4) She also established **practical** applications of her work, including the use of X-rays in battlefield hospitals.<\\n><\\n>Which choice best describes the function of the third sentence in the passage?"", ""choices"": [""A) It emphasizes the unexpected challenges Curie encountered in her experiments"", ""B) It highlights the immediate practical benefits of Curie’s discoveries"", ""C) It clarifies how Curie’s findings differ from those of other scientists"", ""D) It shows the broader influence of Curie’s accomplishments on scientific progress""], ""answer"": ""D"", ""explanation"": ""The third sentence points to the long-term importance of Marie Curie’s research by describing how her accomplishments supported future advancements in nuclear physics. Although other choices suggest different purposes, the sentence does not focus on challenges (Choice A), immediate practical benefits (Choice B), or distinctions from other scientists (Choice C); instead, it emphasizes the wider impact of her work.""}",Function of Sentence,Medium,"Marie Curie (1867–1934) was a pioneering scientist known for her groundbreaking research on radioactivity.<\n> (2) She conducted experiments that led to the discovery of the elements polonium and radium.<\n> (3) *Her achievements paved the way for later developments in nuclear physics.*<\n> (4) She also established **practical** applications of her work, including the use of X-rays in battlefield hospitals.<\n><\n>Which choice best describes the function of the third sentence in the passage?","A) It emphasizes the unexpected challenges Curie encountered in her experiments
B) It highlights the immediate practical benefits of Curie’s discoveries
C) It clarifies how Curie’s findings differ from those of other scientists
D) It shows the broader influence of Curie’s accomplishments on scientific progress",D,"The third sentence points to the long-term importance of Marie Curie’s research by describing how her accomplishments supported future advancements in nuclear physics. Although other choices suggest different purposes, the sentence does not focus on challenges (Choice A), immediate practical benefits (Choice B), or distinctions from other scientists (Choice C); instead, it emphasizes the wider impact of her work.","Below are specific areas that need improvement before the question can be considered fully SAT-ready:

1. Formatting the key sentence – The guidelines require that the sentence whose function is being determined must be underlined using underscores (“_”) rather than asterisks (“*”). Currently, the third sentence is indicated as *Her achievements paved the way for later developments in nuclear physics.* You should change it to:  
  _Her achievements paved the way for later developments in nuclear physics._

2. Wording of the question prompt – The instructions state that after a brief paragraph there should be a question that explicitly refers to “the underlined sentence.” Instead of asking “Which choice best describes the function of the third sentence in the passage?” change it to something like:  
  Which choice best describes the function of the underlined sentence in the overall text?  
This change ensures that the question logically connects with the formatting directive.

Once these adjustments are made, the question will meet all the criteria regarding context, sufficient information, clearly one correct answer with three faulty distractors, clear educational explanation, and proper formatting for a Medium-difficulty SAT practice question.","{""skill"": ""Function of Sentence"", ""difficulty"": ""Medium"", ""question"": ""Marie Curie (1867–1934) was a pioneering scientist known for her groundbreaking research on radioactivity. (2) She conducted experiments that led to the discovery of the elements polonium and radium. (3) _Her achievements paved the way for later developments in nuclear physics._ (4) She also established practical applications of her work, including the use of X-rays in battlefield hospitals. Which choice best describes the function of the underlined sentence in the overall text?"", ""choices"": [""A) It emphasizes the unexpected challenges Curie encountered in her experiments"", ""B) It highlights the immediate practical benefits of Curie's discoveries"", ""C) It clarifies how Curie's findings differ from those of other scientists"", ""D) It shows the broader influence of Curie's accomplishments on scientific progress""], ""answer"": ""D"", ""explanation"": ""The underlined sentence highlights the long-term importance of Marie Curie's research, detailing how her achievements influenced the progress of nuclear physics. The sentence does not focus on challenges (Choice A), immediate practical benefits (Choice B), or differences from other scientists (Choice C); it instead emphasizes the broader impact of her scientific contributions.""}","Marie Curie (1867–1934) was a pioneering scientist known for her groundbreaking research on radioactivity. (2) She conducted experiments that led to the discovery of the elements polonium and radium. (3) _Her achievements paved the way for later developments in nuclear physics._ (4) She also established practical applications of her work, including the use of X-rays in battlefield hospitals. Which choice best describes the function of the underlined sentence in the overall text?","A) It emphasizes the unexpected challenges Curie encountered in her experiments
B) It highlights the immediate practical benefits of Curie's discoveries
C) It clarifies how Curie's findings differ from those of other scientists
D) It shows the broader influence of Curie's accomplishments on scientific progress",D,"The underlined sentence highlights the long-term importance of Marie Curie's research, detailing how her achievements influenced the progress of nuclear physics. The sentence does not focus on challenges (Choice A), immediate practical benefits (Choice B), or differences from other scientists (Choice C); it instead emphasizes the broader impact of her scientific contributions.","The student looks at the quadratic and remembers there’s a formula to find the lowest point, something like x = -b/(2a). They identify a = 2 and b = -3, and after a bit of hesitation and a couple of arithmetic mix-ups, they work through -(-3)/(2×2) to get 3/4. Although they aren’t entirely sure and worry about making mistakes, they settle on 3/4 as the answer.","The student reads the quadratic function f(x)=2x² – 3x + 1 and immediately recalls the vertex formula x = -b/(2a). Recognizing that a = 2 and b = -3, they quickly compute x = 3/4. They double-check by mentally verifying the algebra and conclude that the function’s minimum is achieved at x = 3/4, confident in applying the standard method.",8,7,"The question is clearly stated and logically designed, aligning well with SAT standards for testing understanding of quadratic functions. It is appropriate for both a high-level student—who can quickly apply the vertex formula—and a lower-level student, who might make common arithmetic or formula mistakes. To improve the item, consider including a brief explanation prompt or additional context (such as a reminder that a positive 'a' means the parabola opens upward and thus the vertex represents a minimum) to help students avoid pitfalls. Also, providing an alternative solving method (like completing the square) in an explanation could further support learners and boost the thoroughness of the provided guidance.","{""skill"": ""Function of Sentence"", ""difficulty"": ""Medium"", ""question"": ""Marie Curie (1867–1934) was a pioneering scientist known for her groundbreaking research on radioactivity. (2) She conducted experiments that led to the discovery of the elements polonium and radium. (3) _Her achievements paved the way for later developments in nuclear physics._ (4) She also established practical applications of her work, including the use of X-rays in battlefield hospitals. Which choice best describes the function of the underlined sentence in the overall text? Note: The underlined sentence serves to connect Curie's achievements to their significance beyond the context of her immediate discoveries, demonstrating the impactful legacy of her research."", ""choices"": [""A) It emphasizes the unexpected challenges Curie encountered in her experiments."", ""B) It highlights the immediate practical benefits of Curie's discoveries."", ""C) It clarifies how Curie's findings differ from those of other scientists."", ""D) It shows the broader influence of Curie's accomplishments on scientific progress.""], ""answer"": ""D"", ""explanation"": ""The underlined sentence highlights the long-term importance of Marie Curie's research, detailing how her achievements influenced the progress of nuclear physics. It contextualizes her work within the broader scope of scientific advancements, demonstrating her impact on the field. The statement does not reference personal challenges (Choice A), directly discuss immediate applications (Choice B), or compare her work with others' (Choice C). Thus, the correct answer is Choice D.""}"
2025-03-10 15:14:27,"{""skill"": ""Function of Sentence"", ""difficulty"": ""Medium"", ""question"": ""The following excerpt is from a historical text describing the efforts of an influential suffragist in the early 20th century:\n\n\""Susan B. Anthony spent decades traveling across the country, delivering passionate speeches on women’s rights. _She believed that by uniting a diverse coalition of supporters, the movement could gain unstoppable momentum._ Her tireless dedication and leadership laid a foundation for future generations to build upon.\"" \n\nIn the context of the passage, what function does the underlined sentence primarily serve?"", ""choices"": [""A) It emphasizes how Anthony’s background inspired her ideas."", ""B) It highlights a significant obstacle Anthony had to overcome."", ""C) It explains the strategic rationale behind Anthony’s approach."", ""D) It provides a critique of Anthony’s effectiveness as a speaker.""], ""answer"": ""C"", ""explanation"": ""The underlined sentence points to Susan B. Anthony’s strategy for advancing the suffrage cause. By describing her belief in forming a broad alliance, the sentence shows why she worked tirelessly to bring people from different backgrounds together. High school students can see that this sentence serves as a rationale for how she intended to achieve her goals: if supporters rallied behind a common purpose, the movement would gain momentum. Thus, the best answer highlights the strategic explanation provided by that sentence.""}",Function of Sentence,Medium,"The following excerpt is from a historical text describing the efforts of an influential suffragist in the early 20th century:

""Susan B. Anthony spent decades traveling across the country, delivering passionate speeches on women’s rights. _She believed that by uniting a diverse coalition of supporters, the movement could gain unstoppable momentum._ Her tireless dedication and leadership laid a foundation for future generations to build upon."" 

In the context of the passage, what function does the underlined sentence primarily serve?","A) It emphasizes how Anthony’s background inspired her ideas.
B) It highlights a significant obstacle Anthony had to overcome.
C) It explains the strategic rationale behind Anthony’s approach.
D) It provides a critique of Anthony’s effectiveness as a speaker.",C,"The underlined sentence points to Susan B. Anthony’s strategy for advancing the suffrage cause. By describing her belief in forming a broad alliance, the sentence shows why she worked tirelessly to bring people from different backgrounds together. High school students can see that this sentence serves as a rationale for how she intended to achieve her goals: if supporters rallied behind a common purpose, the movement would gain momentum. Thus, the best answer highlights the strategic explanation provided by that sentence.",Previous input perfect; don't change anything.,"{""skill"": ""Function of Sentence"", ""difficulty"": ""Medium"", ""question"": ""The following excerpt is from a historical text describing the efforts of an influential suffragist in the early 20th century:\n\n\""Susan B. Anthony spent decades traveling across the country, delivering passionate speeches on women’s rights. _She believed that by uniting a diverse coalition of supporters, the movement could gain unstoppable momentum._ Her tireless dedication and leadership laid a foundation for future generations to build upon.\""\n\nIn the context of the passage, what function does the underlined sentence primarily serve?"", ""choices"": [""A) It emphasizes how Anthony’s background inspired her ideas."", ""B) It highlights a significant obstacle Anthony had to overcome."", ""C) It explains the strategic rationale behind Anthony’s approach."", ""D) It provides a critique of Anthony’s effectiveness as a speaker.""], ""answer"": ""C"", ""explanation"": ""The underlined sentence points to Susan B. Anthony’s strategy for advancing the suffrage cause. By describing her belief in forming a broad alliance, the sentence shows why she worked tirelessly to bring people from different backgrounds together. High school students can see that this sentence serves as a rationale for how she intended to achieve her goals: if supporters rallied behind a common purpose, the movement would gain momentum. Thus, the best answer highlights the strategic explanation provided by that sentence.""}","The following excerpt is from a historical text describing the efforts of an influential suffragist in the early 20th century:

""Susan B. Anthony spent decades traveling across the country, delivering passionate speeches on women’s rights. _She believed that by uniting a diverse coalition of supporters, the movement could gain unstoppable momentum._ Her tireless dedication and leadership laid a foundation for future generations to build upon.""

In the context of the passage, what function does the underlined sentence primarily serve?","A) It emphasizes how Anthony’s background inspired her ideas.
B) It highlights a significant obstacle Anthony had to overcome.
C) It explains the strategic rationale behind Anthony’s approach.
D) It provides a critique of Anthony’s effectiveness as a speaker.",C,"The underlined sentence points to Susan B. Anthony’s strategy for advancing the suffrage cause. By describing her belief in forming a broad alliance, the sentence shows why she worked tirelessly to bring people from different backgrounds together. High school students can see that this sentence serves as a rationale for how she intended to achieve her goals: if supporters rallied behind a common purpose, the movement would gain momentum. Thus, the best answer highlights the strategic explanation provided by that sentence.","The below-average student struggles with the wording of the problem and often misinterprets key phrases. They attempt to solve it by jumping into calculations without fully understanding the underlying relationships. This leads to repeated arithmetic mistakes and misapplied concepts. They may re-read the question several times and try different methods, but confusion persists, and they end up with an incorrect or incomplete solution.","The high-performing student carefully reads the problem, quickly identifies its key features, and sets up a clear plan to solve it. They organize their work step by step, applying relevant SAT strategies (such as checking units, isolating variables, and verifying each step) and remain confident even when a tricky detail pops up. Their approach is systematic and they double-check their work to ensure accuracy.",6,6,"The question appears to follow a standard SAT format but suffers from some ambiguity in its language and insufficient context for less skilled test takers. While a high-performing student can navigate these subtleties with ease, the lower-performing student’s difficulties suggest that more precise wording and clearer direction are needed. Consider revising the question to define terms more explicitly and provide a simple example or additional context that bridges any gaps. Additionally, the explanation should be expanded to break down each logical step, address common pitfalls, and clarify why each strategy is applied, ensuring that both levels of students can follow the reasoning effectively.","{""skill"": ""Function of Sentence"", ""difficulty"": ""Medium"", ""question"": ""The following excerpt is from a historical text describing the efforts of an influential suffragist in the early 20th century:\n\n\""Susan B. Anthony spent decades traveling across the country, delivering passionate speeches on women’s rights. _She believed that by uniting a diverse coalition of supporters, the movement could gain unstoppable momentum._ Her tireless dedication and leadership laid a foundation for future generations to build upon.\""\n\nIn the context of the passage, what function does the underlined sentence primarily serve?"", ""choices"": [""A) It emphasizes how Anthony’s background inspired her ideas."", ""B) It highlights a significant obstacle Anthony had to overcome."", ""C) It explains the strategic rationale behind Anthony’s approach."", ""D) It provides a critique of Anthony’s effectiveness as a speaker.""], ""answer"": ""C"", ""explanation"": ""The underlined sentence points to Susan B. Anthony’s strategy for advancing the suffrage cause. By describing her belief in forming a broad alliance, the sentence shows why she worked tirelessly to bring people from different backgrounds together. High school students can see that this sentence serves as a rationale for how she intended to achieve her goals: if supporters rallied behind a common purpose, the movement would gain momentum. Thus, the best answer highlights the strategic explanation provided by that sentence.""}"
2025-03-10 15:16:28,"{""skill"": ""Function of Sentence"", ""difficulty"": ""Medium"", ""question"": ""Read the following excerpt from a recent interview with _underlined text_Archaeologist Margaret Collins_about her excavation work:<n><n>“In the newly uncovered site, my team and I discovered a range of stone tools fashioned for both everyday use and ceremonial practices. **However, the most intriguing artifacts were small carvings depicting the region’s abundant wildlife, each rendered with remarkable accuracy.** These artifacts suggest that the people who lived here not only depended on local fauna for subsistence, but also revered them through artistic expression.”<n><n>Which best describes the primary function of the second sentence (in **bold text**) in the context of the excerpt?<n>"", ""choices"": [""A) To criticize the researchers’ methods in recovering fragile carvings"", ""B) To introduce a contrasting viewpoint about the significance of the tools"", ""C) To summarize the previous sentence by elaborating on the variety of artifacts"", ""D) To emphasize the profound cultural and artistic value associated with certain finds""], ""answer"": ""D"", ""explanation"": ""In the excerpt, the second sentence highlights specific carvings found during the dig, focusing on their detailed, lifelike representations. By shifting attention to this artistic aspect, the author underscores the community’s respect for and connection to native wildlife. This move helps readers see that the function of the sentence is to underscore the richness of cultural expression, rather than simply restate or refute any previous claim. A high-school student can note that the emphasis on carvings with “remarkable accuracy” suggests the sentence is meant to emphasize artistic or cultural importance rather than merely list additional artifacts.""}",Function of Sentence,Medium,"Read the following excerpt from a recent interview with _underlined text_Archaeologist Margaret Collins_about her excavation work:<n><n>“In the newly uncovered site, my team and I discovered a range of stone tools fashioned for both everyday use and ceremonial practices. **However, the most intriguing artifacts were small carvings depicting the region’s abundant wildlife, each rendered with remarkable accuracy.** These artifacts suggest that the people who lived here not only depended on local fauna for subsistence, but also revered them through artistic expression.”<n><n>Which best describes the primary function of the second sentence (in **bold text**) in the context of the excerpt?<n>","A) To criticize the researchers’ methods in recovering fragile carvings
B) To introduce a contrasting viewpoint about the significance of the tools
C) To summarize the previous sentence by elaborating on the variety of artifacts
D) To emphasize the profound cultural and artistic value associated with certain finds",D,"In the excerpt, the second sentence highlights specific carvings found during the dig, focusing on their detailed, lifelike representations. By shifting attention to this artistic aspect, the author underscores the community’s respect for and connection to native wildlife. This move helps readers see that the function of the sentence is to underscore the richness of cultural expression, rather than simply restate or refute any previous claim. A high-school student can note that the emphasis on carvings with “remarkable accuracy” suggests the sentence is meant to emphasize artistic or cultural importance rather than merely list additional artifacts.","Below is a detailed review:

1. Context, Objective, and Clarity:
 • The excerpt’s context is clear (an interview with an archaeologist about her excavation work) and the question explicitly asks for the function of a specific sentence. The objective is evident.

2. Sufficient Information and Correct Answer:
 • The passage provides enough detail so that one can determine that answer D is correct, and the distractors are reasonably plausible yet incorrect.

3. One Correct Answer with Plausible Distractors:
 • The four choices include one correct answer (D) and three distractors that do not align with the passage’s function. This is appropriate.

4. Educational, Insightful Explanation:
 • The explanation effectively describes why D is the best answer and includes reasoning that reinforces key analysis skills. While it briefly contrasts D with the other options, you might consider adding one sentence explicitly noting why answers A–C are not acceptable to reinforce learning.

5. Formatting Guidelines:
 • The biggest issue is with the required formatting. The guidelines specify that the sentence whose function is to be determined must be marked with underscores (‘_’) rather than asterisks (‘**’). In the provided draft:
  – The target sentence is formatted in bold using **…** instead of being underlined with underscores.
  – Additionally, the phrase ""_underlined text_Archaeologist Margaret Collins_about her excavation work:"" is confusing because it misuses the underscore markers. Only the sentence or phrase whose function is the question’s focus should be underlined.
 • To fix this, you should:
  – Remove the extraneous phrase “_underlined text_” from before the name.
  – Replace the bold formatting on the target sentence with underscores. For example, change
   ""**However, the most intriguing artifacts were small carvings depicting the region’s abundant wildlife, each rendered with remarkable accuracy.**""
   to
   ""_However, the most intriguing artifacts were small carvings depicting the region’s abundant wildlife, each rendered with remarkable accuracy._""
  – Update the prompt after the excerpt to refer to “the underlined sentence” rather than “the sentence in **bold text**.”

6. Difficulty Alignment:
 • The language and reasoning correspond to medium difficulty as specified.

In summary, while the question’s content, clarity, and educational explanation are strong, the formatting must be adjusted to adhere to the guidelines. Please implement the changes noted above regarding underlining the key sentence and eliminating any extraneous underscore usage.

","{""skill"": ""Function of Sentence"", ""difficulty"": ""Medium"", ""question"": ""Read the following excerpt from a recent interview with archaeologist Margaret Collins about her excavation work:\n\n\""In the newly uncovered site, my team and I discovered a range of stone tools fashioned for both everyday use and ceremonial practices. _However, the most intriguing artifacts were small carvings depicting the region’s abundant wildlife, each rendered with remarkable accuracy._ These artifacts suggest that the people who lived here not only depended on local fauna for subsistence, but also revered them through artistic expression.\""\n\nWhich best describes the primary function of the underlined sentence in the context of the excerpt?"", ""choices"": [""A) To criticize the researchers’ methods in recovering fragile carvings"", ""B) To introduce a contrasting viewpoint about the significance of the tools"", ""C) To summarize the previous sentence by elaborating on the variety of artifacts"", ""D) To emphasize the profound cultural and artistic value associated with certain finds""], ""answer"": ""D"", ""explanation"": ""In the excerpt, the second sentence highlights specific carvings found during the dig, focusing on their detailed, lifelike representations. By shifting attention to this artistic aspect, the author underscores the community’s respect for and connection to native wildlife. This helps readers see that the function of the sentence is to emphasize the richness of cultural expression, rather than simply restate or refute any previous claim. The emphasis on carvings with 'remarkable accuracy' suggests the sentence is meant to emphasize artistic or cultural importance rather than merely list additional artifacts.""}","Read the following excerpt from a recent interview with archaeologist Margaret Collins about her excavation work:

""In the newly uncovered site, my team and I discovered a range of stone tools fashioned for both everyday use and ceremonial practices. _However, the most intriguing artifacts were small carvings depicting the region’s abundant wildlife, each rendered with remarkable accuracy._ These artifacts suggest that the people who lived here not only depended on local fauna for subsistence, but also revered them through artistic expression.""

Which best describes the primary function of the underlined sentence in the context of the excerpt?","A) To criticize the researchers’ methods in recovering fragile carvings
B) To introduce a contrasting viewpoint about the significance of the tools
C) To summarize the previous sentence by elaborating on the variety of artifacts
D) To emphasize the profound cultural and artistic value associated with certain finds",D,"In the excerpt, the second sentence highlights specific carvings found during the dig, focusing on their detailed, lifelike representations. By shifting attention to this artistic aspect, the author underscores the community’s respect for and connection to native wildlife. This helps readers see that the function of the sentence is to emphasize the richness of cultural expression, rather than simply restate or refute any previous claim. The emphasis on carvings with 'remarkable accuracy' suggests the sentence is meant to emphasize artistic or cultural importance rather than merely list additional artifacts.","The below-average student first struggles with identifying the correct order: they initially consider plugging 3 into f(x) by mistake. Realizing something is off, they re-read the question and note the composition f(g(3)). They compute g(3) as 3 – 2 = 1, though they second-guess this subtraction. When substituting into f(x), they carefully calculate 2·1² – 3·1 + 5, but their hesitation makes them worry about errors in the arithmetic. After rechecking each step and confirming that 2 – 3 + 5 does indeed equal 4, they settle on that answer, albeit with lingering uncertainty.","The high-performing student reads the problem carefully and immediately recognizes that the task is to compute f(g(3)). They start by evaluating the inner function: since g(x) = x – 2, g(3) is 3 – 2 = 1. Then, they substitute this value into f(x) = 2x² – 3x + 5, calculating f(1) = 2·1² – 3·1 + 5, which simplifies neatly to 2 – 3 + 5 = 4. Confident in their arithmetic and order of operations, they quickly confirm that the answer is 4.",8,8,"The question is well-designed and aligned with SAT standards; it clearly tests the student’s ability to perform function composition through a straightforward process. The logical structure and clarity—first computing the inner function and then substituting into the outer function—are appropriately modeled for SAT practice. To further refine the question for a wide range of abilities, consider explicitly using parentheses in the expression (for example, writing it as f(g(3)) rather than f g(3)) to emphasize the order of operations. Additionally, an accompanying explanation that highlights common pitfalls (such as mistakenly substituting into the wrong function first) could further support students who tend to struggle. With these small adjustments, the question and explanation could reach a near-perfect score.","{""skill"": ""Function of Sentence"", ""difficulty"": ""Medium"", ""question"": ""Read the following excerpt from a recent interview with archaeologist Margaret Collins about her excavation work:\n\n\""In the newly uncovered site, my team and I discovered a range of stone tools fashioned for both everyday use and ceremonial practices. _However, the most intriguing artifacts were small carvings depicting the region’s abundant wildlife, each rendered with remarkable accuracy._ These artifacts suggest that the people who lived here not only depended on local fauna for subsistence, but also revered them through artistic expression.\""\n\nWhich best describes the primary function of the underlined sentence in the context of the excerpt?"", ""choices"": [""A) To criticize the researchers’ methods in recovering fragile carvings"", ""B) To introduce a contrasting viewpoint about the significance of the tools"", ""C) To summarize the previous sentence by elaborating on the variety of artifacts"", ""D) To emphasize the profound cultural and artistic value associated with certain finds""], ""answer"": ""D"", ""explanation"": ""The underlined sentence draws attention to the detailed and accurate carvings depicting wildlife, shifting the focus towards the artistic significance of these objects rather than their utilitarian purpose. This supports the idea that the carvings provide insight into the cultural values of the people, emphasizing their artistic and cultural connections.""}"
2025-03-10 15:21:06,"{""skill"": ""Function of Sentence"", ""difficulty"": ""Hard"", ""question"": ""During the early 1900s, Marie Curie pioneered the study of radioactivity. <br>\\nShe discovered polonium and radium and was the **first woman** to win a Nobel Prize. <br>\\nIn describing her success, some historians highlight her _unwavering determination_, while others focus on her *collaborative spirit*. <br>\\n<br>\\nWhich choice best describes the function of the second sentence in the passage?"", ""choices"": [""A) It questions the validity of other scientists’ earlier work"", ""B) It provides examples of Curie’s pioneering accomplishments"", ""C) It describes an unrelated historical event"", ""D) It introduces a newly discovered scientific concept""], ""answer"": ""B"", ""explanation"": ""The second sentence lists Marie Curie’s major achievements, illustrating her groundbreaking scientific efforts by mentioning the discovery of polonium and radium and her distinction as the first woman to receive a Nobel Prize. By showing these specific accomplishments, the sentence clarifies Curie’s extraordinary impact on scientific research.""}",Function of Sentence,Hard,"During the early 1900s, Marie Curie pioneered the study of radioactivity. <br>\nShe discovered polonium and radium and was the **first woman** to win a Nobel Prize. <br>\nIn describing her success, some historians highlight her _unwavering determination_, while others focus on her *collaborative spirit*. <br>\n<br>\nWhich choice best describes the function of the second sentence in the passage?","A) It questions the validity of other scientists’ earlier work
B) It provides examples of Curie’s pioneering accomplishments
C) It describes an unrelated historical event
D) It introduces a newly discovered scientific concept",B,"The second sentence lists Marie Curie’s major achievements, illustrating her groundbreaking scientific efforts by mentioning the discovery of polonium and radium and her distinction as the first woman to receive a Nobel Prize. By showing these specific accomplishments, the sentence clarifies Curie’s extraordinary impact on scientific research.","Below is a detailed evaluation with specific feedback for improvement:

1. Formatting of the Targeted Sentence/Phrase:
 • The guidelines require that the sentence or phrase whose function is being analyzed be clearly marked by placing an underscore (_) before and after it. In this question the target is “the second sentence,” but that sentence is not underlined at all. To comply, “She discovered polonium and radium and was the **first woman** to win a Nobel Prize.” should be revised so that the entire sentence appears as, for example:  
  During the early 1900s, Marie Curie pioneered the study of radioactivity.  
  _She discovered polonium and radium and was the first woman to win a Nobel Prize._  
  In describing her success, some historians highlight her _unwavering determination_, while others focus on her _collaborative spirit_.
 • Also, note that phrases intended to be underlined (like “collaborative spirit”) should use underscores—not asterisks—to be consistent.

2. Question Wording and Connection:
 • The question following the paragraph should refer to “the underlined sentence” rather than “the second sentence” to match the formatting requirement. For example, change it to:  
  Which choice best describes the function of the underlined sentence in the overall text?
 • This clear link ensures that students know exactly which sentence to analyze.

3. Difficulty Level and Complexity:
 • Although the question is labeled “Hard,” the language and answer choices are too straightforward. Hard-difficulty items should involve more nuanced reasoning or abstract reference to the passage’s overall argument. Currently, option B (listing Curie’s achievements) is too obvious and the distractors (A, C, and D) are easily dismissed.
 • To raise the difficulty, consider revising the sentence with more complex language or crafting answer choices that include subtle traps. For example, you might have choices that make students consider whether the sentence not only lists accomplishments but also frames her legacy in contrast with later historical interpretations.
  Example revision of answer choices:
   A) It juxtaposes Curie’s groundbreaking discoveries with later interpretations of her scientific legacy, thereby setting up a nuanced discussion of her impact.
   B) It enumerates her major accomplishments to substantiate her pioneering status, providing evidence for her role as a trailblazer in science.
   C) It shifts the focus from technical achievements to a broader historical narrative, thereby implicitly critiquing other scientists’ contributions.
   D) It introduces an unrelated biographical detail that serves to divert attention away from the central theme of scientific innovation.
 • In this revised set, B would be the best answer, yet the other options require more careful reading to dismiss.

4. Use of Newline Formatting:
 • The guidelines indicate that the paragraph and the question should be separated by “\n\n” (a full-space line break). The current question uses HTML <br> tags. Replace these with the proper newline notation to improve clarity and professional display.

5. Overall Educational Value:
 • The explanation is clear but could be enhanced for a Hard-difficulty question by first succinctly outlining that the sentence enumerates Curie’s groundbreaking achievements and then explaining why alternative choices overlook either the context or subtle contrasts in the passage.
 • For example, the explanation might begin: “B is correct because the underlined sentence provides concrete examples of Curie’s major scientific accomplishments, thereby reinforcing her pioneering role. Option A incorrectly suggests she is challenging other scientists’ work, while C and D introduce ideas not supported by the text.”

By addressing these points—especially marking the correct sentence using underscores, aligning the question wording to mention the “underlined sentence,” converting the formatting to use newline breaks, and adjusting the language and answer choices to meet Hard-difficulty standards—the item will fully comply with the high professional SAT guidelines.

","{""skill"": ""Function of Sentence"", ""difficulty"": ""Hard"", ""question"": ""During the early 1900s, Marie Curie pioneered the study of radioactivity.  \n_She discovered polonium and radium and was the first woman to win a Nobel Prize._  \nIn describing her success, some historians highlight her _unwavering determination_, while others focus on her _collaborative spirit_.  \n  \nWhich choice best describes the function of the underlined sentence in the overall text?"", ""choices"": [""A) It juxtaposes Curie’s groundbreaking discoveries with later interpretations of her scientific legacy, thereby setting up a nuanced discussion of her impact."", ""B) It enumerates her major accomplishments to substantiate her pioneering status, providing evidence for her role as a trailblazer in science."", ""C) It shifts the focus from technical achievements to a broader historical narrative, thereby implicitly critiquing other scientists’ contributions."", ""D) It introduces an unrelated biographical detail that serves to divert attention away from the central theme of scientific innovation.""], ""answer"": ""B"", ""explanation"": ""The underlined sentence provides concrete examples of Curie’s groundbreaking scientific achievements, listing her discovery of polonium and radium and highlighting her historic recognition as the first woman Nobel laureate. This supports her pioneering role in the field of science. Option A incorrectly suggests a comparative analysis of her impact, C introduces ideas about broader narratives and critiques that are not substantiated by the text, and D misinterprets the relevance of the sentence as unrelated detail.""}","During the early 1900s, Marie Curie pioneered the study of radioactivity.  
_She discovered polonium and radium and was the first woman to win a Nobel Prize._  
In describing her success, some historians highlight her _unwavering determination_, while others focus on her _collaborative spirit_.  
  
Which choice best describes the function of the underlined sentence in the overall text?","A) It juxtaposes Curie’s groundbreaking discoveries with later interpretations of her scientific legacy, thereby setting up a nuanced discussion of her impact.
B) It enumerates her major accomplishments to substantiate her pioneering status, providing evidence for her role as a trailblazer in science.
C) It shifts the focus from technical achievements to a broader historical narrative, thereby implicitly critiquing other scientists’ contributions.
D) It introduces an unrelated biographical detail that serves to divert attention away from the central theme of scientific innovation.",B,"The underlined sentence provides concrete examples of Curie’s groundbreaking scientific achievements, listing her discovery of polonium and radium and highlighting her historic recognition as the first woman Nobel laureate. This supports her pioneering role in the field of science. Option A incorrectly suggests a comparative analysis of her impact, C introduces ideas about broader narratives and critiques that are not substantiated by the text, and D misinterprets the relevance of the sentence as unrelated detail.","The below-average student reads the problem but finds some of the phrasing confusing. They try to pinpoint familiar parts of the problem and recall similar problems they’ve seen, though they often misinterpret key terms. They make errors by applying formulas incorrectly and mix up arithmetic steps. Their strategy is more trial-and-error; after an initial attempt that leads to an answer that doesn’t seem to 'fit,' they become frustrated by unclear directions in the wording and end up with an incorrect or incomplete solution.","The high-performing student begins by carefully reading the problem and identifying its core components. They note the key terms and relationships, then set up the appropriate equations and use relevant formulas to simplify and solve the problem step by step. They double-check their work by verifying that each manipulation logically follows from the previous one, ensuring their final answer fits the requirements. Even though the problem contains challenging elements, they identify the trickier parts quickly and proceed methodically, confident in their solution.",7,6,"The question is logically designed and aligns reasonably well with SAT standards, but it shows signs of minor ambiguity that could disproportionately challenge students who already struggle with complex wording. The high-level student’s methodical approach would work well if all steps were clear, yet the low-level student’s difficulties suggest that the problem might benefit from more explicit language or context hints. To improve, consider refining the wording to clearly define terms and expected operations, and include subtle cues to guide students through the more challenging steps. Additionally, a more detailed explanation could model the step-by-step reasoning and address common pitfalls without oversimplifying the content, helping both student levels achieve better understanding.","{""skill"": ""Function of Sentence"", ""difficulty"": ""Hard"", ""question"": ""During the early 1900s, Marie Curie pioneered the study of radioactivity.  \n_She discovered polonium and radium and was the first woman to win a Nobel Prize._  \nIn describing her success, some historians highlight her _unwavering determination_, while others focus on her _collaborative spirit_.  \n  \nWhich choice best describes the function of the underlined sentence in the overall text?"", ""choices"": [""A) It juxtaposes Curie’s groundbreaking discoveries with later interpretations of her scientific legacy, thereby setting up a nuanced discussion of her impact."", ""B) It enumerates her major accomplishments to substantiate her pioneering status, providing evidence for her role as a trailblazer in science."", ""C) It shifts the focus from technical achievements to a broader historical narrative, thereby implicitly critiquing other scientists’ contributions."", ""D) It introduces an unrelated biographical detail that serves to divert attention away from the central theme of scientific innovation.""], ""answer"": ""B"", ""explanation"": ""The underlined sentence enumerates Marie Curie’s major scientific accomplishments, which include her discoveries of polonium and radium and being the first woman to win a Nobel Prize. These details are provided to substantiate her role as a pioneering figure in the scientific community. This supports choice B. Option A inaccurately implies a comparative discussion that is absent from the text, C discusses broader narratives or critiques which are not offered in the passage, and D suggests the sentence details are irrelevant, which misrepresents its purposeful inclusion in underscoring Curie's contributions to science.""}"
2025-03-10 15:23:13,"{""skill"": ""Function of Sentence"", ""difficulty"": ""Hard"", ""question"": ""Scientists investigating ancient water systems from Mesopotamia have found extensive remnants of *irrigation canals* that date back thousands of years. (line 1)\nIn many ancient societies, the management of water resources was critical for sustaining agriculture. (line 2)\nLarge-scale irrigation projects supported the growth of cities along major rivers like the Tigris and Euphrates. (line 3)\nProfessors studying these remains suggest that cooperation and shared investment in water infrastructure were _essential catalysts_ for societal progress. (line 4)\n<p>\n<p>\nWhich choice best describes the main function of the final sentence (line 4) in the context of the passage?"", ""choices"": [""A) It provides a historical overview of the earliest known irrigation methods."", ""B) It counters the idea that strong agricultural practices contributed to urban development."", ""C) It illustrates the importance of collective action in driving social advancement."", ""D) It highlights skepticism among historians concerning Mesopotamian achievements.""], ""answer"": ""C"", ""explanation"": ""The final sentence emphasizes how cooperation and shared investment urged societies forward. By calling these factors _essential catalysts_, it reinforces that collective effort played a major role in societal progress. This shows *how* a specific action (cooperation) helps connect earlier points about irrigation. • The **key** idea is that the sentence spotlights cooperative infrastructure projects, aligning them with broader societal growth. Other choices are incorrect because they do not accurately capture the relationship between cooperation and development in the context of ancient irrigation systems.""}",Function of Sentence,Hard,"Scientists investigating ancient water systems from Mesopotamia have found extensive remnants of *irrigation canals* that date back thousands of years. (line 1)
In many ancient societies, the management of water resources was critical for sustaining agriculture. (line 2)
Large-scale irrigation projects supported the growth of cities along major rivers like the Tigris and Euphrates. (line 3)
Professors studying these remains suggest that cooperation and shared investment in water infrastructure were _essential catalysts_ for societal progress. (line 4)
<p>
<p>
Which choice best describes the main function of the final sentence (line 4) in the context of the passage?","A) It provides a historical overview of the earliest known irrigation methods.
B) It counters the idea that strong agricultural practices contributed to urban development.
C) It illustrates the importance of collective action in driving social advancement.
D) It highlights skepticism among historians concerning Mesopotamian achievements.",C,"The final sentence emphasizes how cooperation and shared investment urged societies forward. By calling these factors _essential catalysts_, it reinforces that collective effort played a major role in societal progress. This shows *how* a specific action (cooperation) helps connect earlier points about irrigation. • The **key** idea is that the sentence spotlights cooperative infrastructure projects, aligning them with broader societal growth. Other choices are incorrect because they do not accurately capture the relationship between cooperation and development in the context of ancient irrigation systems.","Here’s a detailed review of your question:

1. Overall, the passage provides a clear context about ancient water systems and the role of collective effort in societal development. There is sufficient information for students to deduce that the underlined phrase (_essential catalysts_) is meant to show the importance of cooperation, and exactly one correct answer (C) is clearly supported while the other three choices are plausible yet distinctly off target.

2. The explanation is solid. It begins with a succinct statement—that collective effort is emphasized as crucial for progress—and then explains how the phrase connects this idea to earlier points about irrigation. It also clearly explains why the other answer choices do not work. This would be educational and useful for an SAT student.

3. However, a few formatting issues need attention to fully meet the guidelines:
 • The instructions specify that the sentence or phrase being analyzed must be underlined using underscores only. In your passage, _essential catalysts_ is correctly underlined. Yet note that “irrigation canals” in line 1 is set off by asterisks. To avoid confusion and ensure consistency, remove the asterisks around “irrigation canals” (or, if emphasis is needed elsewhere, use a different permitted style) so that only the target phrase’s emphasis is marked with underscores.
 • The guidelines require that the question following the passage be separated by a double newline (\n\n) and reference the underlined sentence or phrase. Your question reads, “Which choice best describes the main function of the final sentence (line 4) in the context of the passage?” Since the SAT practice prompt should refer to the underlined sentence or phrase, consider revising it slightly to something like: “Which choice best describes the function of the underlined portion in the final sentence in the overall text?” This more precisely ties the question to the targeted language.
 • Finally, instead of using HTML paragraph tags (<p>\n<p>\n) to separate the passage from the question, replace them with a simple double newline (\n\n) to meet the formatting cue exactly.

4. In terms of difficulty, the language is appropriately abstract and requires nuanced reasoning about historical evidence and the role of collective action—meeting the Hard-difficulty guidelines.

To sum up, the content, answer choices, and explanation are strong. Just make these minor revisions for consistency and strict adherence to formatting guidelines.

If you revise the formatting as suggested, the question will fully meet the highest standards for a high-quality Digital SAT practice question.","{""skill"": ""Function of Sentence"", ""difficulty"": ""Hard"", ""question"": ""Scientists investigating ancient water systems from Mesopotamia have found extensive remnants of irrigation canals that date back thousands of years. (line 1)\n\nIn many ancient societies, the management of water resources was critical for sustaining agriculture. (line 2)\n\nLarge-scale irrigation projects supported the growth of cities along major rivers like the Tigris and Euphrates. (line 3)\n\nProfessors studying these remains suggest that cooperation and shared investment in water infrastructure were _essential catalysts_ for societal progress. (line 4)\n\nWhich choice best describes the function of the underlined portion in the final sentence in the overall text?"", ""choices"": [""A) It provides a historical overview of the earliest known irrigation methods."", ""B) It counters the idea that strong agricultural practices contributed to urban development."", ""C) It illustrates the importance of collective action in driving social advancement."", ""D) It highlights skepticism among historians concerning Mesopotamian achievements.""], ""answer"": ""C"", ""explanation"": ""The underlined portion highlights the importance of cooperation and collective effort in the societal progress of ancient civilizations. By describing these elements as _essential catalysts_, the sentence connects the overall ideas between water infrastructure and social advancement and emphasizes how shared investment in infrastructure supported urban and societal growth. Other choices fail to correctly identify the sentence's role in the passage's argument, making choice C the most accurate.""}","Scientists investigating ancient water systems from Mesopotamia have found extensive remnants of irrigation canals that date back thousands of years. (line 1)

In many ancient societies, the management of water resources was critical for sustaining agriculture. (line 2)

Large-scale irrigation projects supported the growth of cities along major rivers like the Tigris and Euphrates. (line 3)

Professors studying these remains suggest that cooperation and shared investment in water infrastructure were _essential catalysts_ for societal progress. (line 4)

Which choice best describes the function of the underlined portion in the final sentence in the overall text?","A) It provides a historical overview of the earliest known irrigation methods.
B) It counters the idea that strong agricultural practices contributed to urban development.
C) It illustrates the importance of collective action in driving social advancement.
D) It highlights skepticism among historians concerning Mesopotamian achievements.",C,"The underlined portion highlights the importance of cooperation and collective effort in the societal progress of ancient civilizations. By describing these elements as _essential catalysts_, the sentence connects the overall ideas between water infrastructure and social advancement and emphasizes how shared investment in infrastructure supported urban and societal growth. Other choices fail to correctly identify the sentence's role in the passage's argument, making choice C the most accurate.","The below-average student reads the question and immediately feels a bit overwhelmed by some of the wording. They misinterpret a few of the key phrases and might jump into solving without fully setting up the problem. For example, they could mix up which part of the question applies to which step or use the wrong formula because they haven’t clearly identified all the given information. Their work shows common mistakes such as skipping steps, small arithmetic errors, or failing to connect the clues in the passage. By the end, they’re not entirely sure if their answer is correct, reflecting the common confusion that can arise from ambiguous phrasing or insufficient guidance.","The high-performing student starts by carefully reading the question and quickly identifying its core requirements and any embedded nuance. They note which SAT concept the problem is targeting—be it a complex algebraic manipulation or a subtle reading inference. They then outline all given information, decide on the most appropriate strategy, and work methodically through each step. At every stage, they verify that their intermediate conclusions are consistent with both the stated facts and standard problem‐solving patterns they’ve seen in past SAT practice. Even if a particular part of the question is slightly challenging, they trust their systematic approach and double-check their final answer for consistency.",7,7,"The question is logically structured and clearly aimed at distinguishing between different levels of proficiency, in line with SAT standards. Its design encourages high-performing students to use systematic strategies while providing an authentic challenge to below-average students by including elements that can be misinterpreted. However, the wording in certain sections may be ambiguous, which can lead less-prepared students to make avoidable errors. To improve the question, consider clarifying any language that might be open to multiple interpretations and perhaps include additional cues that help guide lower-performing students without giving away the solution. Additionally, the explanation should more explicitly outline common pitfalls and step-by-step strategies for checking work, which would enhance understanding for all students and push both ratings closer to a perfect score.","{""skill"": ""Function of Sentence"", ""difficulty"": ""Hard"", ""question"": ""Scientists investigating ancient water systems from Mesopotamia have found extensive remnants of irrigation canals that date back thousands of years. (line 1)\n\nIn many ancient societies, the management of water resources was critical for sustaining agriculture. (line 2)\n\nLarge-scale irrigation projects supported the growth of cities along major rivers like the Tigris and Euphrates. (line 3)\n\nProfessors studying these remains suggest that cooperation and shared investment in water infrastructure were _essential catalysts_ for societal progress. (line 4)\n\nWhich choice best describes the function of the underlined portion in the final sentence in the overall text?"", ""choices"": [""A) It provides a historical overview of the earliest known irrigation methods."", ""B) It counters the idea that strong agricultural practices contributed to urban development."", ""C) It illustrates the importance of collective action in driving social advancement."", ""D) It highlights skepticism among historians concerning Mesopotamian achievements.""], ""answer"": ""C"", ""explanation"": ""The final sentence of the text emphasizes that societal progress was greatly influenced by the cooperative development and investment in water infrastructure by ancient populations. By calling these elements 'essential catalysts,' the text ties the importance of collective action to the overarching theme of societal development facilitated by water management. While the other choices misrepresent or mischaracterize the underlined portion's function, choice C precisely points out its role in illustrating the importance of collective action in societal progress. A common pitfall is mistaking this for a description of the irrigation methods themselves (choice A), but the term 'essential catalysts' directly addresses societal collaboration, making choice C the correct and most logical answer.""}"
2025-03-10 15:24:33,"{""skill"": ""Function of Sentence"", ""difficulty"": ""Hard"", ""question"": ""Read the following excerpt from a passage describing the obstacles faced by environmental scientists:\n\nHigh levels of pesticide usage on farmland have raised concerns about long-term ecological damage. Dr. Martinez, a renowned environmental scientist, conducted numerous field experiments and concluded that reducing chemical applications can protect helpful soil microbes without significantly lowering crop yields.\n\n_underlined text_ Yet many government agencies remain hesitant to revise existing regulations, citing the need for more extensive trials before implementing new guidelines.\n\nWhich choice best describes the function of the underlined sentence in the context of the passage?"", ""choices"": [""A) It summarizes the evidence Dr. Martinez gathered to support her findings."", ""B) It points out a potential obstacle to acting on Dr. Martinez’s recommendations."", ""C) It highlights how pesticide usage eliminates all harmful pests across farmland."", ""D) It introduces a specific counterargument that directly disproves Dr. Martinez’s work.""], ""answer"": ""B"", ""explanation"": ""The underlined sentence explains that government agencies are reluctant to make changes to pesticide regulations, which creates a roadblock to carrying out Dr. Martinez’s suggestions. This sentence therefore serves to show a practical limitation or challenge in applying the research findings. By recognizing that further approval is required, readers see a real-world factor preventing immediate implementation. High school students should note that a question on sentence function often involves identifying how one sentence shifts focus, connects ideas, or adds new information to the broader paragraph or passage.""}",Function of Sentence,Hard,"Read the following excerpt from a passage describing the obstacles faced by environmental scientists:

High levels of pesticide usage on farmland have raised concerns about long-term ecological damage. Dr. Martinez, a renowned environmental scientist, conducted numerous field experiments and concluded that reducing chemical applications can protect helpful soil microbes without significantly lowering crop yields.

_underlined text_ Yet many government agencies remain hesitant to revise existing regulations, citing the need for more extensive trials before implementing new guidelines.

Which choice best describes the function of the underlined sentence in the context of the passage?","A) It summarizes the evidence Dr. Martinez gathered to support her findings.
B) It points out a potential obstacle to acting on Dr. Martinez’s recommendations.
C) It highlights how pesticide usage eliminates all harmful pests across farmland.
D) It introduces a specific counterargument that directly disproves Dr. Martinez’s work.",B,"The underlined sentence explains that government agencies are reluctant to make changes to pesticide regulations, which creates a roadblock to carrying out Dr. Martinez’s suggestions. This sentence therefore serves to show a practical limitation or challenge in applying the research findings. By recognizing that further approval is required, readers see a real-world factor preventing immediate implementation. High school students should note that a question on sentence function often involves identifying how one sentence shifts focus, connects ideas, or adds new information to the broader paragraph or passage.","Overall, the question is strong—it presents a clear context, a well-defined objective, and a question that logically ties the underlined sentence’s function to the passage. The answer choices are plausible, with exactly one correct answer (B) and three distractors that are incorrect for clear reasons. The explanation is also solid, as it succinctly explains why the underlined sentence serves as an obstacle to implementing Dr. Martinez’s recommendations, and briefly outlines why the other choices do not work.

However, there are a couple of minor improvements needed for perfect adherence to guidelines:

1. Formatting of the Underlined Sentence:  
  • The formatting instructions require that the sentence to be analyzed must be set off solely by underscores (i.e. _before and after_ the sentence), with no extra placeholder words.  
  • Currently, the text shows “_underlined text_ Yet many government agencies remain hesitant…” Instead, remove “underlined text” so that the intended sentence appears exactly as:  
    _Yet many government agencies remain hesitant to revise existing regulations, citing the need for more extensive trials before implementing new guidelines._  

2. Complexity for Hard Difficulty:  
  • While the overall language is clear, the passage could be slightly revised to incorporate more complex, abstract phrasing to better match a Hard-level function-of-sentence question (for example, by referring more abstractly to policy inertia or by using more challenging academic diction). This is optional since the current distractors already include nuanced traps, but it may help ensure the perceived difficulty truly meets Hard-level standards.

With these slight modifications, the question will fully conform to the SAT formatting guidelines and difficulty expectations.

Previous input almost perfect; please adjust the underlined sentence formatting as noted to ensure full compliance.","{""skill"": ""Function of Sentence"", ""difficulty"": ""Hard"", ""question"": ""Read the following excerpt from a passage describing the obstacles faced by environmental scientists:\n\nHigh levels of pesticide usage on farmland have raised concerns about long-term ecological damage. Dr. Martinez, a renowned environmental scientist, conducted numerous field experiments and concluded that reducing chemical applications can protect helpful soil microbes without significantly lowering crop yields.\n\n_Yet many government agencies remain hesitant to revise existing regulations, citing the need for more extensive trials before implementing new guidelines._\n\nWhich choice best describes the function of the underlined sentence in the context of the passage?"", ""choices"": [""A) It summarizes the evidence Dr. Martinez gathered to support her findings."", ""B) It points out a potential obstacle to acting on Dr. Martinez’s recommendations."", ""C) It highlights how pesticide usage eliminates all harmful pests across farmland."", ""D) It introduces a specific counterargument that directly disproves Dr. Martinez’s work.""], ""answer"": ""B"", ""explanation"": ""The underlined sentence explains that government agencies are reluctant to make changes to pesticide regulations, which creates a roadblock to carrying out Dr. Martinez's suggestions. This sentence serves to show a practical limitation or challenge in applying the research findings. By recognizing that further approval is required, readers see a real-world factor preventing immediate implementation. High school students should note that a question on sentence function often involves identifying how one sentence shifts focus, connects ideas, or adds new information to the broader paragraph or passage.""}","Read the following excerpt from a passage describing the obstacles faced by environmental scientists:

High levels of pesticide usage on farmland have raised concerns about long-term ecological damage. Dr. Martinez, a renowned environmental scientist, conducted numerous field experiments and concluded that reducing chemical applications can protect helpful soil microbes without significantly lowering crop yields.

_Yet many government agencies remain hesitant to revise existing regulations, citing the need for more extensive trials before implementing new guidelines._

Which choice best describes the function of the underlined sentence in the context of the passage?","A) It summarizes the evidence Dr. Martinez gathered to support her findings.
B) It points out a potential obstacle to acting on Dr. Martinez’s recommendations.
C) It highlights how pesticide usage eliminates all harmful pests across farmland.
D) It introduces a specific counterargument that directly disproves Dr. Martinez’s work.",B,"The underlined sentence explains that government agencies are reluctant to make changes to pesticide regulations, which creates a roadblock to carrying out Dr. Martinez's suggestions. This sentence serves to show a practical limitation or challenge in applying the research findings. By recognizing that further approval is required, readers see a real-world factor preventing immediate implementation. High school students should note that a question on sentence function often involves identifying how one sentence shifts focus, connects ideas, or adds new information to the broader paragraph or passage.","The below-average student reads the question but gets confused by some of the wording and details. Their initial approach is to use a familiar method even if it doesn’t fully fit the problem’s requirements. They make common mistakes, such as misidentifying key information or applying an inappropriate formula, and end up with a guess-based answer. Their solution shows signs of uncertainty and a lack of clear strategy, which is typical when encountering ambiguous phrasing and complex problem parts.","The high-performing student quickly reads the question, identifies its structure and key concepts, and outlines a clear strategy. They note any subtle hints in the wording and connect them with familiar concepts from past practice. Step by step, they apply the correct formulas and reasoning while double‐checking each transition to ensure accuracy. Although the problem has a challenging component, the student’s methodical approach ensures that any ambiguity is resolved by logical inference and prior SAT experience.",8,7,"The question demonstrates a strong logical design and clear alignment with SAT standards. The high-performing student’s simulation indicates that the problem is engaging and offers an appropriate level of challenge without being unsolvable, while the lower-performing student’s simulation suggests that some parts of the wording might lead to common pitfalls. To improve the question further, consider revising ambiguous terms and adding subtle cues that help guide less experienced students without giving too much away. Enhancing the explanation with more targeted hints toward common errors (like misinterpretations or formula misapplications) could also improve its educational value and clarity for a broader range of students.","{""skill"": ""Function of Sentence"", ""difficulty"": ""Hard"", ""question"": ""Read the following excerpt from a passage describing the obstacles faced by environmental scientists:\n\nHigh levels of pesticide usage on farmland have raised concerns about long-term ecological damage. Dr. Martinez, a renowned environmental scientist, conducted numerous field experiments and concluded that reducing chemical applications can protect helpful soil microbes without significantly lowering crop yields.\n\n_Yet many government agencies remain hesitant to revise existing regulations, citing the need for more extensive trials before implementing new guidelines._\n\nWhich choice best describes the function of the underlined sentence in the context of the passage?"", ""choices"": [""A) It summarizes the evidence Dr. Martinez gathered to support her findings."", ""B) It points out a potential obstacle to acting on Dr. Martinez’s recommendations."", ""C) It highlights how pesticide usage eliminates all harmful pests across farmland."", ""D) It introduces a specific counterargument that directly disproves Dr. Martinez’s work.""], ""answer"": ""B"", ""explanation"": ""The underlined sentence explains that government agencies are reluctant to change pesticide regulations without additional trials, presenting a real-world challenge to implementing Dr. Martinez's recommendations. The function of the sentence is to reveal a key obstacle, providing depth to the narrative of difficulties faced by environmental scientists. Students should analyze how sentences contribute to the development of the passage and identify how challenges or constraints are presented within the text.""}"
2025-03-10 15:26:08,"{""skill"": ""Function of Sentence"", ""difficulty"": ""Hard"", ""question"": ""In a historical analysis of Dr. Marie Maynard Daly’s groundbreaking work on cholesterol research, the following sentence appears:\n\n“In highlighting the correlation between high cholesterol levels and heart disease, Daly’s studies drew urgent attention to the need for public health initiatives focused on nutrition and prevention.”\n\nWhich best describes the function of the quoted sentence within the passage?\n\n"", ""choices"": [""A. It underscores the importance of scientific caution in interpreting experimental results."", ""B. It challenges a popular misconception about the relationship between genetics and diet."", ""C. It illustrates how Daly’s findings were a catalyst for broader health policy changes."", ""D. It criticizes competing studies that offered different conclusions about cholesterol’s effect on the heart.""], ""answer"": ""C"", ""explanation"": ""The sentence mentions that Daly’s studies \""drew urgent attention to the need for public health initiatives,\"" which indicates the broader implications of her work. By mentioning how her findings helped shape policy and focus on prevention, the sentence shows that her discoveries were important beyond the lab. The other choices do not match the sentence’s direct purpose. Choice C correctly identifies that the primary function is to demonstrate how Daly’s cholesterol research influenced health policy and public awareness.""}",Function of Sentence,Hard,"In a historical analysis of Dr. Marie Maynard Daly’s groundbreaking work on cholesterol research, the following sentence appears:

“In highlighting the correlation between high cholesterol levels and heart disease, Daly’s studies drew urgent attention to the need for public health initiatives focused on nutrition and prevention.”

Which best describes the function of the quoted sentence within the passage?

","A. It underscores the importance of scientific caution in interpreting experimental results.
B. It challenges a popular misconception about the relationship between genetics and diet.
C. It illustrates how Daly’s findings were a catalyst for broader health policy changes.
D. It criticizes competing studies that offered different conclusions about cholesterol’s effect on the heart.",C,"The sentence mentions that Daly’s studies ""drew urgent attention to the need for public health initiatives,"" which indicates the broader implications of her work. By mentioning how her findings helped shape policy and focus on prevention, the sentence shows that her discoveries were important beyond the lab. The other choices do not match the sentence’s direct purpose. Choice C correctly identifies that the primary function is to demonstrate how Daly’s cholesterol research influenced health policy and public awareness.","Below is a detailed review with specific suggestions for improvement:

1. Formatting the “underlined” sentence:
 • The guidelines require that the key sentence be marked using underscores (e.g. _sentence text_) rather than quotation marks. In the current question the sentence appears in quotes. 
  – Change the sentence from:  
   ""In highlighting the correlation between high cholesterol levels and heart disease, Daly’s studies drew urgent attention to the need for public health initiatives focused on nutrition and prevention.""  
  to:  
   _In highlighting the correlation between high cholesterol levels and heart disease, Daly’s studies drew urgent attention to the need for public health initiatives focused on nutrition and prevention._ 
 • In addition, change the question’s wording from “quoted sentence” to “underlined sentence.” For example, revise the prompt to read:  
  “Which best describes the function of the underlined sentence within the passage?”

2. Context, clarity, and objective:
 • The passage provides a clear historical context and states the objective—to determine the sentence’s function. This is well done.

3. Answer choices and correctness:
 • There is exactly one correct answer (C) along with three distractors that, while plausible at a glance, are clearly wrong upon closer reading. The distractors use concepts (scientific caution, misconceptions, criticisms of competing studies) that do not match the sentence’s focus on public health policy.
 • For extra clarity and alignment with Hard-difficulty standards, consider slightly increasing the nuance in the distractor choices. For example, you might include language that is sophisticated enough to trap subtle misreadings of the sentence’s purpose.

4. Explanation quality:
 • The explanation correctly identifies choice C as the answer and notes that the sentence “drew urgent attention to the need for public health initiatives.”
 • To further strengthen the explanation, add a brief discussion of why each distractor is incorrect. For example:
  – “Choice A is incorrect because the sentence does not focus on methodological caution but rather on policy implications.”
  – “Choice B is off-target as there is no discussion of genetics or diet misconceptions.”
  – “Choice D is incorrect because the sentence does not engage with or critique competing studies.”

5. Overall difficulty:
 • The language and reasoning in the question mostly align with Hard-difficulty expectations by requiring students to understand the broader implications of the research and how the sentence fits into the overall passage. If you wish to further increase the complexity, you might incorporate slightly more abstract language in the prompt or answer choices.

In summary, the question meets most of the criteria for a high-quality SAT practice item, but the key improvement is to conform to the formatting guidelines (using underscores and referencing the “underlined sentence”). 

Please update the sentence formatting and adjust the question prompt accordingly.","{""skill"": ""Function of Sentence"", ""difficulty"": ""Hard"", ""question"": ""In a historical analysis of Dr. Marie Maynard Daly’s groundbreaking work on cholesterol research, the following sentence appears:\n\n_In highlighting the correlation between high cholesterol levels and heart disease, Daly’s studies drew urgent attention to the need for public health initiatives focused on nutrition and prevention._\n\nWhich best describes the function of the underlined sentence within the passage?"", ""choices"": [""A. It underscores the importance of scientific caution in interpreting experimental results."", ""B. It challenges a popular misconception about the relationship between genetics and diet."", ""C. It illustrates how Daly’s findings were a catalyst for broader health policy changes."", ""D. It criticizes competing studies that offered different conclusions about cholesterol’s effect on the heart.""], ""answer"": ""C"", ""explanation"": ""The sentence mentions that Daly’s studies \""drew urgent attention to the need for public health initiatives,\"" which highlights the broader implications of her work in prompting policy changes and preventive efforts. The other choices misinterpret the focus of the sentence: Choice A incorrectly suggests a focus on methodology rather than policy impact; Choice B inaccurately states there is a challenge to misconceptions, which is not present; and Choice D incorrectly posits a critique of competing studies, which is not discussed. The primary function of the sentence is best captured by Choice C, aligning with the idea of catalyzing broader health policy implementation.""}","In a historical analysis of Dr. Marie Maynard Daly’s groundbreaking work on cholesterol research, the following sentence appears:

_In highlighting the correlation between high cholesterol levels and heart disease, Daly’s studies drew urgent attention to the need for public health initiatives focused on nutrition and prevention._

Which best describes the function of the underlined sentence within the passage?","A. It underscores the importance of scientific caution in interpreting experimental results.
B. It challenges a popular misconception about the relationship between genetics and diet.
C. It illustrates how Daly’s findings were a catalyst for broader health policy changes.
D. It criticizes competing studies that offered different conclusions about cholesterol’s effect on the heart.",C,"The sentence mentions that Daly’s studies ""drew urgent attention to the need for public health initiatives,"" which highlights the broader implications of her work in prompting policy changes and preventive efforts. The other choices misinterpret the focus of the sentence: Choice A incorrectly suggests a focus on methodology rather than policy impact; Choice B inaccurately states there is a challenge to misconceptions, which is not present; and Choice D incorrectly posits a critique of competing studies, which is not discussed. The primary function of the sentence is best captured by Choice C, aligning with the idea of catalyzing broader health policy implementation.","The lower-performing student starts by reading the equation but gets a bit mixed up with the operations. Initially, they might mistakenly think to add 3 before dividing, or they might subtract incorrectly due to confusion over the order of operations. After a moment of hesitation and perhaps reworking the steps with a reminder to undo additions before divisions, they eventually realize they must subtract 3 from both sides first and then divide by 2, arriving at x = 4. Despite some initial uncertainty, they check their work to make sure the operations were done in the proper order.","The high-performing student reads the problem quickly and recognizes it as a linear equation. They note that the equation requires one to isolate the variable. They subtract 3 from both sides, obtaining 2x = 8, and then divide both sides by 2 to find x = 4. They double-check each step and confirm that the answer makes sense in the context of the equation.",8,8,"The question is clearly designed and aligns well with SAT standards by testing the ability to solve a linear equation. It is appropriately challenging: a high-performing student can solve it quickly while it still leaves room for common mistakes by a lower-performing student. The clarity is good overall, though to make it even more accessible, you might consider adding a sentence that explicitly emphasizes the proper order of operations. In addition, a word-problem context or a brief real-life scenario could help ground the problem for students who struggle with abstract equations. The explanation is concise and effective for both types of students, but adding a note about common pitfalls (such as accidentally adding instead of subtracting) would further enhance its instructional value. With these tweaks, the question and its explanation could be polished to perfection.","{""skill"": ""Function of Sentence"", ""difficulty"": ""Hard"", ""question"": ""In a historical analysis of Dr. Marie Maynard Daly’s groundbreaking work on cholesterol research, the following sentence appears:\n\n_In highlighting the correlation between high cholesterol levels and heart disease, Daly’s studies drew urgent attention to the need for public health initiatives focused on nutrition and prevention._\n\nWhich best describes the function of the underlined sentence within the passage?"", ""choices"": [""A. It underscores the importance of scientific caution in interpreting experimental results."", ""B. It challenges a popular misconception about the relationship between genetics and diet."", ""C. It illustrates how Daly’s findings were a catalyst for broader health policy changes."", ""D. It criticizes competing studies that offered different conclusions about cholesterol’s effect on the heart.""], ""answer"": ""C"", ""explanation"": ""The sentence conveys the impact of Daly’s work in raising awareness for public health initiatives. By emphasizing the correlation her studies showed between cholesterol levels and heart disease, the statement suggests how her research was influential in prompting broader health policy changes. Options A, B, and D do not align with this function: A incorrectly refers to experimental caution, which isn’t the implied focus; B adds an unfounded claim about misconceptions, which isn’t supported by the context; and D misrepresents the statement as being critical towards other studies, an aspect not indicated in the text. Thus, the correct and best-supported answer is C, capturing the policy-catalyzing impact of her work.""}"
2025-03-10 15:27:49,"{""skill"": ""Function of Sentence"", ""difficulty"": ""Hard"", ""question"": ""Rita founded an organization that helps restore the historical landmarks in her hometown. She noticed that many old buildings were being torn down to make room for new developments and wanted to preserve each site’s unique place in the community’s story. She fervently believed that these structures were more than just walls and wood; they carried cultural and educational value for future generations. By rallying her neighbors and working collaboratively with the local government, she managed to secure grants totaling $2{,}000{,}000 to renovate key landmarks.\n\nWhich best describes the function of the final sentence of the passage?\n\n"", ""choices"": [""A. It illustrates a contrasting viewpoint that opposes Rita’s plan."", ""B. It frames a personal anecdote unconnected to the passage's main idea."", ""C. It shows tangible evidence supporting Rita’s mission."", ""D. It restates the community’s emotional ties to the landmarks.""], ""answer"": ""C"", ""explanation"": ""In the final sentence, the mention of grants worth $2{,}000{,}000 highlights a practical and financial victory. By including an actual figure, the passage demonstrates that Rita’s plan yielded real, measurable results, reinforcing her main mission of saving historic buildings. \n\n• Identifying the purpose of the last sentence: _It’s important to see whether it adds more information, provides a summary, or shows evidence._ \n• Here, **details about securing grants** serve as proof that Rita’s work was effective. \n• This function is to illustrate that these efforts were not just emotional but were backed by tangible support. \n• Therefore, choice C is correct because it shows how Rita’s accomplishments substantiate her broader goals.""}",Function of Sentence,Hard,"Rita founded an organization that helps restore the historical landmarks in her hometown. She noticed that many old buildings were being torn down to make room for new developments and wanted to preserve each site’s unique place in the community’s story. She fervently believed that these structures were more than just walls and wood; they carried cultural and educational value for future generations. By rallying her neighbors and working collaboratively with the local government, she managed to secure grants totaling $2{,}000{,}000 to renovate key landmarks.

Which best describes the function of the final sentence of the passage?

","A. It illustrates a contrasting viewpoint that opposes Rita’s plan.
B. It frames a personal anecdote unconnected to the passage's main idea.
C. It shows tangible evidence supporting Rita’s mission.
D. It restates the community’s emotional ties to the landmarks.",C,"In the final sentence, the mention of grants worth $2{,}000{,}000 highlights a practical and financial victory. By including an actual figure, the passage demonstrates that Rita’s plan yielded real, measurable results, reinforcing her main mission of saving historic buildings. 

• Identifying the purpose of the last sentence: _It’s important to see whether it adds more information, provides a summary, or shows evidence._ 
• Here, **details about securing grants** serve as proof that Rita’s work was effective. 
• This function is to illustrate that these efforts were not just emotional but were backed by tangible support. 
• Therefore, choice C is correct because it shows how Rita’s accomplishments substantiate her broader goals.","The content, context, answer choices, and explanation are overall very solid and align well with SAT-style function-of-sentence questions. The explanation clearly breaks down why option C is correct while briefly noting why the other options miss the mark. However, one key formatting requirement from your checklist has not been met: the sentence whose function is to be analyzed is not underlined. 

To meet the guidelines, you should enclose the sentence in underscores so that the student sees, for example:

Rita founded an organization that helps restore the historical landmarks in her hometown. She noticed that many old buildings were being torn down to make room for new developments and wanted to preserve each site’s unique place in the community’s story. She fervently believed that these structures were more than just walls and wood; they carried cultural and educational value for future generations. _By rallying her neighbors and working collaboratively with the local government, she managed to secure grants totaling $2,000,000 to renovate key landmarks._

Which best describes the function of the underlined sentence in the overall text?

This change directly satisfies the formatting guideline requiring an underlined sentence (using '_' before and after the sentence) and ensures that the question reads: “Which best describes the function of the underlined sentence in the overall text?” 

Other than that, everything else—from clear context and objective, plausible distractors, to an insightfully educational explanation—is in place.","{""skill"": ""Function of Sentence"", ""difficulty"": ""Hard"", ""question"": ""Rita founded an organization that helps restore the historical landmarks in her hometown. She noticed that many old buildings were being torn down to make room for new developments and wanted to preserve each site’s unique place in the community’s story. She fervently believed that these structures were more than just walls and wood; they carried cultural and educational value for future generations. _By rallying her neighbors and working collaboratively with the local government, she managed to secure grants totaling $2{,}000{,}000 to renovate key landmarks._\n\nWhich best describes the function of the underlined sentence in the overall text?"", ""choices"": [""A. It illustrates a contrasting viewpoint that opposes Rita’s plan."", ""B. It frames a personal anecdote unconnected to the passage's main idea."", ""C. It shows tangible evidence supporting Rita’s mission."", ""D. It restates the community’s emotional ties to the landmarks.""], ""answer"": ""C"", ""explanation"": ""In the final sentence, the mention of grants worth $2{,}000{,}000 highlights a practical and financial victory. By including an actual figure, the passage demonstrates that Rita’s plan yielded real, measurable results, reinforcing her main mission of saving historic buildings.\n\n• Identifying the purpose of the last sentence: _It’s important to see whether it adds more information, provides a summary, or shows evidence._\n• Here, details about securing grants serve as proof that Rita’s work was effective.\n• This function is to illustrate that these efforts were not just emotional but were backed by tangible support.\n• Therefore, choice C is correct because it shows how Rita’s accomplishments substantiate her broader goals.""}","Rita founded an organization that helps restore the historical landmarks in her hometown. She noticed that many old buildings were being torn down to make room for new developments and wanted to preserve each site’s unique place in the community’s story. She fervently believed that these structures were more than just walls and wood; they carried cultural and educational value for future generations. _By rallying her neighbors and working collaboratively with the local government, she managed to secure grants totaling $2{,}000{,}000 to renovate key landmarks._

Which best describes the function of the underlined sentence in the overall text?","A. It illustrates a contrasting viewpoint that opposes Rita’s plan.
B. It frames a personal anecdote unconnected to the passage's main idea.
C. It shows tangible evidence supporting Rita’s mission.
D. It restates the community’s emotional ties to the landmarks.",C,"In the final sentence, the mention of grants worth $2{,}000{,}000 highlights a practical and financial victory. By including an actual figure, the passage demonstrates that Rita’s plan yielded real, measurable results, reinforcing her main mission of saving historic buildings.

• Identifying the purpose of the last sentence: _It’s important to see whether it adds more information, provides a summary, or shows evidence._
• Here, details about securing grants serve as proof that Rita’s work was effective.
• This function is to illustrate that these efforts were not just emotional but were backed by tangible support.
• Therefore, choice C is correct because it shows how Rita’s accomplishments substantiate her broader goals.","The below‐average student reads the equation but hesitates on where to start. They might mix up the order of operations—sometimes trying to divide before subtracting or adding when the operation should be subtracted—and get confused by the symbols. When they do attempt a solution, they make arithmetic mistakes or misapply the inverse operations, leading to an incorrect result at first. After some re‐reading and working through trial-and-error (and perhaps a hint from a classmate), they eventually realize that subtracting the constant first is necessary, though their process is marked by uncertainty and frequent backtracking.","The high-performing student reads the problem carefully and immediately identifies that it is an algebraic equation requiring isolation of the variable. They note the importance of performing the correct inverse operations in the proper order: first subtracting the constant from both sides and then dividing by the coefficient of the variable. They quickly verify their answer by substituting it back into the equation. Their thought process is systematic and confident, and they rarely second‐guess their steps.",8,8,"The question is well-aligned with SAT standards, clearly asking students to apply basic algebraic manipulation. The wording is simple and unambiguous, making it accessible to high-performing students while still affording room for common mistakes among less prepared students. However, to further refine the question for a broader range of proficiency levels, consider adding a brief context or example to guide students who may be prone to misinterpreting the required order of operations. The explanation is solid in guiding a reflective learning process, explicitly outlining the need to reverse the operations and verify the answer. To make it even more robust, include a few common error checkpoints (such as mixing up subtraction and addition or performing division too early) so that students can better self-diagnose missteps. With these minor enhancements, the question and explanation could reach a perfect score for clarity and pedagogical alignment.","{""skill"": ""Function of Sentence"", ""difficulty"": ""Hard"", ""question"": ""Rita founded an organization that helps restore the historical landmarks in her hometown. She noticed that many old buildings were being torn down to make room for new developments and wanted to preserve each site’s unique place in the community’s story. She fervently believed that these structures were more than just walls and wood; they carried cultural and educational value for future generations. _By rallying her neighbors and working collaboratively with the local government, she managed to secure grants totaling $2{,}000{,}000 to renovate key landmarks._\n\nWhich best describes the function of the underlined sentence in the overall text?"", ""choices"": [""A. It illustrates a contrasting viewpoint that opposes Rita’s plan."", ""B. It frames a personal anecdote unconnected to the passage's main idea."", ""C. It shows tangible evidence supporting Rita’s mission."", ""D. It restates the community’s emotional ties to the landmarks.""], ""answer"": ""C"", ""explanation"": ""To analyze the role of the underlined sentence in the passage, start by considering its connection to the rest of the text. The sentence provides specific information about funds Rita managed to secure for renovations, representing objective evidence that supports her campaign to preserve historical landmarks. This example demonstrates the success and impact of her efforts. \n\nA few common errors to avoid include: \n\n1. Misinterpreting the sentence as opposing Rita's mission (it supports her goals, not contrasts them).\n2. Assuming it's an unconnected anecdote or restatement (it's closely tied to the context and offers new, concrete evidence). \n\nThus, the correct answer is C: It shows tangible evidence supporting Rita’s mission, as this is the primary function of the sentence in the text's broader narrative.""}"
