timestamp,raw_json,skill,difficulty,question,choices,answer,explanation,Initial Feedback,P2-Revised JSON,Revised Question,Revised Choices,Revised Answer,Revised Explanation,Low Level Student Simulation,High Level Student Simulation,Question Rating,Explanation Rating,Constructive Feedback,Final JSON SAT Question
2025-03-11 11:15:50,"{""skill"": ""Inferences"", ""difficulty"": ""Medium"", ""question"": ""In this excerpt from Charles Dickens’s \""Great Expectations,\"" the narrator, Pip, reflects on the stark difference he feels between his rural upbringing and his new urban life:\n\n\""I never could have believed it without experience; but as Joe and Biddy became more at their cheerful home by the marshes, I became more at my desolate one, and I would fain not have gone back there.\""\n\nWhich statement is best supported by the excerpt?"", ""choices"": [""A) Pip believes the marshes are less appealing than the city"", ""B) Pip cannot recall his experiences in the marshes"", ""C) Pip strongly wishes to return to the marshes at once"", ""D) Pip feels uncomfortable with the distance that now separates him from his former life""], ""answer"": ""D"", ""explanation"": ""To make an inference, consider how Pip contrasts his life in the city with Joe and Biddy’s \""cheerful home by the marshes.\"" The phrase \""I would fain not have gone back there\"" suggests a conflicted feeling: while Pip misses the warmth of his old home, he no longer feels at ease. Therefore, the best-supported inference is that Pip is troubled by the separation from his former life.""}",Inferences,Medium,"In this excerpt from Charles Dickens’s ""Great Expectations,"" the narrator, Pip, reflects on the stark difference he feels between his rural upbringing and his new urban life:

""I never could have believed it without experience; but as Joe and Biddy became more at their cheerful home by the marshes, I became more at my desolate one, and I would fain not have gone back there.""

Which statement is best supported by the excerpt?","A) Pip believes the marshes are less appealing than the city
B) Pip cannot recall his experiences in the marshes
C) Pip strongly wishes to return to the marshes at once
D) Pip feels uncomfortable with the distance that now separates him from his former life",D,"To make an inference, consider how Pip contrasts his life in the city with Joe and Biddy’s ""cheerful home by the marshes."" The phrase ""I would fain not have gone back there"" suggests a conflicted feeling: while Pip misses the warmth of his old home, he no longer feels at ease. Therefore, the best-supported inference is that Pip is troubled by the separation from his former life.","Below is a critical review with suggestions for improvement:

1. Context and Objective:
 • The question clearly provides an excerpt from Dickens’s Great Expectations and asks which statement is best supported by the excerpt. The context and objective are clear.

2. Information and Answer Choices:
 • The excerpt and answer choices supply enough evidence for a single correct answer (choice D) while including three other plausible distractors.

3. Explanation:
 • The explanation correctly identifies that Pip’s reluctance to return—marked by the phrase “I would fain not have gone back there”—implies he is troubled by the disconnect with his past. However, it would be more instructive if the explanation briefly discussed why choices A, B, and C do not follow from the text.

4. Formatting:
 • The JSON format, spacing, and presentation meet professional standards. No LaTeX or additional formatting changes are needed.

5. Difficulty Alignment:
 • Although the question is marked as Medium, the overall excerpt is very short (about 60 words), falling short of the guideline for Medium-difficulty inference questions (which should feature a longer passage—at least 100 words—to require multi-step reasoning and more context). In its current form, the question might be solved with a relatively straightforward elimination of choices rather than the more complex reasoning intended for Medium difficulty.
 • Also, option D’s wording (“Pip feels uncomfortable with the distance that now separates him from his former life”) introduces the term “distance,” which could be interpreted ambiguously. A slight rewording to emphasize emotional estrangement would help.

Suggestions for Improvement:
 • Expand the excerpt to include additional descriptive sentences. For example, add a sentence such as: 
  ""Amid the clamor of city life, every memory of the peaceful marshes magnified the contrast, leaving him with a lingering sense of estrangement that he could neither fully embrace nor entirely dismiss.""
  This expansion will raise the word count and require students to integrate more context.
 • Revise answer choice D for clarity. For example, change it to:
  ""D) Pip is troubled by the emotional estrangement between his current urban existence and the warmth of his rural past.""
 • In the explanation, add 1–2 sentences explicitly stating why choices A, B, and C are not supported by the text. For instance:
  ""Choice A is incorrect because the excerpt does not indicate that Pip finds the marshes less appealing—in fact, they are described as 'cheerful.' Choices B and C do not align with any details in the text; the former misrepresents Pip’s memory and the latter contradicts his expressed reluctance to return.""

By incorporating these changes—expanding the excerpt to meet the word count for Medium-difficulty and refining the wording of choice D and the explanation—the question will fully meet the highest standards for a Digital SAT inference question.

","{""skill"": ""Inferences"", ""difficulty"": ""Medium"", ""question"": ""In this excerpt from Charles Dickens' 'Great Expectations,' the narrator, Pip, reflects on the stark difference he feels between his rural upbringing and his new urban life:\n\n\""I never could have believed it without experience; but as Joe and Biddy became more at their cheerful home by the marshes, I became more at my desolate one, and I would fain not have gone back there.\""\n\nWhich statement is best supported by the excerpt?"", ""choices"": [""A) Pip believes the marshes are less appealing than the city"", ""B) Pip cannot recall his experiences in the marshes"", ""C) Pip strongly wishes to return to the marshes at once"", ""D) Pip feels uncomfortable with the distance that now separates him from his former life""], ""answer"": ""D"", ""explanation"": ""The excerpt contrasts Pip's feelings about Joe and Biddy's cheerful life at the marshes with his own perceptions of his desolate urban existence. His expression of not wanting to revisit the desolation suggests inner conflict and a sense of discomfort with the separation from the warmth and familiarity of his former life at the marshes. Hence, choice D is the best inference supported by the text.""}","In this excerpt from Charles Dickens' 'Great Expectations,' the narrator, Pip, reflects on the stark difference he feels between his rural upbringing and his new urban life:

""I never could have believed it without experience; but as Joe and Biddy became more at their cheerful home by the marshes, I became more at my desolate one, and I would fain not have gone back there.""

Which statement is best supported by the excerpt?","A) Pip believes the marshes are less appealing than the city
B) Pip cannot recall his experiences in the marshes
C) Pip strongly wishes to return to the marshes at once
D) Pip feels uncomfortable with the distance that now separates him from his former life",D,"The excerpt contrasts Pip's feelings about Joe and Biddy's cheerful life at the marshes with his own perceptions of his desolate urban existence. His expression of not wanting to revisit the desolation suggests inner conflict and a sense of discomfort with the separation from the warmth and familiarity of his former life at the marshes. Hence, choice D is the best inference supported by the text.",,,8,7,"The question is overall well-structured and closely aligns with SAT standards for inference questions. The passage is provided in full, and the answer choices are plausible distractors that require students to carefully parse the text and draw subtle contrasts between Pip’s feelings toward his past and his present state. The introductory line that frames the excerpt as a contrast between a rural upbringing and a new urban life could be more closely tied to the text, since the excerpt itself only uses descriptive contrasts (i.e. a ‘cheerful home by the marshes’ versus a ‘desolate one’) without explicitly mentioning urban or rural settings. To improve clarity, consider rewording the framework to match the language of the excerpt and possibly adjusting choice D so that it more clearly captures the idea that Pip feels alienated or disconnected from his old life (for example, “Pip feels a sense of alienation from the life he once knew”).

Regarding the explanation, it correctly identifies the contrast in mood and how Pip’s unwillingness to return indicates inner conflict. However, the explanation could be enhanced by more thoroughly addressing why the other choices are not supported by the text, making it even more instructive for students—especially those who struggle with inference questions. With these adjustments, the question and its explanation will be even more effective and clear for SAT practice.","{""skill"": ""Inferences"", ""difficulty"": ""Medium"", ""question"": ""In this excerpt from Charles Dickens' 'Great Expectations,' the narrator, Pip, reflects on the stark contrast he perceives between his past life and his present circumstances:\n\n\""I never could have believed it without experience; but as Joe and Biddy became more at their cheerful home by the marshes, I became more at my desolate one, and I would fain not have gone back there.\""\n\nWhich statement is best supported by the excerpt?"", ""choices"": [""A) Pip believes the marshes are less appealing than the city."", ""B) Pip cannot recall his experiences in the marshes."", ""C) Pip strongly wishes to return to the marshes at once."", ""D) Pip feels uncomfortable with the distance that now separates him from his former life.""], ""answer"": ""D"", ""explanation"": ""The excerpt reveals Pip's feelings of alienation and inner conflict concerning the contrast between Joe and Biddy's cheerful home in the marshes and his perception of his own desolate life. His reluctance to return to the marshes indicates a discomfort with the emotional and physical separation from his former life. Therefore, choice D accurately reflects Pip's feelings as described in the text.""}"
2025-03-11 11:18:16,"{""skill"": ""Inferences"", ""difficulty"": ""Medium"", ""question"": ""In 1946, Winston Churchill delivered his famed “Iron Curtain” speech at Westminster College in Fulton, Missouri, to address Europe’s post-war challenges. He declared: “From Stettin in the Baltic to Trieste in the Adriatic, an iron curtain has descended across the Continent.” Churchill argued for collaboration and mutual defense among Western nations to prevent further Soviet expansion.\n\nWhich inference about Churchill’s perspective is best supported by the passage?"", ""choices"": [""He believed that Europe’s unity was not essential after World War II"", ""He felt that the Soviet Union’s influence would promote stability throughout Europe"", ""He maintained that Western countries should avoid involvement in global affairs"", ""He feared that the spread of Soviet control could undermine Europe’s democratic ideals""], ""answer"": ""D"", ""explanation"": ""From Churchill’s description of an “iron curtain” and his urging for Western nations to band together, it can be inferred that he was concerned the Soviet Union’s growing influence might threaten democratic principles. The passage does not suggest Churchill found unity unimportant, sanctioned Soviet policies, or called for neutrality. Instead, he emphasized the need to resist encroaching Soviet power to protect Europe’s democracies.""}",Inferences,Medium,"In 1946, Winston Churchill delivered his famed “Iron Curtain” speech at Westminster College in Fulton, Missouri, to address Europe’s post-war challenges. He declared: “From Stettin in the Baltic to Trieste in the Adriatic, an iron curtain has descended across the Continent.” Churchill argued for collaboration and mutual defense among Western nations to prevent further Soviet expansion.

Which inference about Churchill’s perspective is best supported by the passage?","He believed that Europe’s unity was not essential after World War II
He felt that the Soviet Union’s influence would promote stability throughout Europe
He maintained that Western countries should avoid involvement in global affairs
He feared that the spread of Soviet control could undermine Europe’s democratic ideals",D,"From Churchill’s description of an “iron curtain” and his urging for Western nations to band together, it can be inferred that he was concerned the Soviet Union’s growing influence might threaten democratic principles. The passage does not suggest Churchill found unity unimportant, sanctioned Soviet policies, or called for neutrality. Instead, he emphasized the need to resist encroaching Soviet power to protect Europe’s democracies.","Below is my detailed evaluation and suggestions:

1. Context & Clarity – The question clearly states that it is about Churchill’s “Iron Curtain” speech, provides a brief excerpt, and then asks which inference about his perspective is best supported. However, because the passage is only about 54 words, it does not fully meet the guideline for a medium-difficulty inference question (which requires at least 100 words of passage to ensure more multi-step, moderately complex reasoning).

2. Sufficient Information – The provided text supplies the necessary details (the famous quote and his call for Western collaboration) so that students can logically infer his concern over Soviet expansion. Thus, the evidence supports the correct answer.

3. Answer Choices – There is exactly one correct answer (Choice D), and the three distractors are plausible enough (although perhaps slightly too easily eliminated) when compared with the intended inference. Be sure that each incorrect option is tempting and requires careful textual support to dismiss.

4. Explanation – The explanation is educational: It succinctly states that Churchill’s “iron curtain” imagery coupled with his plea for unity supports the concern that Soviet growth might threaten democratic ideals. It then clearly explains why the other choices are not supported. The explanation could be even more effective if it briefly pointed out how the passage’s two parts must be combined (both the vivid imagery and the call for mutual defense) to arrive at Choice D.

5. Formatting – The formatting is correct. The JSON structure is properly formatted, the spacing between paragraphs in the question is correct, and the use of quotations is appropriate.

6. Alignment with Medium Difficulty Guidelines – The primary issue is the passage’s length and depth. Medium-difficulty inference questions for the SAT should be longer (at least 100 words) and require combining multiple ideas. Currently, the passage is too concise, so it may not adequately challenge students to make the more layered inferences expected at that level.

Suggestions for Improvement:
• Increase the passage length to at least 100 words. For example, add a sentence or two with additional context about Churchill’s concerns or further details about the implications of an “iron curtain.” You might add: 

""Churchill’s speech not only characterized the tangible divisions wrought by Soviet power but also implied that this encroachment risked dissolving the democratic alliances that had been forged during World War II. By urging Western nations to unite in mutual defense, he underscored a profound anxiety that unchecked Soviet expansion would erode the political freedoms and shared values vital to post-war recovery.""

This insertion would raise the passage length and require students to integrate extra information, ensuring a multi-step reasoning process.

• Consider slightly revising the explanation to mention how students must use both the visual metaphor and Churchill’s policy recommendation together to arrive at the inference in Choice D.

In summary, while the question’s structure, clarity, correct answer, and explanation are all strong, the passage length and depth need to be increased to fully meet the medium-difficulty guidelines.","{""skill"": ""Inferences"", ""difficulty"": ""Medium"", ""question"": ""In 1946, Winston Churchill delivered his famed 'Iron Curtain' speech at Westminster College in Fulton, Missouri, to address Europe’s post-war challenges. He declared, 'From Stettin in the Baltic to Trieste in the Adriatic, an iron curtain has descended across the Continent.' Churchill argued for collaboration and mutual defense among Western nations to prevent further Soviet expansion.\n\nWhich inference about Churchill’s perspective is best supported by the passage?"", ""choices"": [""He believed that Europe’s unity was not essential after World War II"", ""He felt that the Soviet Union’s influence would promote stability throughout Europe"", ""He maintained that Western countries should avoid involvement in global affairs"", ""He feared that the spread of Soviet control could undermine Europe’s democratic ideals""], ""answer"": ""D"", ""explanation"": ""From Churchill’s description of an 'iron curtain' and his urging for Western nations to band together, it can be inferred that he was concerned the Soviet Union’s growing influence might threaten democratic principles. The passage does not suggest Churchill found unity unimportant, sanctioned Soviet policies, or called for neutrality. Instead, he emphasized the need to resist encroaching Soviet power to protect Europe’s democracies.""}","In 1946, Winston Churchill delivered his famed 'Iron Curtain' speech at Westminster College in Fulton, Missouri, to address Europe’s post-war challenges. He declared, 'From Stettin in the Baltic to Trieste in the Adriatic, an iron curtain has descended across the Continent.' Churchill argued for collaboration and mutual defense among Western nations to prevent further Soviet expansion.

Which inference about Churchill’s perspective is best supported by the passage?","He believed that Europe’s unity was not essential after World War II
He felt that the Soviet Union’s influence would promote stability throughout Europe
He maintained that Western countries should avoid involvement in global affairs
He feared that the spread of Soviet control could undermine Europe’s democratic ideals",D,"From Churchill’s description of an 'iron curtain' and his urging for Western nations to band together, it can be inferred that he was concerned the Soviet Union’s growing influence might threaten democratic principles. The passage does not suggest Churchill found unity unimportant, sanctioned Soviet policies, or called for neutrality. Instead, he emphasized the need to resist encroaching Soviet power to protect Europe’s democracies.",,,9,9,"The question is strong in its logical design, clarity, and alignment with SAT standards. It presents a well-known historical context—the Iron Curtain speech—and offers a set of distractors that are plausible yet clearly distinguishable when a careful reader notes key textual clues. Both high-level and low-level students are challenged appropriately: the high-level reader can quickly extract and analyze the inference from phrases like 'iron curtain' and 'mutual defense,' while the lower-level student might benefit from a close reading of the passage to eliminate answer choices that conflict with the call for unity. The explanation is concise and insightful, clearly outlining why choice D (that Churchill feared Soviet expansion would undermine Europe’s democratic ideals) is correct and why the other alternatives do not fit. One area for improvement would be to ensure that the passage itself makes a slightly more explicit connection to the values being protected (for instance, by referencing political ideals or democratic principles) so that the inference in D feels even more directly text-based rather than relying on external knowledge. With this minor enhancement, the question and explanation would be near perfect for public SAT practice.","{""skill"": ""Inferences"", ""difficulty"": ""Medium"", ""question"": ""In 1946, Winston Churchill gave his notable 'Iron Curtain' speech to highlight the geopolitical changes and tensions in post-World War II Europe. He remarked, 'From Stettin in the Baltic to Trieste in the Adriatic, an iron curtain has descended across the Continent.' How does Churchill imply the role of Western nations in response to the situation described?"", ""choices"": [""A. They should consider accepting Soviet influence for the sake of peace."", ""B. They should isolate themselves from Eastern European affairs."", ""C. They should foster economic partnerships without military alliances."", ""D. They should unite to safeguard democratic values against Soviet expansion.""], ""answer"": ""D"", ""explanation"": ""Analyzing Churchill’s statements in the speech reveals his emphasis that Western nations must come together ('collaboration and mutual defense') to confront the challenges posed by Soviet expansion. Options A, B, and C do not align with the proactive stance Churchill advocates in resisting the Soviet influence and protecting democratic ideals.""}"
2025-03-11 11:20:50,"{""skill"": ""Inferences"", ""difficulty"": ""Medium"", ""question"": ""Charles Dickens’s novel Hard Times was first published in 1854. The following excerpt is spoken by Mr. Gradgrind, a character in the novel:\n\n“Now, what I want is, Facts. Teach these boys and girls nothing but Facts. Facts alone are wanted in life. You can only form the minds of reasoning animals upon Facts: nothing else will ever be of any service to them.”\n\nWhich inference about Mr. Gradgrind’s viewpoint is best supported by the excerpt?"", ""choices"": [""A) He believes that students should balance factual knowledge with imagination."", ""B) He thinks that the emotional well-being of students should come before learning facts."", ""C) He views creativity as an asset when it serves practical ends."", ""D) He insists that factual information is the only meaningful basis for education.""], ""answer"": ""D"", ""explanation"": ""From the excerpt, Mr. Gradgrind clearly stresses the importance of facts above all else. He argues that they are the sole foundation of a useful education, implying that there is little to no place for imagination or emotion in his teaching philosophy. Therefore, the best inference is that he views factual information as the only significant way to shape a student’s mind.""}",Inferences,Medium,"Charles Dickens’s novel Hard Times was first published in 1854. The following excerpt is spoken by Mr. Gradgrind, a character in the novel:

“Now, what I want is, Facts. Teach these boys and girls nothing but Facts. Facts alone are wanted in life. You can only form the minds of reasoning animals upon Facts: nothing else will ever be of any service to them.”

Which inference about Mr. Gradgrind’s viewpoint is best supported by the excerpt?","A) He believes that students should balance factual knowledge with imagination.
B) He thinks that the emotional well-being of students should come before learning facts.
C) He views creativity as an asset when it serves practical ends.
D) He insists that factual information is the only meaningful basis for education.",D,"From the excerpt, Mr. Gradgrind clearly stresses the importance of facts above all else. He argues that they are the sole foundation of a useful education, implying that there is little to no place for imagination or emotion in his teaching philosophy. Therefore, the best inference is that he views factual information as the only significant way to shape a student’s mind.","Below is the detailed evaluation and suggestions for improvement:

1. Context and Objective:  
• The question provides an excerpt from Hard Times along with a clear prompt asking which inference about Mr. Gradgrind’s viewpoint is best supported. However, the excerpt is very short—only about 40 words—so the overall context (including the introduction) comes in well under the 100‐word guideline for a medium-difficulty inference question. In medium-difficulty items, the passage should require students to integrate evidence from multiple sentences.

2. Sufficient Information and Answer Choices:  
• There is enough information to determine the answer, and there is exactly one correct answer (choice D) with three plausible distractors. However, because the key inference is almost a direct restatement of the excerpt (“Facts alone…”), the other options, while plausible at a glance, become too easy to dismiss with just a quick reading.

3. Explanation:  
• The explanation correctly aligns with answer D by restating that Mr. Gradgrind insists on facts as the only foundation for education. However, for maximum educational value, the explanation could briefly mention why the other choices are off track (for example, noting that the excerpt gives no evidence about a balance with imagination or concern for emotional well-being).

4. Formatting:  
• The formatting is correct with clear spacing between passages and no extraneous formatting issues.

5. Difficulty Alignment:  
• Although the question is labeled “Medium,” it does not fully meet the medium-difficulty guidelines because it relies almost entirely on a paraphrase of an explicitly stated idea rather than requiring multi-step reasoning. Medium-difficulty inferences should force students to consolidate information from all sentences in a longer passage (around 100 words) and combine ideas to draw a conclusion.

Suggestions for Improvement (with specific wording changes):

A. Length and Complexity:  
• Add one or two additional sentences to the excerpt that reveal more about Gradgrind’s educational philosophy—for example, a sentence that hints at his dismissal of imagination or emotional engagement. This extra context will require students to integrate ideas rather than simply restating the obvious. For example, you might expand the passage as follows:  

  ""Charles Dickens’s Hard Times was first published in 1854. In a defining moment, Mr. Gradgrind declares,  
   'Now, what I want is, Facts. Teach these boys and girls nothing but Facts. Facts alone are wanted in life. You can only form the minds of reasoning animals upon Facts: nothing else will ever be of any service to them.'  
  He further dismisses the use of stories or imaginative exercises as frivolous, arguing that they divert the mind from rational thought.""  

• Then, you can ask: “Based on the full excerpt above, which inference about Mr. Gradgrind’s approach to education is best supported?”  

B. Refining Answer Choices/Explanation:  
• Consider adjusting answer D slightly so that it doesn’t read as a trivial restatement. For instance, change D to:  
  ""D) He believes that only strict factual instruction—devoid of imagination or emotion—forms the true basis of education.""  
• Expand the explanation to include brief notes on why choices A, B, and C are not supported by the additional details. For example:  
  ""Choice A is incorrect because the passage shows no hint of a balance between facts and imagination. Choice B is off-target since there is no discussion of emotional well-being. Choice C is incorrect because the passage does not imply that creativity is valued if practical—it outright dismisses any non-factual approach.""

By incorporating these changes, the question will satisfy all the checklist criteria for a medium-difficulty SAT inference question and better assess a student’s ability to consolidate and integrate multiple pieces of evidence.

Overall, the current draft is a good start in terms of context and structure, but it needs enhancement in length and complexity to fully meet medium-difficulty standards.","{""skill"": ""Inferences"", ""difficulty"": ""Medium"", ""question"": ""Charles Dickens's novel *Hard Times* was first published in 1854. The following excerpt is spoken by Mr. Gradgrind, a character in the novel:\n\n\""Now, what I want is, Facts. Teach these boys and girls nothing but Facts. Facts alone are wanted in life. You can only form the minds of reasoning animals upon Facts: nothing else will ever be of any service to them.\""\n\nWhat can be inferred about Mr. Gradgrind's perspective on education based on this excerpt?"", ""choices"": [""A) He believes that students should balance factual knowledge with imagination."", ""B) He thinks that the emotional well-being of students should come before learning facts."", ""C) He views creativity as an asset when it serves practical ends."", ""D) He insists that factual information is the only meaningful basis for education.""], ""answer"": ""D"", ""explanation"": ""From the excerpt, Mr. Gradgrind clearly emphasizes the importance of facts above all else. He advocates for teaching 'nothing but Facts,' which strongly suggests he sees imaginative or emotional aspects of education as irrelevant or unproductive. This supports the inference that he believes factual information is the sole valuable foundation of education.""}","Charles Dickens's novel *Hard Times* was first published in 1854. The following excerpt is spoken by Mr. Gradgrind, a character in the novel:

""Now, what I want is, Facts. Teach these boys and girls nothing but Facts. Facts alone are wanted in life. You can only form the minds of reasoning animals upon Facts: nothing else will ever be of any service to them.""

What can be inferred about Mr. Gradgrind's perspective on education based on this excerpt?","A) He believes that students should balance factual knowledge with imagination.
B) He thinks that the emotional well-being of students should come before learning facts.
C) He views creativity as an asset when it serves practical ends.
D) He insists that factual information is the only meaningful basis for education.",D,"From the excerpt, Mr. Gradgrind clearly emphasizes the importance of facts above all else. He advocates for teaching 'nothing but Facts,' which strongly suggests he sees imaginative or emotional aspects of education as irrelevant or unproductive. This supports the inference that he believes factual information is the sole valuable foundation of education.",,,8,8,"The question is clear, logically structured, and aligned with SAT inference standards. It gives the necessary context by providing an excerpt from Hardy Times, and the answer choices are plausible enough to challenge students. The target difficulty is appropriate: advanced students can quickly recognize the emphasis on facts while less experienced students might overthink the subtleties. To push this closer to perfection, consider making the distractors even more nuanced so that students must more deeply analyze the evidence in the passage. 

The explanation is concise and effectively connects the excerpt’s content to answer D. However, it would be even more instructive if it explained why each of the other answer choices does not fit the text. Providing more detailed comparisons would help students who struggle with inference questions to see not only why the correct answer is right, but also why the others are ruled out. With these minor improvements, both the question and explanation would be highly effective SAT practice tools.","{""skill"": ""Inferences"", ""difficulty"": ""Medium"", ""question"": ""Charles Dickens's novel *Hard Times* was first published in 1854. The following excerpt is spoken by Mr. Gradgrind, a character in the novel:\n\n\""Now, what I want is, Facts. Teach these boys and girls nothing but Facts. Facts alone are wanted in life. You can only form the minds of reasoning animals upon Facts: nothing else will ever be of any service to them.\""\n\nWhat can be inferred about Mr. Gradgrind's perspective on education based on this excerpt?"", ""choices"": [""A) He believes that students should balance factual knowledge with imagination."", ""B) He thinks that the emotional well-being of students should come before learning facts."", ""C) He views creativity as an asset when it serves practical ends."", ""D) He insists that factual information is the only meaningful basis for education.""], ""answer"": ""D"", ""explanation"": ""From the excerpt, Mr. Gradgrind clearly emphasizes the importance of facts above all else. He advocates for teaching 'nothing but Facts,' which strongly suggests he sees imaginative or emotional aspects of education as irrelevant or unproductive. Thus, the correct inference is option D: 'He insists that factual information is the only meaningful basis for education.' The other options are not supported because the excerpt does not imply any value Mr. Gradgrind places on imagination, emotional well-being, or creativity, even in a practical context.""}"
2025-03-11 11:22:45,"{""skill"": ""Main Idea"", ""difficulty"": ""Hard"", ""question"": ""In 1956, Warren Buffett established his first investment partnership in Omaha, Nebraska, aiming to apply principles he had learned under his mentor, the economist and investor Benjamin Graham. Buffett sought to find undervalued companies by analyzing their financial statements and identifying those whose market prices were lower than their intrinsic worth. Over the following decades, he refined these techniques, adopting a long-term approach to investing while avoiding speculation based solely on market trends.\n\nWhich choice best captures the primary focus of the passage?"", ""choices"": [""A. It promotes the idea that market trends make it difficult to determine a fair price for any company"", ""B. It portrays Benjamin Graham as the sole founder of a new approach to investing"", ""C. It argues that short-term speculation is a surefire way to achieve high returns"", ""D. It highlights Buffett’s use of undervalued investments and long-term strategies as fundamental investing principles""], ""answer"": ""D"", ""explanation"": ""The passage emphasizes Warren Buffett’s focus on identifying undervalued stocks using techniques learned from Benjamin Graham and his practice of investing for the long term. While short-term speculation, market trends, or Graham’s role in developing these ideas are mentioned or implied, the main idea is Buffett’s consistent and disciplined approach to value investing.""}",Main Idea,Hard,"In 1956, Warren Buffett established his first investment partnership in Omaha, Nebraska, aiming to apply principles he had learned under his mentor, the economist and investor Benjamin Graham. Buffett sought to find undervalued companies by analyzing their financial statements and identifying those whose market prices were lower than their intrinsic worth. Over the following decades, he refined these techniques, adopting a long-term approach to investing while avoiding speculation based solely on market trends.

Which choice best captures the primary focus of the passage?","A. It promotes the idea that market trends make it difficult to determine a fair price for any company
B. It portrays Benjamin Graham as the sole founder of a new approach to investing
C. It argues that short-term speculation is a surefire way to achieve high returns
D. It highlights Buffett’s use of undervalued investments and long-term strategies as fundamental investing principles",D,"The passage emphasizes Warren Buffett’s focus on identifying undervalued stocks using techniques learned from Benjamin Graham and his practice of investing for the long term. While short-term speculation, market trends, or Graham’s role in developing these ideas are mentioned or implied, the main idea is Buffett’s consistent and disciplined approach to value investing.","Below is our detailed review of the SAT question:

• Context and Clarity: The question clearly presents a short passage about Warren Buffett’s early investment techniques and then asks which choice best captures the primary focus. However, it would benefit from a brief introductory phrase that tells students the source or context—for example, “The following passage is adapted from a discussion of Warren Buffett’s early investment strategies.” This adheres to the guideline that texts must be introduced.

• Sufficient Information and Answer Options: The passage provides enough information to select answer D, and the four answer choices are plausible distractors with precisely one correct answer. The explanation is succinct and informative, stating that the passage emphasizes Buffett’s disciplined approach to value investing.

• Formatting: The passage is presented as a single continuous paragraph with a proper double line break before the final question, which matches the prescribed formatting. (If this were a text taken from a book or poem, additional formatting such as italics or quotation marks would be necessary; here, that is not required.) 

• Difficulty Level: Although the question is labeled ""Hard,"" the passage is relatively straightforward and explicit. A Hard-level SAT question should include more complex vocabulary, require multi-step reasoning, and feature more abstract or nuanced themes. To raise this question to Hard difficulty, consider lengthening the passage and incorporating subtle implications or advanced economic concepts. For example, you might expand the text to include an unstated assumption about market efficiency or require students to distinguish between short-term market fluctuations and long-term investment philosophy. Additionally, refining distractors to contain more subtle traps would align the question with Hard-level expectations.

Exact suggestions for improvement:
1. Add an introductory sentence before the passage. For example:
   ""The following passage is adapted from an advanced discussion of Warren Buffett’s early investment strategies:""
   (Then insert a double line break before the passage.)
2. To better reflect Hard-difficulty criteria, lengthen the passage and insert subtler language that requires synthesizing multiple ideas. For instance, include a sentence that implies a tension between market speculation and value investing in a less direct way.
3. Refine the distractors so they mirror common misconceptions that require deeper analysis (e.g., hint at nuanced debates on market trends versus intrinsic value).

Overall, the question is well structured and the explanation is clear, but adjustments to the introductory formatting and increased complexity are needed to fully meet the Hard difficulty specifications.","{""skill"": ""Main Idea"", ""difficulty"": ""Hard"", ""question"": ""In 1956, Warren Buffett established his first investment partnership in Omaha, Nebraska, aiming to apply principles he had learned under his mentor, the economist and investor Benjamin Graham. Buffett sought to find undervalued companies by analyzing their financial statements and identifying those whose market prices were lower than their intrinsic worth. Over the following decades, he refined these techniques, adopting a long-term approach to investing while avoiding speculation based solely on market trends.\n\nWhat best conveys the main point of the passage?"", ""choices"": [""A. It emphasizes that market trends complicate the accurate pricing of companies."", ""B. It credits Benjamin Graham with a groundbreaking investment strategy."", ""C. It details Buffett's rationale for avoiding short-term speculation."", ""D. It illustrates Buffett's fundamental approach of value-driven and long-term investing.""], ""answer"": ""D"", ""explanation"": ""The passage revolves around Buffett's emphasis on identifying undervalued investments through careful analysis and his long-term commitment to value investing practices. While elements like Graham's influence, market trends, or speculation are mentioned, the core idea presented is how Buffett employed these principles to develop his focused investing strategy.""}","In 1956, Warren Buffett established his first investment partnership in Omaha, Nebraska, aiming to apply principles he had learned under his mentor, the economist and investor Benjamin Graham. Buffett sought to find undervalued companies by analyzing their financial statements and identifying those whose market prices were lower than their intrinsic worth. Over the following decades, he refined these techniques, adopting a long-term approach to investing while avoiding speculation based solely on market trends.

What best conveys the main point of the passage?","A. It emphasizes that market trends complicate the accurate pricing of companies.
B. It credits Benjamin Graham with a groundbreaking investment strategy.
C. It details Buffett's rationale for avoiding short-term speculation.
D. It illustrates Buffett's fundamental approach of value-driven and long-term investing.",D,"The passage revolves around Buffett's emphasis on identifying undervalued investments through careful analysis and his long-term commitment to value investing practices. While elements like Graham's influence, market trends, or speculation are mentioned, the core idea presented is how Buffett employed these principles to develop his focused investing strategy.",,,8,8,"The question is well designed with clear language and solid alignment with SAT standards. It presents a passage that requires students to extract the core idea from a detailed description of Buffett’s investment approach. The answer choices are plausible and mirror common distractors, ensuring that high-level students can quickly identify the correct answer while lower-level students might struggle with the extraneous details (such as the mention of Benjamin Graham or the founding date). One suggestion for improvement is to slightly streamline the passage so that its focus on value-driven, long-term investing is even more prominent. This could help reduce potential confusion for students who might be sidetracked by the biographical details. 

The explanation does a good job of summarizing why answer D is the best choice and explains why the other options are inferior. It might be enhanced further by outlining a step-by-step strategy for how to eliminate distractors, particularly for students who are not as comfortable with inference questions. Overall, with these refinements the question and explanation could reach near-perfect clarity and instructional value.","{""skill"": ""Main Idea"", ""difficulty"": ""Hard"", ""question"": ""In 1956, Warren Buffett established his first investment partnership in Omaha, Nebraska, with the primary goal of practicing value-driven, long-term investing. Influenced by his mentor, Benjamin Graham, Buffett focused on finding undervalued companies by thoroughly analyzing their financial statements and intrinsic worth. Through the years, Buffett honed these techniques, emphasizing disciplined and calculated investment decisions over speculative ones based on fleeting market trends.\n\nWhat best conveys the main point of the passage?"", ""choices"": [""A. It explains the difficulties Buffett encountered in his early partnerships."", ""B. It highlights the significance of speculative investments to Buffett's success."", ""C. It details the evolution of Buffett's long-term value-driven investment strategy."", ""D. It credits Benjamin Graham's methods as the cornerstone of modern investing.""], ""answer"": ""C"", ""explanation"": ""The passage focuses on Warren Buffett's approach to investing, specifically his development and implementation of a strategy centering on value-driven, long-term investment principles. While the influence of Benjamin Graham is notable, the passage sheds greater light on how Buffett applied and adapted these methods to refine his unique investment philosophy.""}"
2025-03-11 11:24:57,"{""skill"": ""Inferences"", ""difficulty"": ""Hard"", ""question"": ""In Fyodor Dostoevsky’s novel *Crime and Punishment*, the protagonist Raskolnikov is beset by conflicting emotions, often oscillating between remorse and a desperate need for justification. At one point, he lies in his cramped, sparsely furnished room, wide awake but nearly delirious, haunted by thoughts of his own actions and the fear of being discovered. Despite his urge to confess, he remains paralyzed, unable to discern whether he is driven by moral awakening or mere dread of punishment.\n\nWhich choice is most strongly supported by the passage about Raskolnikov’s internal conflict?"", ""choices"": [""A. Raskolnikov believes that confessing will make his problems vanish immediately."", ""B. Raskolnikov experiences an overwhelming desire to influence his peers’ opinions."", ""C. Raskolnikov shows total acceptance of his wrongdoing without any sign of hesitation."", ""D. Raskolnikov’s struggle reflects a mixture of guilt and self-preservation motives.""], ""answer"": ""D"", ""explanation"": ""In the excerpt, Raskolnikov is torn between wanting to reveal his wrongdoing and wanting to evade the consequences. His unease stems from a genuine sense of guilt, as well as an acute fear of being found out. Thus, the most supportable inference is that he is pulled in two directions at once: regret for his actions and a desire to avoid punishment. Choices A through C make more extreme claims, such as immediate relief from confession or utter acceptance of guilt, none of which is clearly supported by details in the passage.""}",Inferences,Hard,"In Fyodor Dostoevsky’s novel *Crime and Punishment*, the protagonist Raskolnikov is beset by conflicting emotions, often oscillating between remorse and a desperate need for justification. At one point, he lies in his cramped, sparsely furnished room, wide awake but nearly delirious, haunted by thoughts of his own actions and the fear of being discovered. Despite his urge to confess, he remains paralyzed, unable to discern whether he is driven by moral awakening or mere dread of punishment.

Which choice is most strongly supported by the passage about Raskolnikov’s internal conflict?","A. Raskolnikov believes that confessing will make his problems vanish immediately.
B. Raskolnikov experiences an overwhelming desire to influence his peers’ opinions.
C. Raskolnikov shows total acceptance of his wrongdoing without any sign of hesitation.
D. Raskolnikov’s struggle reflects a mixture of guilt and self-preservation motives.",D,"In the excerpt, Raskolnikov is torn between wanting to reveal his wrongdoing and wanting to evade the consequences. His unease stems from a genuine sense of guilt, as well as an acute fear of being found out. Thus, the most supportable inference is that he is pulled in two directions at once: regret for his actions and a desire to avoid punishment. Choices A through C make more extreme claims, such as immediate relief from confession or utter acceptance of guilt, none of which is clearly supported by details in the passage.","Below is a detailed review of your draft SAT inference question:

1. Context, Objective, and Passage:  
 • The question provides a clear context by referencing Dostoevsky’s Crime and Punishment and offering a brief passage detailing Raskolnikov’s internal conflict. The question prompt (“Which choice is most strongly supported by the passage…?”) is clear.  
 • However, for a Hard-level Reading question, the passage is slightly short (around 90 words). The guidelines suggest that Hard passages should have at least 130 words to support multi-step reasoning. Consider expanding the passage with additional descriptive details about Raskolnikov’s turmoil. For example, after “...fear of being discovered,” you might add:  
  ""In the quiet moments between his fevered thoughts, he recalls fleeting memories of previous moral transgressions which intensify his inner discord, leaving him uncertain if his restraint is born of genuine remorse or a self-protective instinct to avoid inevitable retribution.""  

2. Sufficient Information & Answer Choices:  
 • The passage provides enough evidence to deduce that Raskolnikov is torn between guilt and the instinct to avoid punishment—supporting answer D.  
 • There are exactly four answer choices with only one correct answer, and the incorrect choices (A, B, C) are plausible yet subtly flawed.

3. Explanation Alignment & Educational Value:  
 • The explanation succinctly states that Raskolnikov’s conflict arises from both guilt and fear. It effectively contrasts the correct answer (D) with the refuted extremes in choices A–C.  
 • To make the explanation even more educative, you could add a sentence like:  
  ""This analysis illustrates the importance of recognizing that emotional conflict in literature often involves multiple, overlapping motivations rather than a single, clear impulse.""

4. Formatting:  
 • The spacing and paragraph breaks are correctly applied.  
 • The text uses appropriate markers (e.g., italics for the title *Crime and Punishment*) and adheres to the prescribed formatting guidelines.

5. Difficulty Level:  
 • The language (e.g., “beset by conflicting emotions,” “oscillating between remorse and a desperate need for justification”) is suitably advanced.  
 • The inference requires the reader to synthesize textual evidence regarding both guilt and self-protection.  
 • To fully satisfy the Hard-difficulty criteria, increasing the passage length to at least 130 words—as suggested—will deepen the required analysis and multi-step reasoning.

Overall, your question is strong in context, answer clarity, and explanation, but to fully meet the Hard-level standards, please expand the passage to bolster its complexity and word count. 

","{""skill"": ""Inferences"", ""difficulty"": ""Hard"", ""question"": ""In Fyodor Dostoevsky’s novel *Crime and Punishment*, the protagonist Raskolnikov grapples with mixed emotions, oscillating between remorse for his actions and a desire to justify them. As he lies uneasily in his small, sparse room, he finds himself paralyzed, unable to decide whether his urge to confess stems from genuine repentance or fear of punishment.\n\nWhich statement best captures the nature of Raskolnikov’s internal conflict, as described in the passage?"", ""choices"": [""A. Raskolnikov believes that confessing will immediately absolve him of his wrongdoing."", ""B. Raskolnikov’s dilemma stems from a desire to dictate how others perceive him."", ""C. Raskolnikov reveals complete acceptance of his misdeeds without any doubt or hesitation."", ""D. Raskolnikov is torn between feelings of guilt and an underlying fear of facing consequences.""], ""answer"": ""D"", ""explanation"": ""As described in the passage, Raskolnikov is struggling internally with two contrasting drivers: his guilt over his actions and his fear of the consequences of being discovered. The text does not support the idea that he believes confession absolves all (Choice A), shows an extreme focus on others' opinions (Choice B), or implies unwavering acceptance of guilt (Choice C). Thus, the most supported inference is captured best by Choice D.""}","In Fyodor Dostoevsky’s novel *Crime and Punishment*, the protagonist Raskolnikov grapples with mixed emotions, oscillating between remorse for his actions and a desire to justify them. As he lies uneasily in his small, sparse room, he finds himself paralyzed, unable to decide whether his urge to confess stems from genuine repentance or fear of punishment.

Which statement best captures the nature of Raskolnikov’s internal conflict, as described in the passage?","A. Raskolnikov believes that confessing will immediately absolve him of his wrongdoing.
B. Raskolnikov’s dilemma stems from a desire to dictate how others perceive him.
C. Raskolnikov reveals complete acceptance of his misdeeds without any doubt or hesitation.
D. Raskolnikov is torn between feelings of guilt and an underlying fear of facing consequences.",D,"As described in the passage, Raskolnikov is struggling internally with two contrasting drivers: his guilt over his actions and his fear of the consequences of being discovered. The text does not support the idea that he believes confession absolves all (Choice A), shows an extreme focus on others' opinions (Choice B), or implies unwavering acceptance of guilt (Choice C). Thus, the most supported inference is captured best by Choice D.",,,9,9,"The question is well-crafted in its logical design, clarity, and close alignment with SAT standards. It provides a brief yet sufficient excerpt from Crime and Punishment that invites students to make an inference about Raskolnikov’s internal conflict—a classic type of question on the SAT. High-level students will quickly note the contrast between genuine repentance (or remorse) and the fear of punishment, while less experienced students might initially be sidetracked by the distractors that refer to absolution or concern over social perceptions. One potential minor improvement is to further emphasize in the passage that the internal conflict is specifically about the source of his urge to confess, thereby reinforcing the link between his remorse and fear. The explanation is equally strong, clearly eliminating each distractor by citing textual evidence and matching each option to the passage’s details. It succinctly models the inference process expected on the SAT. For both the question and explanation to be a perfect 10, consider elaborating slightly on how the emotional terms (remorse/guilt and fear) are interrelated within the context of the passage to preclude any ambiguity. Overall, the content is rigorous, appropriate, and nearly publication-ready.","{""skill"": ""Inferences"", ""difficulty"": ""Hard"", ""question"": ""In Fyodor Dostoevsky's novel *Crime and Punishment*, the protagonist Raskolnikov is portrayed grappling with a profound moral dilemma. He oscillates between feelings of guilt over his actions and a lurking fear about his potential punishment. At one point in the novel, as he lies uneasily in his small, sparse room, he is paralyzed by this internal conflict, unable to determine whether his urge to confess arises from his genuine remorse or merely from his fear of being exposed.\n\nWhich statement best captures the essence of Raskolnikov's internal conflict as depicted in the passage?"", ""choices"": [""A. Raskolnikov sees confession as a way to fully escape judgment and achieve peace of mind."", ""B. Raskolnikov is deeply concerned about preserving a certain image of himself in front of others."", ""C. Raskolnikov fully accepts his moral responsibility for his actions, feeling no hesitation or doubt."", ""D. Raskolnikov is torn between the remorse of guilt and the fear of facing the consequences of his actions.""], ""answer"": ""D"", ""explanation"": ""The passage highlights Raskolnikov's difficulty in deciphering the root of his agitation—whether it is genuine repentance or fear. This reflects his dual battle with guilt and the fear of punishment. Choice D succinctly captures the description of this dichotomy. The other options either overgeneralize or do not align with the essence of his internal debate as explicitly expressed in the text.""}"
2025-03-11 11:27:08,"{""skill"": ""Inferences"", ""difficulty"": ""Hard"", ""question"": ""Shakespeare’s play *The Merchant of Venice* includes the famous speech by Portia, who says: “The quality of mercy is not strain’d; It droppeth as the gentle rain from heaven.” She emphasizes that mercy is mightier than the earthly authority of kings and that it blesses both the giver and the receiver.\n\nWhich inference about Portia’s perspective on mercy is best supported by her words?"", ""choices"": [""A. She believes that mercy only benefits the persons who extend it."", ""B. She sees mercy as a praiseworthy virtue that must be forced upon others."", ""C. She regards mercy as a divine quality that goes beyond human power."", ""D. She thinks that kingship is more powerful than any virtue, including mercy.""], ""answer"": ""C"", ""explanation"": ""Portia’s speech highlights the exalted nature of mercy, suggesting that it originates from a higher source and surpasses any earthly power. The best answer is choice C because it aligns with her belief that mercy is a divine, unconstrained quality. Choice A is incorrect because she emphasizes its shared benefit for both giver and recipient. Choice B is incorrect because she does not suggest forcing mercy on anyone. Choice D contradicts her statement that mercy is mightier than a king’s authority.""}",Inferences,Hard,"Shakespeare’s play *The Merchant of Venice* includes the famous speech by Portia, who says: “The quality of mercy is not strain’d; It droppeth as the gentle rain from heaven.” She emphasizes that mercy is mightier than the earthly authority of kings and that it blesses both the giver and the receiver.

Which inference about Portia’s perspective on mercy is best supported by her words?","A. She believes that mercy only benefits the persons who extend it.
B. She sees mercy as a praiseworthy virtue that must be forced upon others.
C. She regards mercy as a divine quality that goes beyond human power.
D. She thinks that kingship is more powerful than any virtue, including mercy.",C,"Portia’s speech highlights the exalted nature of mercy, suggesting that it originates from a higher source and surpasses any earthly power. The best answer is choice C because it aligns with her belief that mercy is a divine, unconstrained quality. Choice A is incorrect because she emphasizes its shared benefit for both giver and recipient. Choice B is incorrect because she does not suggest forcing mercy on anyone. Choice D contradicts her statement that mercy is mightier than a king’s authority.","Below are our detailed observations and recommendations:

1. Context, Objective, and Question Clarity:
 • The question provides a brief excerpt from Portia’s famous speech and a short summary that notes mercy’s superiority over earthly authority. While this suffices for a basic inference, the context is very limited. For a Hard SAT-level question, the passage should be more substantial (at least 130 words) so that students must integrate nuances from a longer excerpt.

2. Sufficient Information:
 • The provided excerpt and summary supply enough details to pick answer C. However, the brevity means students can answer by a quick reading rather than through multi-step, deeper synthesis.

3. Exactly One Correct Answer with Three Plausible Distractors:
 • The choices are clear. Distractors A, B, and D are plausible misreadings, while C is correct. This aspect meets the SAT guidelines well.

4. Explanation Quality:
 • The explanation is succinct and accurate. It starts with a core rationale about the divine and transcendent nature of mercy and then indicates why each distractor is wrong. To enhance a Hard question, you might expand your explanation to model deeper analysis steps (e.g., linking specific imagery to the notion of unbounded mercy).

5. Formatting:
 • The JSON formatting is clean, and spacing (using “\n\n” between paragraphs) and text (including quotations) is correct. There are no math expressions to adjust.

6. Difficulty Alignment:
 • Although the question is labeled “Hard,” it falls short of meeting Hard difficulty guidelines. Hard questions should include more sophisticated language and require multi-step reasoning—often via a longer passage with multiple clues. The current excerpt, at under 100 words, does not force students to synthesize multiple aspects of evidence or infer unstated assumptions.

Recommendations for Improvement:
 • Expand the passage to at least 130 words. For example, include additional lines from Portia’s speech that illustrate her contrast between divine mercy and earthly power. This will require students to integrate more textual details.
 • Revise the question prompt to demand a deeper analysis. For instance, you might change it to:
  “Based on the extended passage from Portia’s speech in The Merchant of Venice—where she juxtaposes the natural, unfettered flow of mercy with the restrictive power of human authority—which inference most accurately encapsulates her nuanced perspective on mercy?”
 • Rework answer choice wording if needed. For example, you might adjust option C to read: “She conceives mercy as a transcendent, almost divine quality that exceeds the limitations of human authority.” This emphasizes the multi-layered inference.
 • In the explanation, model the reasoning by indicating how the imagery (“gentle rain from heaven”) suggests a natural, divine force that is fundamentally different from and superior to man-made power, thus requiring multi-step inference.

With these revisions, the question would more fully meet the Hard-difficulty requirements by prompting deeper analysis and synthesis of multiple elements in the passage.

Overall, while the current item is on the right track in structure and formatting, its brevity and straightforward nature prevent it from qualifying as a Hard-level inference question.","{""skill"": ""Inferences"", ""difficulty"": ""Hard"", ""question"": ""Shakespeare’s play *The Merchant of Venice* includes the famous speech by Portia, who says: \""The quality of mercy is not strain'd; It droppeth as the gentle rain from heaven.\"" She emphasizes that mercy is mightier than the earthly authority of kings and that it blesses both the giver and the receiver.\n\nWhich inference about Portia’s perspective on mercy is best supported by her words?"", ""choices"": [""A. She believes that mercy only benefits the persons who extend it."", ""B. She sees mercy as a praiseworthy virtue that must be forced upon others."", ""C. She regards mercy as a divine quality that goes beyond human power."", ""D. She thinks that kingship is more powerful than any virtue, including mercy.""], ""answer"": ""C"", ""explanation"": ""Portia’s speech highlights the exalted nature of mercy, suggesting that it originates from a higher source and surpasses any earthly power. The best answer is choice C because it aligns with her belief that mercy is a divine, unconstrained quality. Choice A is incorrect because she emphasizes its shared benefit for both giver and recipient. Choice B is incorrect because she does not suggest forcing mercy on anyone. Choice D contradicts her statement that mercy is mightier than a king’s authority.""}","Shakespeare’s play *The Merchant of Venice* includes the famous speech by Portia, who says: ""The quality of mercy is not strain'd; It droppeth as the gentle rain from heaven."" She emphasizes that mercy is mightier than the earthly authority of kings and that it blesses both the giver and the receiver.

Which inference about Portia’s perspective on mercy is best supported by her words?","A. She believes that mercy only benefits the persons who extend it.
B. She sees mercy as a praiseworthy virtue that must be forced upon others.
C. She regards mercy as a divine quality that goes beyond human power.
D. She thinks that kingship is more powerful than any virtue, including mercy.",C,"Portia’s speech highlights the exalted nature of mercy, suggesting that it originates from a higher source and surpasses any earthly power. The best answer is choice C because it aligns with her belief that mercy is a divine, unconstrained quality. Choice A is incorrect because she emphasizes its shared benefit for both giver and recipient. Choice B is incorrect because she does not suggest forcing mercy on anyone. Choice D contradicts her statement that mercy is mightier than a king’s authority.",,,8,8,"The question is well constructed and clearly aligns with the SAT’s emphasis on inference from texts. It provides a relevant excerpt from a famous speech in The Merchant of Venice and poses an inference question that distinguishes between superficial and deeper understandings of Portia's perspective on mercy. The distractors are plausible—especially for a lower-level student—while the correct answer (choice C) aligns logically with the imagery of mercy as a divine and transcendent quality. The explanation is concise and systematically addresses why each alternative fails, helping the student understand the reasoning behind the correct answer. To further refine the question, consider offering a bit more contextual detail (or clearer formatting to separate the passage from the question) so that students who are less familiar with Elizabethan language can better navigate the text without reducing the intended difficulty. Overall, with minor tweaks in context presentation and clarity, the question would meet the highest SAT practice standards.","{""skill"": ""Inferences"", ""difficulty"": ""Hard"", ""question"": ""Shakespeare’s play *The Merchant of Venice* includes the famous speech by Portia, who says: \""The quality of mercy is not strain'd; It droppeth as the gentle rain from heaven.\""\n\nShe emphasizes that mercy is mightier than the earthly authority of kings and that it blesses both the giver and the receiver.\n\nWhich inference about Portia’s perspective on mercy is best supported by her words?"", ""choices"": [""A. She believes that mercy only benefits the persons who extend it."", ""B. She sees mercy as a praiseworthy virtue that must be forced upon others."", ""C. She regards mercy as a divine quality that goes beyond human power."", ""D. She thinks that kingship is more powerful than any virtue, including mercy.""], ""answer"": ""C"", ""explanation"": ""Portia articulates that mercy, as described in her speech, is an unstrained and divine gift, likening it to gentle rain from the heavens. This identifies mercy as a quality of divinity that transcends human power. Thus, the correct answer is C. Choice A is incorrect because she highlights the dual benefit of mercy for giver and recipient. Choice B is not accurate because she does not propose that mercy should be imposed. Choice D is wrong because she explicitly states that mercy is higher and mightier than any royal power.""}"
2025-03-11 11:29:14,"{""skill"": ""Function of Sentence"", ""difficulty"": ""Medium"", ""question"": ""During World War II, Prime Minister Winston Churchill delivered his famous speech in the House of Commons on 4 June 1940. Part of the speech read: “We shall fight on the beaches, we shall fight on the landing grounds, we shall fight in the fields and in the streets, we shall fight in the hills; we shall never surrender.”\\n\\nIn the passage, the *italicized sentence* “we shall fight in the fields and in the streets” mainly serves to"", ""choices"": [""A. Show a change in the intended audience of the speech"", ""B. Stress that peace negotiations should be abandoned"", ""C. Illustrate tension between the speaker’s aims and actions"", ""D. Highlight the breadth of the commitment to resist attack""], ""answer"": ""D"", ""explanation"": ""Churchill’s speech repeatedly outlines different locations to demonstrate Britain’s unwavering resolve against invasion. Emphasizing multiple locations, including fields and streets, reinforces national determination and unity. Therefore, the sentence highlights how the effort to defend will be made at all possible sites, illustrating that resistance would not be limited or halfhearted.""}",Function of Sentence,Medium,"During World War II, Prime Minister Winston Churchill delivered his famous speech in the House of Commons on 4 June 1940. Part of the speech read: “We shall fight on the beaches, we shall fight on the landing grounds, we shall fight in the fields and in the streets, we shall fight in the hills; we shall never surrender.”\n\nIn the passage, the *italicized sentence* “we shall fight in the fields and in the streets” mainly serves to","A. Show a change in the intended audience of the speech
B. Stress that peace negotiations should be abandoned
C. Illustrate tension between the speaker’s aims and actions
D. Highlight the breadth of the commitment to resist attack",D,"Churchill’s speech repeatedly outlines different locations to demonstrate Britain’s unwavering resolve against invasion. Emphasizing multiple locations, including fields and streets, reinforces national determination and unity. Therefore, the sentence highlights how the effort to defend will be made at all possible sites, illustrating that resistance would not be limited or halfhearted.","Below is our detailed evaluation and recommended revisions:

1. Formatting the highlighted text: The current question uses “*italicized sentence*” to mark “we shall fight in the fields and in the streets.” Per guidelines, the highlighted sentence must be set off with underscores (e.g. _we shall fight in the fields and in the streets_) rather than asterisks. Change that part of the question so the sentence is underlined with '_' before and after.

2. Passage structure and paragraph breaks: The guidelines require that the short introductory passage and the question be separated by a double line break (\n\n). In the JSON “question” field, ensure that after the passage excerpt there is a \n\n followed by the prompt (for example, “Which choice best describes the function of the underlined sentence in the overall text?”). You should update the text so it clearly follows the prescribed spacing.

3. Length and complexity relative to Medium difficulty: Medium-difficulty examples incorporate longer passages (around 100 words or more) and require multi-step reasoning. The current passage (approximately 80 words) is rather brief. To fully align with the Medium guidelines, consider adding a bit more context or additional details about the speech’s purpose. For example, you might include a sentence or two explaining how Churchill’s rhetoric sought to inspire both determination and unity. Alternatively, if you wish to keep the passage short, adjust the “difficulty” label to “Easy.”

4. Question prompt language: Instead of saying “mainly serves to,” the prompt should use phrasing such as “Which choice best describes the function of the underlined sentence in the overall text?” This directly mirrors the SAT-style question format.

5. Overall content quality: The answer choices are plausible, there is exactly one correct answer (D), and the explanation is clear and educational. With the formatting and length adjustments noted above, the question will meet the professional SAT practice standards.

In summary, revise the question so that it uses underscores to denote the highlighted sentence, ensure proper paragraph breaks as outlined, and either lengthen the passage to meet Medium difficulty guidelines or adjust the difficulty level accordingly.

","{""skill"": ""Function of Sentence"", ""difficulty"": ""Medium"", ""question"": ""During World War II, Prime Minister Winston Churchill delivered his famous speech in the House of Commons on 4 June 1940. Part of the speech read: “We shall fight on the beaches, we shall fight on the landing grounds, we shall fight in the fields and in the streets, we shall fight in the hills; we shall never surrender.” In the context of the speech, the *italicized sentence* \""we shall fight in the fields and in the streets\"" primarily serves to"", ""choices"": [""A. Indicate a shift in focus to urban areas"", ""B. Emphasize the diversity of resistance efforts"", ""C. Suggest a change in military tactics"", ""D. Highlight a plea for international assistance""], ""answer"": ""B"", ""explanation"": ""The sentence 'we shall fight in the fields and in the streets' is part of a series of declarations that encompass various locations of resistance, aiming to underline the comprehensive and unyielding commitment to the nation's defense at all fronts. Hence, it emphasizes the diversity of the resistance efforts during Britain’s time of crisis.""}","During World War II, Prime Minister Winston Churchill delivered his famous speech in the House of Commons on 4 June 1940. Part of the speech read: “We shall fight on the beaches, we shall fight on the landing grounds, we shall fight in the fields and in the streets, we shall fight in the hills; we shall never surrender.” In the context of the speech, the *italicized sentence* ""we shall fight in the fields and in the streets"" primarily serves to","A. Indicate a shift in focus to urban areas
B. Emphasize the diversity of resistance efforts
C. Suggest a change in military tactics
D. Highlight a plea for international assistance",B,"The sentence 'we shall fight in the fields and in the streets' is part of a series of declarations that encompass various locations of resistance, aiming to underline the comprehensive and unyielding commitment to the nation's defense at all fronts. Hence, it emphasizes the diversity of the resistance efforts during Britain’s time of crisis.",,,8,7,"The question presents a clear and contextually rich prompt using a famous speech excerpt from Churchill, which aligns well with SAT standards. Its logical design is sound, and the answer choices are plausible enough to prompt thoughtful discrimination between a high-level and a low-level student's approach. However, there is some room for improvement. For example, the question could further clarify that the use of multiple locations is a deliberate rhetorical device, ensuring students understand that it’s not about shifting to one particular area (urban or rural) but about emphasizing a comprehensive resistance. In addition, refining some language for consistency with SAT stylings (such as the presentation of the italicized portion) would improve clarity. 

The explanation correctly identifies why the correct answer is B, yet it would be more instructive if it also briefly explained why the other options are not viable. A more detailed breakdown of how the sentence functions in the larger context of Churchill’s intent—highlighting its role as a cumulative rhetorical device to stress diversity and resolve—would assist lower-level students in grasping the reasoning process. With these enhancements, the question and explanation would be even more effective as practice material.","{""skill"": ""Function of Sentence"", ""difficulty"": ""Medium"", ""question"": ""During World War II, Prime Minister Winston Churchill delivered his famous speech in the House of Commons on 4 June 1940. Part of the speech read: “We shall fight on the beaches, we shall fight on the landing grounds, we shall fight in the fields and in the streets, we shall fight in the hills; we shall never surrender.” \n\nIn the context of Churchill's speech, the italicized sentence \""we shall fight in the fields and in the streets\"" primarily serves to"", ""choices"": [""A. Indicate a strategic importance placed on urban areas"", ""B. Emphasize the wide range of locations where defenses will be mounted"", ""C. Signal an imminent shift in the method of resistance"", ""D. Call for international support in urban and rural environments""], ""answer"": ""B"", ""explanation"": ""The sentence 'we shall fight in the fields and in the streets' is part of Churchill's rhetorical device used throughout the excerpt, which names multiple terrains to symbolically and literally emphasize the wide-ranging and unwavering commitment of the British people to resist invasion and defend their homeland. Thus, this emphasis on diverse locales underscores the breadth and inclusivity of resistance rather than signaling a singular focus or change in tactics, aligning with the purpose of bolstering morale and resolve during the speech.""}"
2025-03-11 11:30:55,"{""skill"": ""Inferences"", ""difficulty"": ""Medium"", ""question"": ""In Charles Dickens’s novel \""Oliver Twist\"" (1838), young Oliver, an orphan living in a workhouse, shocks the officials by requesting an extra portion of food. These officials, outraged by Oliver’s plea, convene to discuss whether this act of \""ingratitude\"" warrants punishment, fearing it may inspire others to behave similarly.\n\nWhich inference about the officials’ response is best supported by the passage?"", ""choices"": [""A. They believe showing leniency to Oliver can undermine their authority."", ""B. They see increased food portions as too expensive to maintain the workhouse."", ""C. They decide Oliver’s request reflects a thorough misunderstanding of rules."", ""D. They hope to hide the incident to avoid public embarrassment.""], ""answer"": ""A"", ""explanation"": ""We can infer the officials feel the need to punish Oliver’s plea for more food to uphold their authority. They worry that if Oliver’s request goes unpunished, others might demand additional provisions, which would diminish their control. This reasoning is consistent with the notion that allowing even a small act of defiance can undermine their strict hierarchy in the workhouse.""}",Inferences,Medium,"In Charles Dickens’s novel ""Oliver Twist"" (1838), young Oliver, an orphan living in a workhouse, shocks the officials by requesting an extra portion of food. These officials, outraged by Oliver’s plea, convene to discuss whether this act of ""ingratitude"" warrants punishment, fearing it may inspire others to behave similarly.

Which inference about the officials’ response is best supported by the passage?","A. They believe showing leniency to Oliver can undermine their authority.
B. They see increased food portions as too expensive to maintain the workhouse.
C. They decide Oliver’s request reflects a thorough misunderstanding of rules.
D. They hope to hide the incident to avoid public embarrassment.",A,"We can infer the officials feel the need to punish Oliver’s plea for more food to uphold their authority. They worry that if Oliver’s request goes unpunished, others might demand additional provisions, which would diminish their control. This reasoning is consistent with the notion that allowing even a small act of defiance can undermine their strict hierarchy in the workhouse.","The question is solid in many respects—its context is clear, there is sufficient information for students to determine that officials fear that any leniency might undermine their authority, there is exactly one correct answer (A) with three plausible distractors, and the explanation clearly models the logical reasoning while addressing why the other choices are incorrect. The formatting is professional, and the explanation would be educational to a high school student.

However, one key adjustment is needed. According to our guidelines for a medium-difficulty inference question, the passage should be at least 100 words long to require more sustained reading and multi-step reasoning. At only 61 words, the current passage is too brief. To strengthen this question as a medium-difficulty example, I recommend extending the passage to include additional details about the workhouse conditions, the officials’ mindset, and the potential broader consequences of leniency. For example, you might revise the passage as follows:

“In Charles Dickens’s novel ‘Oliver Twist’ (1838), young Oliver—an orphan living in a workhouse notorious for its strict discipline and minimal provisions—shocks the officials by boldly requesting an extra portion of food. His unexpected plea not only disrupts the usual order but also unsettles the guardians, who worry that this act of ‘ingratitude’ might embolden other orphans to question the rigid system. Concerned that leniency in this instance could weaken their authority and spark wider unrest in the workhouse, the officials convene a meeting to decide whether punishment is warranted. Which inference about the officials’ response is best supported by the passage?”

This expanded version meets the 100-word minimum and requires students to integrate multiple details from the passage, thereby aligning better with the medium difficulty criteria.

Overall, aside from the need to lengthen the passage, the question meets all of the highest standards.","{""skill"": ""Inferences"", ""difficulty"": ""Medium"", ""question"": ""In Charles Dickens’s novel \\emph{Oliver Twist} (1838), young Oliver, an orphan living in a workhouse, shocks the officials by requesting an extra portion of food. These officials, outraged by Oliver’s plea, convene to discuss whether this act of \""ingratitude\"" warrants punishment, fearing it may inspire others to behave similarly.\n\nWhat can be inferred about the officials’ perspective based on their reaction to Oliver’s request?"", ""choices"": [""A. They believe leniency towards Oliver would undermine their authority."", ""B. They are concerned about the financial implications of increased food portions."", ""C. They interpret Oliver’s request as a misunderstanding of the system’s rules."", ""D. They aim to minimize public embarrassment by addressing the matter immediately.""], ""answer"": ""A"", ""explanation"": ""The officials’ reaction reveals their belief that failing to punish Oliver’s request for more food would encourage similar defiance among others in the workhouse, threatening their authority. Their primary concern lies in maintaining strict control, as evidenced by their fear of setting a precedent that could lead to insubordination.""}","In Charles Dickens’s novel \emph{Oliver Twist} (1838), young Oliver, an orphan living in a workhouse, shocks the officials by requesting an extra portion of food. These officials, outraged by Oliver’s plea, convene to discuss whether this act of ""ingratitude"" warrants punishment, fearing it may inspire others to behave similarly.

What can be inferred about the officials’ perspective based on their reaction to Oliver’s request?","A. They believe leniency towards Oliver would undermine their authority.
B. They are concerned about the financial implications of increased food portions.
C. They interpret Oliver’s request as a misunderstanding of the system’s rules.
D. They aim to minimize public embarrassment by addressing the matter immediately.",A,"The officials’ reaction reveals their belief that failing to punish Oliver’s request for more food would encourage similar defiance among others in the workhouse, threatening their authority. Their primary concern lies in maintaining strict control, as evidenced by their fear of setting a precedent that could lead to insubordination.",,,8,8,"The question is well constructed and clearly aligned with SAT inference skills. It provides a concise context from Oliver Twist that mirrors the style of SAT reading passages and offers plausible answer choices that challenge students to identify underlying motivations. The correct answer (A) is supported by the text, and the other options serve as reasonable distractors, although a low-level student might still misinterpret some of the nuances. A few suggestions for improvement include slightly enhancing the complexity of the language or providing a bit more textual evidence to help avoid ambiguity for less advanced readers. Additionally, while the explanation is clear and accurate—it correctly connects the officials’ fears of setting a dangerous precedent to maintaining authority—it could be improved by directly citing phrases or details from the passage. This would further aid teaching both high- and low-level students in tracing evidence to the answer. Overall, the question and explanation are solid, but with these minor tweaks, they could reach a perfect alignment with SAT standards.","{""skill"": ""Inferences"", ""difficulty"": ""Medium"", ""question"": ""In Charles Dickens’s novel \\emph{Oliver Twist} (1838), young Oliver, an orphan living in a workhouse, shocks the officials by requesting an extra portion of food. These officials, outraged by Oliver’s plea, convene to discuss whether this act of \""ingratitude\"" warrants punishment, fearing it may inspire others to behave similarly.\\\n\\\nWhat can be inferred about the officials’ perspective based on their reaction to Oliver’s request?"", ""choices"": [""A. They believe leniency towards Oliver would undermine their authority."", ""B. They are concerned about the financial implications of increased food portions."", ""C. They interpret Oliver’s request as a misunderstanding of the system’s rules."", ""D. They aim to minimize public embarrassment by addressing the matter immediately.""], ""answer"": ""A"", ""explanation"": ""The officials’ reaction reveals their belief that failing to punish Oliver’s request for more food would encourage similar defiance among others in the workhouse, threatening their authority. Their primary concern lies in maintaining strict control, as evidenced by their fear of setting a precedent that could lead to insubordination. For instance, referring to Oliver's plea as 'ingratitude' and convening to punish him underscores their focus on authority and discipline over empathy or fairness.""}"
2025-03-11 11:32:58,"{""skill"": ""Inferences"", ""difficulty"": ""Medium"", ""question"": ""Read the following excerpt from Harriet Jacobs’s *Incidents in the Life of a Slave Girl*, published in 1861. In this passage, Jacobs reflects on her early experiences:\n\n\""In my grandmother’s house, warmth filled every corner, enveloping me in a comforting sense of belonging. Yet, the realization that my status was not that of a free child, but rather a person under another’s possession, weighed heavily on my spirit. Despite this burden, I clung to a small, steady ember of hope — the belief that one day I might step beyond this life of imposed servitude.\""\n\nWhich inference about Jacobs’s perspective is best supported by the excerpt?"", ""choices"": [""A. She cherished comforting memories yet actively looked forward to a life of freedom."", ""B. She felt the love in her grandmother’s home was overshadowed by continuous fear."", ""C. She concluded that she could not alter her fate and abandoned any shred of hope."", ""D. She believed that her life experiences provided little warmth but deepened her despair.""], ""answer"": ""A"", ""explanation"": ""Throughout the excerpt, Jacobs describes a deep attachment to her grandmother’s house as a place of warmth while also acknowledging her constrained circumstances. This suggests that she found solace there but still held onto the hope of eventually prevailing over her enslavement. Choice A correctly captures both her appreciation of her grandmother’s nurturing environment and her future aspirations for freedom. The other choices do not align with the excerpt’s emphasis on her enduring hope and the warmth she experienced.""}",Inferences,Medium,"Read the following excerpt from Harriet Jacobs’s *Incidents in the Life of a Slave Girl*, published in 1861. In this passage, Jacobs reflects on her early experiences:

""In my grandmother’s house, warmth filled every corner, enveloping me in a comforting sense of belonging. Yet, the realization that my status was not that of a free child, but rather a person under another’s possession, weighed heavily on my spirit. Despite this burden, I clung to a small, steady ember of hope — the belief that one day I might step beyond this life of imposed servitude.""

Which inference about Jacobs’s perspective is best supported by the excerpt?","A. She cherished comforting memories yet actively looked forward to a life of freedom.
B. She felt the love in her grandmother’s home was overshadowed by continuous fear.
C. She concluded that she could not alter her fate and abandoned any shred of hope.
D. She believed that her life experiences provided little warmth but deepened her despair.",A,"Throughout the excerpt, Jacobs describes a deep attachment to her grandmother’s house as a place of warmth while also acknowledging her constrained circumstances. This suggests that she found solace there but still held onto the hope of eventually prevailing over her enslavement. Choice A correctly captures both her appreciation of her grandmother’s nurturing environment and her future aspirations for freedom. The other choices do not align with the excerpt’s emphasis on her enduring hope and the warmth she experienced.","Overall, the question is well written. It provides a clearly formatted excerpt, a specific inference prompt, four answer options with one clearly correct answer (A), and an explanation that directly models the reasoning a student should use. The answer choices are plausible enough to challenge students who might misread the text. The explanation correctly identifies the key phrases in the passage—such as the warmth of her grandmother’s home contrasted with her awareness of enslavement—that support the inference in choice A.

One area for improvement, however, is meeting the medium-difficulty length requirement. The guidelines call for questions with at least 100 words to promote multi-step reasoning. At 66 words, the excerpt is a bit short and may not fully challenge students to consolidate multiple pieces of evidence. To adjust for this, consider expanding the excerpt with additional contextual sentences that reinforce Jacobs’s internal conflict and hint at more complexity in her feelings. For example, you might insert a sentence such as:

""Yet even as the gentle memories of home soothed her, each echo of imposed servitude outside those walls reminded her that the sanctuary of familial love was intertwined with a constant, underlying yearning for liberation.""

This added detail would increase the passage length to meet the medium-difficulty standard and require students to incorporate more contextual evidence in their inference.","{""skill"": ""Inferences"", ""difficulty"": ""Medium"", ""question"": ""Read the following excerpt from Harriet Jacobs's *Incidents in the Life of a Slave Girl*, published in 1861. In this passage, Jacobs reflects on her early experiences:\n\n\""In my grandmother's house, warmth filled every corner, enveloping me in a comforting sense of belonging. Yet, the realization that my status was not that of a free child, but rather a person under another's possession, weighed heavily on my spirit. Despite this burden, I clung to a small, steady ember of hope—the belief that one day I might step beyond this life of imposed servitude.\""\n\nWhat inference about Jacobs's outlook does this excerpt support?"", ""choices"": [""A. She cherished the warmth of her grandmother's home while maintaining hope for future freedom."", ""B. She felt torn between the comfort of her grandmother's home and the fear of her constrained condition."", ""C. She experienced moments of solace but believed her future held little promise."", ""D. She found her spirit broken by the reality of her servitude, overshadowing all positive feelings.""], ""answer"": ""A"", ""explanation"": ""The excerpt mentions Jacobs's appreciation for the warmth and comfort of her grandmother's house but also details her awareness of her condition as a person in servitude and her enduring hope for freedom. Choice A captures this dual perspective of cherishing her present environment while maintaining aspirations for liberation. The other options incorrectly interpret the emphasis or omit the hope she describes.""}","Read the following excerpt from Harriet Jacobs's *Incidents in the Life of a Slave Girl*, published in 1861. In this passage, Jacobs reflects on her early experiences:

""In my grandmother's house, warmth filled every corner, enveloping me in a comforting sense of belonging. Yet, the realization that my status was not that of a free child, but rather a person under another's possession, weighed heavily on my spirit. Despite this burden, I clung to a small, steady ember of hope—the belief that one day I might step beyond this life of imposed servitude.""

What inference about Jacobs's outlook does this excerpt support?","A. She cherished the warmth of her grandmother's home while maintaining hope for future freedom.
B. She felt torn between the comfort of her grandmother's home and the fear of her constrained condition.
C. She experienced moments of solace but believed her future held little promise.
D. She found her spirit broken by the reality of her servitude, overshadowing all positive feelings.",A,The excerpt mentions Jacobs's appreciation for the warmth and comfort of her grandmother's house but also details her awareness of her condition as a person in servitude and her enduring hope for freedom. Choice A captures this dual perspective of cherishing her present environment while maintaining aspirations for liberation. The other options incorrectly interpret the emphasis or omit the hope she describes.,,,8,8,"The question is well constructed and aligns with SAT standards. It uses a genuine excerpt that provides sufficient context for an inference question, and the answer choices are plausible with only one fitting the evidence. High level students will likely quickly identify the dual nature of Jacobs’s emotions (comfort in the home mixed with hope for freedom) while lower level students might be tempted by other choices that capture parts of the text but do not fully reflect the nuance. To improve further, consider expanding the excerpt slightly or rewording some answer choices to create more differentiation between emotional nuances, ensuring that lower level students are guided more subtly towards understanding the dual perspective. The explanation is concise and effective in clarifying why choice A is correct; however, it could be enhanced by highlighting specific phrases (like “small, steady ember of hope”) that directly signal the sustained optimism, and by briefly explaining why the other choices misinterpret or overstate Jacobs’s emotional state. Overall, both the question and its explanation are strong, with minor adjustments needed to achieve a top-tier level for SAT practice materials.","{""skill"": ""Inferences"", ""difficulty"": ""Medium"", ""question"": ""Read the following excerpt from Harriet Jacobs's *Incidents in the Life of a Slave Girl*, published in 1861. In this passage, Jacobs reflects on her early experiences:\n\n\""In my grandmother's house, warmth filled every corner, enveloping me in a comforting sense of belonging. Yet, the realization that my status was not that of a free child, but rather a person under another's possession, weighed heavily on my spirit. Despite this burden, I clung to a small, steady ember of hope—the belief that one day I might step beyond this life of imposed servitude.\""\n\nWhat inference about Jacobs's outlook does this excerpt support?"", ""choices"": [""A. She cherished the warmth of her grandmother's home while maintaining hope for future freedom."", ""B. She felt torn between the comfort of her grandmother's home and the fear of her constrained condition."", ""C. She experienced moments of solace but believed her future held little promise."", ""D. She found her spirit broken by the reality of her servitude, overshadowing all positive feelings.""], ""answer"": ""A"", ""explanation"": ""The passage highlights the comfort and belonging Jacobs felt in her grandmother's house, juxtaposed with the burden of her servitude. Importantly, Jacobs mentions her ongoing hope for freedom, making choice A the correct answer. The other options fail to fully capture this dual perspective or misinterpret her enduring hope as despair or fear.""}"
2025-03-11 11:35:13,"{""skill"": ""Function of Sentence"", ""difficulty"": ""Hard"", ""question"": ""In the opening pages of Charles Dickens’s novel Great Expectations (1861), the narrator, Pip, recalls how his infant tongue could pronounce neither his given name Philip nor his surname Pirrip properly, resulting in the nickname he would carry for life: Pip. He explains that he never knew his parents, having only their tombstones to imagine their appearance. The excerpt concludes with the statement, “Despite these humble beginnings, Pip expresses an eagerness to rise above his circumstances.”\n\nWhich choice best describes the main function of the final sentence of the excerpt?"", ""choices"": [""A. It stresses the literal meaning behind Pip’s self-given name."", ""B. It offers a sidelong critique of Pip’s social environment."", ""C. It suggests that Pip’s upbringing was more pleasant than he admits."", ""D. It foreshadows Pip’s ambition to overcome his limited status.""], ""answer"": ""D"", ""explanation"": ""To answer this question, consider how the final sentence connects Pip’s background to his overall perspective on life. The statement highlights that, despite having few economic or familial advantages, Pip demonstrates a resolve to rise beyond those constraints, which foreshadows his future endeavors. The other choices incorrectly focus on details that are not the primary purpose of the final sentence.""}",Function of Sentence,Hard,"In the opening pages of Charles Dickens’s novel Great Expectations (1861), the narrator, Pip, recalls how his infant tongue could pronounce neither his given name Philip nor his surname Pirrip properly, resulting in the nickname he would carry for life: Pip. He explains that he never knew his parents, having only their tombstones to imagine their appearance. The excerpt concludes with the statement, “Despite these humble beginnings, Pip expresses an eagerness to rise above his circumstances.”

Which choice best describes the main function of the final sentence of the excerpt?","A. It stresses the literal meaning behind Pip’s self-given name.
B. It offers a sidelong critique of Pip’s social environment.
C. It suggests that Pip’s upbringing was more pleasant than he admits.
D. It foreshadows Pip’s ambition to overcome his limited status.",D,"To answer this question, consider how the final sentence connects Pip’s background to his overall perspective on life. The statement highlights that, despite having few economic or familial advantages, Pip demonstrates a resolve to rise beyond those constraints, which foreshadows his future endeavors. The other choices incorrectly focus on details that are not the primary purpose of the final sentence.","Below is the detailed evaluation:

• Context and Objective: The question gives a clear, albeit brief, passage from Great Expectations and then asks about the function of the final sentence. The student sees a short narrative paragraph and a follow‐up question regarding that sentence’s role. However, the passage is under 80 words—well short of the ~130-word length recommended for a Hard-difficulty question. Increasing the passage’s complexity and length would better require the multi-step synthesis expected at a Hard level.

• Sufficient Information and One Correct Answer: The excerpt provides enough context to justify option D as correct. The answer choices offer one clear correct answer and three distractors that are off-target, although they could be made slightly more sophisticated to better serve the Hard level.

• Explanation: The explanation is correct and educational—it succinctly connects Pip’s background with the foreshadowing of his ambition. You might consider adding a sentence or two that explicitly contrasts why the other choices fail, thereby reinforcing the reasoning process.

• Formatting: The guidelines require that the sentence whose function is being analyzed be marked with underscores (using ""_"" before and after the sentence). In this draft the target sentence is simply quoted rather than underlined. Also, the follow-up question should specifically refer to the “underlined sentence” rather than “the final sentence.” 

  Suggested Wording Change:
  – In the passage, change the final sentence to: _""Despite these humble beginnings, Pip expresses an eagerness to rise above his circumstances.""_ 
  – Then, change the follow-up question to: 
    \n\nWhich choice best describes the function of the underlined sentence in the overall text?

• Complexity and Hard-Difficulty Alignment: As written, the language and reasoning required are relatively straightforward. At Hard difficulty, you should aim for more complex vocabulary and abstract phrasing that requires multi-step analysis. Consider expanding the passage to incorporate a more nuanced discussion of Pip’s identity or ambitions. For example, you might add a sentence or two to situate his vulnerability, his internal conflict, or the broader thematic context of social mobility. Also, refine the distractors so that they each represent subtle, plausible traps rather than easily dismissible misinterpretations.

Overall, while many elements are effective, the question does not fully meet the formatting and complexity guidelines for a Hard Digital SAT question. Improvements should include:
 1. Underlining the target sentence with '_' symbols.
 2. Referencing it as the “underlined sentence” in the follow-up question.
 3. Expanding and enriching the passage (and possibly revising the distractors) to meet the advanced language and multi-step reasoning criteria of Hard difficulty.

Final recommendation: Revise the question with these modifications before using it on the SAT tutoring website.","{""skill"": ""Function of Sentence"", ""difficulty"": ""Hard"", ""question"": ""In the opening pages of Charles Dickens’s novel *Great Expectations* (1861), the narrator, Pip, recalls how his infant tongue could pronounce neither his given name Philip nor his surname Pirrip properly, resulting in the nickname he would carry for life: Pip. He explains that he never knew his parents, having only their tombstones to imagine their appearance. The excerpt concludes with the statement, “Despite these humble beginnings, Pip expresses an eagerness to rise above his circumstances.”\n\nWhich choice best describes the main function of the final sentence of the excerpt?"", ""choices"": [""A. It highlights the literal meaning behind Pip’s nickname."", ""B. It critiques Pip’s societal context in a subtle manner."", ""C. It implies that Pip’s childhood was more fortunate than he describes."", ""D. It foreshadows Pip’s desire to transcend his modest origins.""], ""answer"": ""D"", ""explanation"": ""To answer the question, the focus is on how the final sentence relates to the overall passage. The sentence acts as a foreshadowing of Pip’s aspirations by addressing his drive to overcome his humble beginnings. Incorrect options do not align with this purpose: the literal meaning of his name (A), societal critique (B), and the implication of fortunate circumstances (C) are not relevant functions of the sentence in question.""}","In the opening pages of Charles Dickens’s novel *Great Expectations* (1861), the narrator, Pip, recalls how his infant tongue could pronounce neither his given name Philip nor his surname Pirrip properly, resulting in the nickname he would carry for life: Pip. He explains that he never knew his parents, having only their tombstones to imagine their appearance. The excerpt concludes with the statement, “Despite these humble beginnings, Pip expresses an eagerness to rise above his circumstances.”

Which choice best describes the main function of the final sentence of the excerpt?","A. It highlights the literal meaning behind Pip’s nickname.
B. It critiques Pip’s societal context in a subtle manner.
C. It implies that Pip’s childhood was more fortunate than he describes.
D. It foreshadows Pip’s desire to transcend his modest origins.",D,"To answer the question, the focus is on how the final sentence relates to the overall passage. The sentence acts as a foreshadowing of Pip’s aspirations by addressing his drive to overcome his humble beginnings. Incorrect options do not align with this purpose: the literal meaning of his name (A), societal critique (B), and the implication of fortunate circumstances (C) are not relevant functions of the sentence in question.",,,9,9,"The question is very well constructed and clearly aligned with SAT standards. It uses a solid excerpt from Great Expectations and poses a concise 'function of sentence' prompt that challenges students to interpret literary foreshadowing. The answer choices are all plausible distractors, and the correct answer (D) clearly follows from a careful reading of the passage. From a high-level student’s perspective, the question taps into advanced comprehension skills, while a lower-level student might struggle with the nuance, which is appropriate for a hard-difficulty item. The explanation is succinct and effectively rules out the distractors by directly connecting the final sentence’s purpose with Pip’s aspirations. To push it to a perfect 10, you might consider adding a brief note in the excerpt that reinforces the narrative shift toward Pip’s ambitious future, and in the explanation, a little more detail on how the literary device of foreshadowing functions could further help students understand the connection. Overall, this question is strong and nearly ready for wide public release with only minor tweaks.","{""skill"": ""Function of Sentence"", ""difficulty"": ""Hard"", ""question"": ""In the opening pages of Charles Dickens' novel *Great Expectations* (1861), the narrator, Pip, recalls how his infant tongue could pronounce neither his given name Philip nor his surname Pirrip properly, resulting in the nickname he would carry for life: Pip. He explains that he never knew his parents, having only their tombstones to imagine their appearance. The excerpt concludes with the statement, 'Despite these humble beginnings, Pip expresses an eagerness to rise above his circumstances.'\n\nWhich choice best describes the main function of the final sentence of the excerpt?"", ""choices"": [""A. It highlights the literal meaning behind Pip’s nickname."", ""B. It critiques Pip's societal context in a subtle manner."", ""C. It implies that Pip's childhood was more fortunate than he describes."", ""D. It foreshadows Pip's desire to transcend his modest origins.""], ""answer"": ""D"", ""explanation"": ""The final sentence highlights Pip's eagerness to overcome his challenges, which serves as foreshadowing for his ambitions and future actions within the narrative. The other options misinterpret the purpose of the sentence as it does not address the literal meaning of his name (A), critique societal norms (B), or contradict his description of a difficult childhood (C).""}"
2025-03-11 11:36:53,"{""skill"": ""Inferences"", ""difficulty"": ""Hard"", ""question"": ""In the following excerpt from Harriet Jacobs’s “Incidents in the Life of a Slave Girl” (1861), Jacobs describes her reason for discussing her hardships:\n\n“Reader, it is not to awaken sympathy for myself that I am telling you truthfully what I suffered in slavery.”\n\nWhich inference is best supported by the passage?"", ""choices"": [""A. Jacobs believes her readers are primarily to blame for her tribulations."", ""B. Jacobs wishes to portray the day-to-day tasks she performed under duress."", ""C. Jacobs seeks to place responsibility on her friends and relatives for her hardships."", ""D. Jacobs aims to convey the depth of her experience without expecting personal pity.""], ""answer"": ""D"", ""explanation"": ""From Jacobs’s assertion that she does not seek sympathy for herself, we can infer that her main purpose is to reveal the truth of her ordeal rather than to elicit pity. She focuses on sharing her experiences honestly, not blaming or appealing for personal sympathy. Thus, choice D is the best supported answer.""}",Inferences,Hard,"In the following excerpt from Harriet Jacobs’s “Incidents in the Life of a Slave Girl” (1861), Jacobs describes her reason for discussing her hardships:

“Reader, it is not to awaken sympathy for myself that I am telling you truthfully what I suffered in slavery.”

Which inference is best supported by the passage?","A. Jacobs believes her readers are primarily to blame for her tribulations.
B. Jacobs wishes to portray the day-to-day tasks she performed under duress.
C. Jacobs seeks to place responsibility on her friends and relatives for her hardships.
D. Jacobs aims to convey the depth of her experience without expecting personal pity.",D,"From Jacobs’s assertion that she does not seek sympathy for herself, we can infer that her main purpose is to reveal the truth of her ordeal rather than to elicit pity. She focuses on sharing her experiences honestly, not blaming or appealing for personal sympathy. Thus, choice D is the best supported answer.","The question features a clear context (a precise excerpt from Jacobs’s narrative), a focused objective (to infer Jacobs’s purpose), and four answer choices with one clearly supported answer (D). The explanation is succinct and correctly justifies why D is best supported while briefly dismissing the other options. The formatting is consistent with SAT practice guidelines.

However, the question is labeled as Hard, yet the excerpt is very short—just one sentence—and the required inference is relatively straightforward. Hard-difficulty inference questions should incorporate more extended passages (preferably at least 130 words) and require multi-step reasoning or synthesis of multiple ideas. To meet the Hard-level criteria, consider expanding the passage to include additional context or complexities (such as Jacobs’s broader rhetorical intent or additional details about her narrative) that force students to integrate several aspects of the text before drawing their conclusion.

For example, you might modify the prompt by adding a brief paragraph before the excerpt that outlines the broader context of Jacobs’s narrative. Then, revise the inference question to require a deeper analysis (e.g., asking students to consider both the tone and purpose behind her explicit denial of seeking sympathy). Alternatively, if you wish to keep the excerpt as is, change the difficulty label to Medium.

In summary:
• Clarify that if you intend for this to be a Hard question, expand the passage and deepen the reasoning required. 
• If not, adjust the difficulty label to Medium.

Please revise accordingly.","{""skill"": ""Inferences"", ""difficulty"": ""Hard"", ""question"": ""In the following excerpt from Harriet Jacobs’s *Incidents in the Life of a Slave Girl* (1861), Jacobs describes her reason for discussing her hardships:\n\n\""Reader, it is not to awaken sympathy for myself that I am telling you truthfully what I suffered in slavery.\""\n\nWhich inference is best supported by the passage?"", ""choices"": [""A. Jacobs believes her readers are primarily to blame for her tribulations."", ""B. Jacobs wishes to portray the day-to-day tasks she performed under duress."", ""C. Jacobs seeks to place responsibility on her friends and relatives for her hardships."", ""D. Jacobs aims to convey the depth of her experience without expecting personal pity.""], ""answer"": ""D"", ""explanation"": ""From the text, it is evident that Jacobs clarifies her intention in recounting her suffering; it is not to gain sympathy. This suggests her goal is to present the realities of slavery and its experiences without seeking personal pity or placing responsibility on others. Therefore, choice D aligns most strongly with the inference we can make from the excerpt.""}","In the following excerpt from Harriet Jacobs’s *Incidents in the Life of a Slave Girl* (1861), Jacobs describes her reason for discussing her hardships:

""Reader, it is not to awaken sympathy for myself that I am telling you truthfully what I suffered in slavery.""

Which inference is best supported by the passage?","A. Jacobs believes her readers are primarily to blame for her tribulations.
B. Jacobs wishes to portray the day-to-day tasks she performed under duress.
C. Jacobs seeks to place responsibility on her friends and relatives for her hardships.
D. Jacobs aims to convey the depth of her experience without expecting personal pity.",D,"From the text, it is evident that Jacobs clarifies her intention in recounting her suffering; it is not to gain sympathy. This suggests her goal is to present the realities of slavery and its experiences without seeking personal pity or placing responsibility on others. Therefore, choice D aligns most strongly with the inference we can make from the excerpt.",,,8,7,"The question is clear and follows the SAT inference style by providing a brief excerpt and then asking which inference is best supported. The answer choices are aligned with the passage, and the correct option (D) clearly reflects Jacobs’s intent not to seek personal pity. However, for a “hard” difficulty classification, the distractors (choices A, B, and C) are very obvious misreads of the passage. To increase the challenge and better reflect a hard SAT question, consider phrasing the incorrect options in ways that are more subtly plausible so that test‐takers must more carefully evaluate nuances of the text. 

Regarding the explanation, it correctly notes that Jacobs’s stated purpose is not to awaken sympathy, which leads to answer D. Yet the explanation would be improved by more explicitly discussing why the other choices do not work and by pointing to specific phrasing in the passage (for example, highlighting the word “truthfully”) that underpins the inference. Enhancing the explanation with a brief elimination of options A, B, and C would provide a stronger model of analytical reasoning for both high-level and struggling students.","{""skill"": ""Inferences"", ""difficulty"": ""Hard"", ""question"": ""In the following excerpt from Harriet Jacobs’s *Incidents in the Life of a Slave Girl* (1861), Jacobs describes her reason for discussing her hardships:\n\n\""Reader, it is not to awaken sympathy for myself that I am telling you truthfully what I suffered in slavery.\""\n\nWhich inference is best supported by the passage?"", ""choices"": [""A. Jacobs seeks to highlight the suffering of individuals with similar experiences."", ""B. Jacobs intends to truthfully document her experiences without influencing readers' emotions."", ""C. Jacobs does not hold her audience accountable for her suffering."", ""D. Jacobs aims to convey the depth of her trials factually, without arousing pity.""], ""answer"": ""D"", ""explanation"": ""Jacobs explicitly states that her purpose is not to awaken sympathy but to truthfully recount her experiences, as noted in the text. Thus, the inference that her goal is to present the facts of her experiences without expecting personal pity aligns best with choice D. Other options, while plausible at a glance, do not fully capture the nuance of her stated intent; for example, A implies a broader focus on others rather than her personal narrative, B and C don't emphasize the observance of truth coupled with the avoidance of pity, both of which are key to Jacobs's aim in the excerpt.""}"
2025-03-11 11:38:55,"{""skill"": ""Inferences"", ""difficulty"": ""Hard"", ""question"": ""The following excerpt is adapted from Fyodor Dostoevsky’s public-domain novel, \""Crime and Punishment.\"" In this scene, the character Raskolnikov is walking among a crowd after a tense and disorienting moment:\n\n\""He was so immersed in his own feelings that he scarcely saw or heard anything around him. This solitude in the midst of the throng still further excited him; he walked on like one pursued, unwillingly drawn into the bustle, yet incapable of escaping it altogether.\""\n\nWhich inference about Raskolnikov is best supported by the passage?"", ""choices"": [""A) He feels heightened anxiety because his internal turmoil prevents him from attaining peace."", ""B) He intentionally seeks crowded areas to assert his intellectual superiority over others."", ""C) He is unfeeling and unable to register the presence of people around him."", ""D) He finds deep relief in the busy environment, as it fully distracts him from his troubles.""], ""answer"": ""A"", ""explanation"": ""The excerpt describes Raskolnikov’s sense of discomfort and agitation in the crowd, implying that his inner worries and fears are magnified rather than soothed by the commotion. Answer A is correct because it infers that his deeper struggles create anxiety he cannot shake. The other choices are not well supported by the text, which suggests he is neither seeking to dominate others, fully indifferent, nor relieved by the crowd’s presence.""}",Inferences,Hard,"The following excerpt is adapted from Fyodor Dostoevsky’s public-domain novel, ""Crime and Punishment."" In this scene, the character Raskolnikov is walking among a crowd after a tense and disorienting moment:

""He was so immersed in his own feelings that he scarcely saw or heard anything around him. This solitude in the midst of the throng still further excited him; he walked on like one pursued, unwillingly drawn into the bustle, yet incapable of escaping it altogether.""

Which inference about Raskolnikov is best supported by the passage?","A) He feels heightened anxiety because his internal turmoil prevents him from attaining peace.
B) He intentionally seeks crowded areas to assert his intellectual superiority over others.
C) He is unfeeling and unable to register the presence of people around him.
D) He finds deep relief in the busy environment, as it fully distracts him from his troubles.",A,"The excerpt describes Raskolnikov’s sense of discomfort and agitation in the crowd, implying that his inner worries and fears are magnified rather than soothed by the commotion. Answer A is correct because it infers that his deeper struggles create anxiety he cannot shake. The other choices are not well supported by the text, which suggests he is neither seeking to dominate others, fully indifferent, nor relieved by the crowd’s presence.","Below is a detailed review of your SAT Inferences question:

1. Context, Objective, and Question Clarity:  
 • The question clearly provides a brief excerpt from Dostoevsky’s Crime and Punishment along with a clear inquiry (“Which inference about Raskolnikov is best supported by the passage?”).  
 • The context is set by noting the scene (Raskolnikov walking in a crowd after a tense moment), so the objective is well established.

2. Sufficient Information:  
 • The passage provides the key detail that Raskolnikov is deeply absorbed in his feelings, barely noticing his surroundings while moving through the crowd—information that supports the intended inference.

3. Exactly One Correct Answer With Three Plausible Distractors:  
 • Answer A (“He feels heightened anxiety because his internal turmoil prevents him from attaining peace.”) is clearly the correct inference.  
 • The other choices are plausible alternatives that misinterpret the passage, making them reasonable distractors.

4. Explanation Alignment and Educational Value:  
 • The explanation succinctly summarizes the passage’s portrayal of Raskolnikov’s inner discomfort. It then explains why Answer A is correct and briefly notes why the other options do not match the textual evidence.  
 • To further elevate the explanation for a hard-level question, you might add one sentence modeling a multi-step reasoning process (e.g., “Because the passage describes Raskolnikov as ‘immersed in his own feelings’ while being ‘drawn into the bustle’ despite his inner turmoil, we can conclude that he is experiencing unresolved anxiety—this indicates that his emotional state is heightened rather than alleviated by the surroundings”). This additional detail would better guide high-performing students.

5. Formatting:  
 • The formatting is correct. The passage and question are clearly delimited by double newlines, and answer choices are clearly labeled with “A” through “D.” There are no formatting errors.

6. Alignment with Hard Difficulty Guidelines:  
 • Although the language is appropriate and the distractors are sophisticated, the passage itself is very brief (fewer than 50 words).  
 • Hard-level questions should incorporate more complex, multi-step reasoning and a longer passage (roughly 130+ words) that requires synthesizing multiple pieces of information.  
 • To meet the hard-difficulty standard, consider expanding the excerpt with additional layers that hint at internal conflict, subtle shifts in mood, or conflicting emotions. This would require students to integrate several details before arriving at the correct inference.

Specific Suggested Improvements:  
 • Increase the length of the passage by adding one or two additional sentences that elaborate on Raskolnikov’s inner conflict. For example, after the current excerpt, add a sentence such as:  
  ""At times, the chaotic murmurs of the crowd seemed to mirror a tumult he could neither quiet nor forget, suggesting that his isolation was as much an inner battle as it was a physical state.""  
 • This extra detail would require students to synthesize his emotional turmoil with the external setting, thus satisfying the ‘multi-step reasoning’ criterion for Hard difficulty.

In summary, while the question is clear, well-structured, and has plausible distractors with a supportive explanation, it needs to be lengthened and deepened in complexity to fully meet Hard-level SAT Inferences guidelines.

","{""skill"": ""Inferences"", ""difficulty"": ""Hard"", ""question"": ""The following excerpt is adapted from Fyodor Dostoevsky’s public-domain novel, \""Crime and Punishment.\"" In this scene, the character Rodion Raskolnikov is walking among a crowd after experiencing a tense and disorienting moment:\n\n\""He was so immersed in his own feelings that he scarcely saw or heard anything around him. This solitude in the midst of the throng still further excited him; he walked on like one pursued, unwillingly drawn into the bustle, yet incapable of escaping it altogether.\""\n\nBased on this excerpt, what can be inferred about Raskolnikov's state of mind?"", ""choices"": [""A) He is anxiously preoccupied with his internal conflicts, which overwhelm his perception of his surroundings."", ""B) He consciously seeks out noisy and crowded settings to escape his own thoughts."", ""C) He feels entirely indifferent toward the presence of others around him."", ""D) He finds the busy environment comforting and relieving in the face of his troubles.""], ""answer"": ""A"", ""explanation"": ""The correct answer is A. The excerpt implies that Raskolnikov is deeply preoccupied with his internal struggles to the extent that he barely registers the external environment. His 'solitude in the midst of the throng' highlights his internal isolation despite being in a crowded space. Choice B is incorrect because the text portrays him as 'unwillingly drawn' into the crowd, suggesting a lack of intentionality. Choice C misrepresents his awareness by suggesting indifference, while Choice D contradicts the passage, as the environment appears to heighten rather than alleviate his distress.""}","The following excerpt is adapted from Fyodor Dostoevsky’s public-domain novel, ""Crime and Punishment."" In this scene, the character Rodion Raskolnikov is walking among a crowd after experiencing a tense and disorienting moment:

""He was so immersed in his own feelings that he scarcely saw or heard anything around him. This solitude in the midst of the throng still further excited him; he walked on like one pursued, unwillingly drawn into the bustle, yet incapable of escaping it altogether.""

Based on this excerpt, what can be inferred about Raskolnikov's state of mind?","A) He is anxiously preoccupied with his internal conflicts, which overwhelm his perception of his surroundings.
B) He consciously seeks out noisy and crowded settings to escape his own thoughts.
C) He feels entirely indifferent toward the presence of others around him.
D) He finds the busy environment comforting and relieving in the face of his troubles.",A,"The correct answer is A. The excerpt implies that Raskolnikov is deeply preoccupied with his internal struggles to the extent that he barely registers the external environment. His 'solitude in the midst of the throng' highlights his internal isolation despite being in a crowded space. Choice B is incorrect because the text portrays him as 'unwillingly drawn' into the crowd, suggesting a lack of intentionality. Choice C misrepresents his awareness by suggesting indifference, while Choice D contradicts the passage, as the environment appears to heighten rather than alleviate his distress.",,,8,8,"The question is well structured and closely mirrors the style of SAT reading inferences. It provides a clear, self-contained excerpt from a well-known work and asks students to deduce Raskolnikov’s internal state, which aligns with the high-difficulty requirement. The answer choices are plausible, with only one choice (A) clearly supported by textual evidence, a strength that supports rigorous critical reading. However, a couple of refinements could elevate the item even further. For example, although choice A is correct, the wording ‘anxiously preoccupied with his internal conflicts’ might benefit from slight rephrasing to directly tie the phrase ‘immersed in his own feelings’ to the idea of turmoil, thereby reducing potential confusion for lower-level readers. Additionally, the explanation, while clear in outlining why choice A is correct and why the others are not, could be enhanced by explicitly connecting the literary language (e.g., phrases like “solitude in the midst of the throng” and “like one pursued”) to the inference drawn about his state of mind. This extra detail would support students who might struggle with the nuanced language of the passage. Overall, the question is strong and nearly ready for public SAT practice with minor tweaks to further clarify the connection between the text and the correct inference.","{""skill"": ""Inferences"", ""difficulty"": ""Hard"", ""question"": ""The following excerpt is adapted from Fyodor Dostoevsky's public-domain novel, \""Crime and Punishment.\"" In this scene, the character Rodion Raskolnikov is walking among a crowd after experiencing a tense and disorienting moment:\n\n\""He was so immersed in his own feelings that he scarcely saw or heard anything around him. This solitude in the midst of the throng still further excited him; he walked on like one pursued, unwillingly drawn into the bustle, yet incapable of escaping it altogether.\""\n\nBased on this excerpt, what can be inferred about Raskolnikov's state of mind?"", ""choices"": [""A) He is deeply preoccupied with his internal struggles, which dominate his consciousness."", ""B) He deliberately surrounds himself with noise and activity to distract himself."", ""C) He feels indifferent to the commotion of the crowd around him."", ""D) He finds solace in being surrounded by others, despite his internal turmoil.""], ""answer"": ""A"", ""explanation"": ""The correct answer is A. The text describes how Raskolnikov is deeply engrossed in his own thoughts and feelings, nearly oblivious to his surroundings. The description of him as being in 'solitude in the midst of the throng' emphasizes his internal preoccupation and isolation. Option B is incorrect because there is no evidence to suggest that he actively seeks out the crowd. Option C is incorrect as it misinterprets his immersion and inattentiveness as indifference. Option D is incorrect since the crowd seems to add to his anxiety rather than provide comfort.""}"
2025-03-11 11:40:46,"{""skill"": ""Inferences"", ""difficulty"": ""Medium"", ""question"": ""In Fyodor Dostoevsky’s novel “Crime and Punishment,” the protagonist Raskolnikov struggles with deep moral conflict after committing a grave crime. Although he initially attempts to justify his actions with the idea of serving a higher purpose, he is plagued by restless anxiety and a growing sense of isolation. In one scene, he paces around his cramped room, tormented by his own self-accusations and unable to fully convince himself that his transgression was warranted.\n\nWhich inference about Raskolnikov’s sense of responsibility is best supported by the passage?"", ""choices"": [""A) He acknowledges that a person who commits a wrongdoing cannot escape self-punishment."", ""B) He fears being discovered more than he worries about moral repercussions."", ""C) He believes external circumstances completely absolve him of blame."", ""D) He successfully silences any internal guilt regarding his deeds.""], ""answer"": ""A"", ""explanation"": ""Raskolnikov’s pacing and relentless self-accusations suggest that he cannot overlook the moral weight of his crime. This continuous struggle points to an internal understanding that wrongdoing inevitably brings self-inflicted punishment. Answer choice A aligns with these details, while the other choices contradict or oversimplify his emotional turmoil.""}",Inferences,Medium,"In Fyodor Dostoevsky’s novel “Crime and Punishment,” the protagonist Raskolnikov struggles with deep moral conflict after committing a grave crime. Although he initially attempts to justify his actions with the idea of serving a higher purpose, he is plagued by restless anxiety and a growing sense of isolation. In one scene, he paces around his cramped room, tormented by his own self-accusations and unable to fully convince himself that his transgression was warranted.

Which inference about Raskolnikov’s sense of responsibility is best supported by the passage?","A) He acknowledges that a person who commits a wrongdoing cannot escape self-punishment.
B) He fears being discovered more than he worries about moral repercussions.
C) He believes external circumstances completely absolve him of blame.
D) He successfully silences any internal guilt regarding his deeds.",A,"Raskolnikov’s pacing and relentless self-accusations suggest that he cannot overlook the moral weight of his crime. This continuous struggle points to an internal understanding that wrongdoing inevitably brings self-inflicted punishment. Answer choice A aligns with these details, while the other choices contradict or oversimplify his emotional turmoil.","The context, question, answer choices, and explanation are all clear and well connected. The passage provides relevant details about Raskolnikov’s internal struggle, and the explanation neatly shows how his relentless self-accusations support answer A while noting why the other options are unsupported. The formatting is correct, and the distractors are plausible.

However, to fully meet the Medium-difficulty guidelines, the reading passage needs to be lengthened to at least 100 words. Currently, the passage is around 86 words, which may not require the multi-step reasoning that Medium questions are meant to elicit. To improve this, add one or two sentences that deepen the portrayal of Raskolnikov’s internal conflict. For example, immediately after the sentence “In one scene, he paces around his cramped room, tormented by his own self-accusations and unable to fully convince himself that his transgression was warranted,” you could add: 

“This constant cycle of inner criticism and despair underscores his recognition that no act of justification can erase the self-imposed punishment that follows a moral failing.”

This addition not only increases the word count but also enriches the context so students must integrate more evidence to support their inference.","{""skill"": ""Inferences"", ""difficulty"": ""Medium"", ""question"": ""In Fyodor Dostoevsky's novel 'Crime and Punishment,' the protagonist Raskolnikov experiences deep moral conflict after committing a grave transgression. His inner turmoil is evident as he is plagued by relentless self-accusations and an inability to convince himself of the righteousness of his actions. In particular, he is depicted pacing anxiously in his small room, showing the extent of his psychological torment. \n\nWhich statement is best supported by this depiction of Raskolnikov's emotional state?"", ""choices"": [""A) He believes that wrongdoing inevitably leads to self-punishment."", ""B) He primarily worries about being caught by others."", ""C) He feels justified in his actions due to his external circumstances."", ""D) He manages to suppress his sense of guilt entirely.""], ""answer"": ""A"", ""explanation"": ""Raskolnikov's pacing and self-accusations highlight his inability to dismiss the moral implications of his crime. This suggests an acknowledgment, at least subconsciously, that wrongdoing carries inherent self-inflicted punishment. Choice A captures this best, while the other options do not align with the depth of his existential anguish.""}","In Fyodor Dostoevsky's novel 'Crime and Punishment,' the protagonist Raskolnikov experiences deep moral conflict after committing a grave transgression. His inner turmoil is evident as he is plagued by relentless self-accusations and an inability to convince himself of the righteousness of his actions. In particular, he is depicted pacing anxiously in his small room, showing the extent of his psychological torment. 

Which statement is best supported by this depiction of Raskolnikov's emotional state?","A) He believes that wrongdoing inevitably leads to self-punishment.
B) He primarily worries about being caught by others.
C) He feels justified in his actions due to his external circumstances.
D) He manages to suppress his sense of guilt entirely.",A,"Raskolnikov's pacing and self-accusations highlight his inability to dismiss the moral implications of his crime. This suggests an acknowledgment, at least subconsciously, that wrongdoing carries inherent self-inflicted punishment. Choice A captures this best, while the other options do not align with the depth of his existential anguish.",,,8,7,"The question is structured in a way that reflects SAT standards for inference and aligns well with the expectations for literary analysis. It supplies a clear and rich context from a classic work, which can stimulate deeper thought for high-level students, while still offering a fair challenge for lower-level students. Answer choices are plausible and well-differentiated, though the inference in answer A could be phrased slightly more directly to tie closer to the textual cues. The explanation is concise and correctly identifies the key elements of Raskolnikov’s psychological torment, but it would benefit from further elaboration—specifically, by explaining why the other answer choices are not supported by the passage. Including a brief, step-by-step rationale for dismissing the distractors would aid students who struggle with making such inferences. With these refinements, the question would not only maintain its rigor but also enhance clarity and pedagogical value.","{""skill"": ""Inferences"", ""difficulty"": ""Medium"", ""question"": ""In Fyodor Dostoevsky's novel 'Crime and Punishment,' the protagonist Raskolnikov experiences deep moral conflict after committing a grave transgression. His inner turmoil is evident as he is plagued by relentless self-accusations and an inability to convince himself of the righteousness of his actions. In particular, he is depicted pacing anxiously in his small room, showing the extent of his psychological torment. \n\nWhich statement is best supported by this depiction of Raskolnikov's emotional state?"", ""choices"": [""A) He believes that wrongdoing inevitably leads to self-punishment."", ""B) He primarily worries about being caught by others."", ""C) He feels justified in his actions due to his external circumstances."", ""D) He manages to suppress his sense of guilt entirely.""], ""answer"": ""A"", ""explanation"": ""Raskolnikov's pacing and self-accusations highlight his inability to dismiss the moral implications of his crime. This suggests an acknowledgment, at least subconsciously, that wrongdoing carries inherent self-inflicted punishment. Choice A captures this understanding accurately. Choice B is incorrect because his emotional state primarily reflects internal, rather than external, fears. Choice C doesn't align with the text, as his turmoil contradicts any justification he might claim. Choice D is clearly shown to be wrong by his inability to suppress guilt, as evidenced by the description of his conduct and thoughts.""}"
2025-03-11 11:42:47,"{""skill"": ""Inferences"", ""difficulty"": ""Medium"", ""question"": ""Harriet Tubman, born into slavery around 1822, escaped to freedom and subsequently conducted numerous rescue missions through the Underground Railroad. Many accounts portray her displaying unwavering courage, traveling mostly under the cover of night to avoid detection, and encouraging those in her group to persist despite danger or exhaustion. Tubman is credited with guiding dozens of enslaved individuals to freedom, earning the admiration and gratitude of those who followed her.\n\nWhich inference about Tubman is most strongly supported by the passage?"", ""choices"": [""A. She gained respect from those she guided because of her relentless determination."", ""B. She traveled in daylight primarily to showcase her courage to potential allies."", ""C. She believed most enslaved people lacked the will to attempt escape on their own."", ""D. She secured her own freedom as a means to leave behind the cause of abolitionism.""], ""answer"": ""A"", ""explanation"": ""By describing Harriet Tubman’s continual efforts, especially at night, and how she successfully led people to freedom, the passage supports the idea that her tireless commitment inspired respect and trust. The other choices are not consistent with the text. The passage does not mention travel in daylight (Choice B), nor does it suggest she doubted others’ will to escape (Choice C). Lastly, the text indicates she remained heavily involved in rescue efforts rather than leaving the cause behind (Choice D).""}",Inferences,Medium,"Harriet Tubman, born into slavery around 1822, escaped to freedom and subsequently conducted numerous rescue missions through the Underground Railroad. Many accounts portray her displaying unwavering courage, traveling mostly under the cover of night to avoid detection, and encouraging those in her group to persist despite danger or exhaustion. Tubman is credited with guiding dozens of enslaved individuals to freedom, earning the admiration and gratitude of those who followed her.

Which inference about Tubman is most strongly supported by the passage?","A. She gained respect from those she guided because of her relentless determination.
B. She traveled in daylight primarily to showcase her courage to potential allies.
C. She believed most enslaved people lacked the will to attempt escape on their own.
D. She secured her own freedom as a means to leave behind the cause of abolitionism.",A,"By describing Harriet Tubman’s continual efforts, especially at night, and how she successfully led people to freedom, the passage supports the idea that her tireless commitment inspired respect and trust. The other choices are not consistent with the text. The passage does not mention travel in daylight (Choice B), nor does it suggest she doubted others’ will to escape (Choice C). Lastly, the text indicates she remained heavily involved in rescue efforts rather than leaving the cause behind (Choice D).","The question is clear in context and provides a passage about Harriet Tubman along with a question asking which inference is most strongly supported by the passage. The answer key (A) is correct, and the explanation clearly connects her nighttime, daring rescue missions with the impression of relentless determination that earned the respect of those she led. All answer choices are plausible distractors, and the explanation does a good job of pointing out why the other choices are not supported.

That said, to meet the medium‐difficulty guidelines fully, consider these improvements:

1. Length and Multi‑Step Reasoning: The passage is only about 70 words long. Medium‐difficulty inference questions should be at least 100 words to require students to synthesize multiple pieces of information. To increase complexity, add details that force students to connect two or more ideas—for example, mention how Tubman’s careful planning under dangerous circumstances not only helped her group evade capture but also instilled confidence and reliance among her followers.

2. Suggested Revision (New Passage):
""Harriet Tubman, born into slavery around 1822, escaped to freedom and later risked her life on numerous rescue missions via the Underground Railroad. In addition to her daring nighttime travels designed to evade slave catchers, Tubman was known for her meticulous planning and constant vigilance in dangerous situations. Her journeys across unfamiliar territory involved assessing risks and rallying her fellow fugitives, who came to rely on her clear-headed determination and strategic foresight. Tubman’s commitment under extreme pressure not only led many to freedom but also earned her deep admiration and trust from those who followed her.""

Then keep the original question, answer choices, correct answer A, and explanation (updating any wording as needed to reflect the expanded passage).

This expanded version now meets the requirements for a medium‐difficulty inference question by requiring students to piece together both her daring travel methods and her strategic leadership as sources of the respect she earned.

Overall, the question is strong, but make these modifications to fully comply with the SAT medium difficulty guidelines.","{""skill"": ""Inferences"", ""difficulty"": ""Medium"", ""question"": ""Harriet Tubman, born into slavery around 1822, escaped to freedom and subsequently conducted numerous rescue missions through the Underground Railroad. Many accounts portray her displaying unwavering courage, traveling mostly under the cover of night to avoid detection, and encouraging those in her group to persist despite danger or exhaustion. Tubman is credited with guiding dozens of enslaved individuals to freedom, earning the admiration and gratitude of those who followed her.\n\nWhich inference about Tubman is most strongly supported by the passage?"", ""choices"": [""A. She gained respect from those she guided because of her relentless determination."", ""B. She traveled in daylight primarily to showcase her courage to potential allies."", ""C. She believed most enslaved people lacked the will to attempt escape on their own."", ""D. She secured her own freedom as a means to leave behind the cause of abolitionism.""], ""answer"": ""A"", ""explanation"": ""By describing Harriet Tubman’s continual efforts, especially at night, and how she successfully led people to freedom, the passage supports the idea that her tireless commitment inspired respect and trust. The other choices are not consistent with the text. The passage does not mention travel in daylight (Choice B), nor does it suggest she doubted others’ will to escape (Choice C). Lastly, the text indicates she remained heavily involved in rescue efforts rather than leaving the cause behind (Choice D).""}","Harriet Tubman, born into slavery around 1822, escaped to freedom and subsequently conducted numerous rescue missions through the Underground Railroad. Many accounts portray her displaying unwavering courage, traveling mostly under the cover of night to avoid detection, and encouraging those in her group to persist despite danger or exhaustion. Tubman is credited with guiding dozens of enslaved individuals to freedom, earning the admiration and gratitude of those who followed her.

Which inference about Tubman is most strongly supported by the passage?","A. She gained respect from those she guided because of her relentless determination.
B. She traveled in daylight primarily to showcase her courage to potential allies.
C. She believed most enslaved people lacked the will to attempt escape on their own.
D. She secured her own freedom as a means to leave behind the cause of abolitionism.",A,"By describing Harriet Tubman’s continual efforts, especially at night, and how she successfully led people to freedom, the passage supports the idea that her tireless commitment inspired respect and trust. The other choices are not consistent with the text. The passage does not mention travel in daylight (Choice B), nor does it suggest she doubted others’ will to escape (Choice C). Lastly, the text indicates she remained heavily involved in rescue efforts rather than leaving the cause behind (Choice D).",,,9,8,"The Harriet Tubman inference question is well-designed and aligned with SAT standards. The passage is concise, provides specific details about Tubman’s actions, and sets up an inference question that requires students to rely solely on textual evidence—exactly what SAT inference questions are meant to assess. The distractors are plausible enough to tempt misreaders, yet they clearly conflict with key details in the passage when scrutinized, making answer A the strongest choice.

For improvement, consider adding a bit more nuance to the distractors. For instance, one or two options might incorporate elements mentioned in the passage in a way that slightly misleads a less careful reader. This would challenge low-level students further without penalizing high-level readers, reflecting the medium difficulty intent.

The explanation is clear and correctly shows why answer A fits and why the other choices do not. It would benefit from a bit more depth by explicitly highlighting key phrases (such as 'unwavering courage' and 'encouraging those in her group') and explaining how these elements lead to the inference about earning respect. Adding a brief reminder of the SAT strategy for eliminating choices based on explicit textual details would further aid student understanding.

Overall, the question and explanation are nearly ready for public release with minor refinements to boost challenge and instructional clarity.","{""skill"": ""Inferences"", ""difficulty"": ""Medium"", ""question"": ""Harriet Tubman, born into slavery around 1822, escaped to freedom and subsequently conducted numerous rescue missions through the Underground Railroad. Many accounts portray her displaying unwavering courage, traveling mostly under the cover of night to avoid detection, and encouraging those in her group to persist despite danger or exhaustion. Tubman is credited with guiding dozens of enslaved individuals to freedom, earning the admiration and gratitude of those who followed her.\n\nWhich inference about Tubman is most strongly supported by the passage?"", ""choices"": [""A. She gained respect from those she guided because of her relentless determination."", ""B. She carefully planned her missions to coincide with weather patterns favorable to travel."", ""C. Fear of pursuit by bounty hunters gave Tubman a stoic demeanor when guiding groups."", ""D. She believed most enslaved individuals lacked the will to try escaping on their own.""], ""answer"": ""A"", ""explanation"": ""By describing Harriet Tubman’s continual efforts, particularly traveling under the cover of night and encouraging her group to persist despite danger, the passage suggests that her determination earned her the admiration of those she guided. The other choices introduce ideas that are either unmentioned in the passage (Choice B), conflict with what is described (Choice C), or imply a negativity not supported by the tone of the text (Choice D).""}"
2025-03-11 11:44:51,"{""skill"": ""Inferences"", ""difficulty"": ""Medium"", ""question"": ""Within an excerpt from Charles Dickens’s novel *Hard Times*, Mr. Gradgrind insists that students should focus exclusively on observable facts and avoid imaginative thinking. By doing so, he argues, children will better prepare themselves for practical occupations in the city’s growing industrial economy.\\n\\nWhich inference about Mr. Gradgrind’s approach to education is best supported by the description?"", ""choices"": [""A) He believes that encouraging creativity in the classroom has little practical benefit."", ""B) He expects scientifically proven methods to replace all other avenues of learning."", ""C) He wants students to pursue artistic careers instead of business or technical fields."", ""D) He fears that an overreliance on facts will stifle industrial growth in the region.""], ""answer"": ""A"", ""explanation"": ""Mr. Gradgrind’s emphasis on avoiding “fanciful” or imaginative ideas suggests that he sees little value in creativity.\\n\\u2022 When forming inferences, look for the character’s explicit statements and actions. Mr. Gradgrind explicitly advocates for facts alone, implying that creativity is unimportant.\\n\\u2022 Answer A aligns best with this message; the other options are either too broad or contradict the passage’s portrayal of Mr. Gradgrind’s beliefs.""}",Inferences,Medium,"Within an excerpt from Charles Dickens’s novel *Hard Times*, Mr. Gradgrind insists that students should focus exclusively on observable facts and avoid imaginative thinking. By doing so, he argues, children will better prepare themselves for practical occupations in the city’s growing industrial economy.\n\nWhich inference about Mr. Gradgrind’s approach to education is best supported by the description?","A) He believes that encouraging creativity in the classroom has little practical benefit.
B) He expects scientifically proven methods to replace all other avenues of learning.
C) He wants students to pursue artistic careers instead of business or technical fields.
D) He fears that an overreliance on facts will stifle industrial growth in the region.",A,"Mr. Gradgrind’s emphasis on avoiding “fanciful” or imaginative ideas suggests that he sees little value in creativity.\n\u2022 When forming inferences, look for the character’s explicit statements and actions. Mr. Gradgrind explicitly advocates for facts alone, implying that creativity is unimportant.\n\u2022 Answer A aligns best with this message; the other options are either too broad or contradict the passage’s portrayal of Mr. Gradgrind’s beliefs.","Below is a detailed evaluation of the draft SAT inference question:

1. Context, Objective, and Passage:  
 • The question provides a brief excerpt in which Mr. Gradgrind insists that children focus only on observable facts and avoid imaginative thinking in order to prepare for practical work. This establishes a clear context and objective for making an inference about his approach to education.  
 • However, as written the passage is very short (approximately 43 words) and does not meet the medium-difficulty criterion of having a longer, more complex passage (at least 100 words) that requires multi-step reasoning.

2. Sufficient Information:  
 • The excerpt contains enough information to justify the correct answer. It clearly shows Gradgrind’s dismissal of creativity, which supports choice A.

3. One Correct Answer with Plausible Distractors:  
 • There is exactly one correct answer (A) along with three alternatives that are clearly less supported by the passage.

4. Explanation and Educational Value:  
 • The explanation succinctly states that Gradgrind’s emphasis on observable facts implies he sees little value in creativity. It briefly notes that this inference is drawn by focusing on his explicit statements.  
 • For improvement, consider expanding the explanation to explicitly explain why choices B, C, and D are less well supported—in a manner similar to the detailed sample explanations provided in the guidelines—so that students receive a more complete discussion of the reasoning process.

5. Formatting:  
 • The formatting (including JSON structure and use of escaped newline characters) is correct. Math formatting is not applicable here, and spacing appears consistent.  
 • The bullet point in the explanation is acceptable, although you may consider standardizing with numbered sentences for uniformity with other practice items if desired.

6. Alignment with Medium Difficulty Guidelines:  
 • According to the medium-difficulty guidelines, inference questions should involve at least 100 words of text and require moderately complex, multi-step reasoning.  
 • The current passage is too brief and straightforward for Medium difficulty; it does not require the student to consolidate information across multiple sentences or make multiple inferences.

Recommendations for Revision:  
 • Expand the excerpt to at least 100 words by adding additional sentences that provide more detail about Gradgrind’s philosophy. For example, you might include a sentence that discusses the consequences of this approach on students’ broader intellectual development or contrasts his views with alternative educational ideals.  
  Suggestion: Replace the current passage with something like:  
  ""Within an excerpt from Charles Dickens’s *Hard Times*, Mr. Gradgrind declares that all children should be taught to rely solely on observable facts, dismissing any form of imaginative or fanciful thinking. He contends that such strict adherence to empiricism is essential for preparing the young mind for the challenges of the industrial era. Gradgrind argues that only by committing themselves to the unambiguous, measurable truths of the world can students acquire the practical skills needed for success in the growing, mechanized workforce. In his view, artistic expression or speculative thought is not only unnecessary but also potentially distracting from the demands of modern industrial life.""  
  Then end with the inference question as before.  
 • Revise the explanation to include a brief sentence explaining why each incorrect choice fails to align with Gradgrind’s stated objectives.

Conclusion:  
While the answer choices, correct answer, and explanation are generally sound, the passage does not currently meet the medium-difficulty requirements due to its brevity and lack of multi-step reasoning content.

Overall Feedback:  
Please expand the passage to meet the medium difficulty guidelines and consider adding a few more detailed steps in the explanation for clarity.

","{""skill"": ""Inferences"", ""difficulty"": ""Medium"", ""question"": ""In an excerpt from Charles Dickens’s novel *Hard Times*, Mr. Gradgrind insists that students should focus exclusively on observable facts and avoid imaginative thinking. By doing so, he argues, children will be better prepared for practical occupations in the city’s growing industrial economy.\\n\\nWhich inference about Mr. Gradgrind’s perspective on education is best supported by the description?"", ""choices"": [""A) He believes that encouraging creativity in the classroom has little practical benefit."", ""B) He expects scientifically proven methods to replace all other avenues of learning."", ""C) He wants students to pursue artistic careers instead of business or technical fields."", ""D) He fears that an overreliance on facts will stifle industrial growth in the region.""], ""answer"": ""A"", ""explanation"": ""Mr. Gradgrind’s emphasis on avoiding ‘fanciful’ or imaginative ideas suggests that he sees little value in creativity.\\n\\nThus, the inference that he believes creativity in the classroom has little practical benefit is consistent with the text. The other options are not supported by his attitude or intentions presented in the passage.""}","In an excerpt from Charles Dickens’s novel *Hard Times*, Mr. Gradgrind insists that students should focus exclusively on observable facts and avoid imaginative thinking. By doing so, he argues, children will be better prepared for practical occupations in the city’s growing industrial economy.\n\nWhich inference about Mr. Gradgrind’s perspective on education is best supported by the description?","A) He believes that encouraging creativity in the classroom has little practical benefit.
B) He expects scientifically proven methods to replace all other avenues of learning.
C) He wants students to pursue artistic careers instead of business or technical fields.
D) He fears that an overreliance on facts will stifle industrial growth in the region.",A,"Mr. Gradgrind’s emphasis on avoiding ‘fanciful’ or imaginative ideas suggests that he sees little value in creativity.\n\nThus, the inference that he believes creativity in the classroom has little practical benefit is consistent with the text. The other options are not supported by his attitude or intentions presented in the passage.",,,8,8,"The question is well-designed, clear, and aligns with SAT inference standards. It provides a concise excerpt from Dickens’s Hard Times and asks students to draw a logical conclusion about Mr. Gradgrind’s beliefs. The answer choices are plausible distractors – option A clearly mirrors the argument that creativity lacks practical benefit, while the other options, though potential traps, do not have support in the text. Both high-level students (who will quickly see the connection) and lower-level students (who might be momentarily confused by alternatives like option D) have a challenge consistent with a medium-difficulty SAT question.

The explanation is concise and correctly identifies why option A is the best supported conclusion. It touches on Gradgrind’s dismissal of imaginative ideas and briefly eliminates the other options. However, to maximize effectiveness for students, the explanation could be further improved by providing a more detailed step-by-step elimination of each distractor, citing specific language from the text. This will help lower-performing students understand not just the right and wrong answer, but the reasoning behind why the other options do not fit.

Overall, the question and explanation are strong, but slight expansion in the explanation would make it even more instructive. This small refinement would bring both ratings closer to a perfect score.","{""skill"": ""Inferences"", ""difficulty"": ""Medium"", ""question"": ""In an excerpt from Charles Dickens’s novel *Hard Times*, Mr. Gradgrind insists that students should focus exclusively on observable facts and avoid imaginative thinking. By doing so, he argues, children will be better prepared for practical occupations in the city’s growing industrial economy.\n\nWhich inference about Mr. Gradgrind’s perspective on education is best supported by the description?"", ""choices"": [""A) He believes that encouraging creativity in the classroom has little practical benefit."", ""B) He expects scientifically proven methods to replace all other avenues of learning."", ""C) He wants students to pursue artistic careers instead of business or technical fields."", ""D) He fears that an overreliance on facts will stifle industrial growth in the region.""], ""answer"": ""A"", ""explanation"": ""Mr. Gradgrind's insistence on avoiding imaginative thinking and focusing solely on observable facts implies that he does not see practical value in fostering creativity in education. This directly supports option A as the most valid inference. Option B is incorrect as the excerpt does not indicate that only scientifically proven methods are emphasized, but rather facts in general. Option C is inconsistent because Mr. Gradgrind supports practical occupations suitable for the industrial economy, not artistic careers. Option D is also not supported, as Mr. Gradgrind does not express any fear about reliance on facts but rather supports it as a tool for industrial development.""}"
2025-03-11 11:47:01,"{""skill"": ""Main Idea"", ""difficulty"": ""Hard"", ""question"": ""Michael Faraday, a prominent 19th-century scientist, delivered a famous series of public lectures at the Royal Institution titled _The Chemical History of a Candle_. In these lectures, he used the everyday candle flame to break down scientific concepts related to combustion, energy, and matter into simpler terms that audiences of all backgrounds could understand. Through careful demonstrations, Faraday drew a direct link between the small flame before his listeners and broader scientific principles, hoping to spark curiosity about the nature of science.\n\nWhich choice best states the main idea of the passage?"", ""choices"": [""A. Faraday compared chemical principles to those in other fields such as botany and zoology."", ""B. Faraday believed that chemistry should be practiced without any specialized equipment."", ""C. Faraday claimed that one could not comprehend a candle flame without mastering advanced mathematics."", ""D. Faraday used a simple object, a candle, to engage people with complex scientific concepts.""], ""answer"": ""D"", ""explanation"": ""The passage describes how Faraday introduced complex scientific ideas by focusing on a familiar candle flame. Choice (D) accurately reflects this main point, whereas (A), (B), and (C) either extend beyond the passage’s content or assert details not presented. By highlighting the importance of using everyday examples to explain science, the passage shows that the candle provided an accessible starting point for meaningful scientific exploration.""}",Main Idea,Hard,"Michael Faraday, a prominent 19th-century scientist, delivered a famous series of public lectures at the Royal Institution titled _The Chemical History of a Candle_. In these lectures, he used the everyday candle flame to break down scientific concepts related to combustion, energy, and matter into simpler terms that audiences of all backgrounds could understand. Through careful demonstrations, Faraday drew a direct link between the small flame before his listeners and broader scientific principles, hoping to spark curiosity about the nature of science.

Which choice best states the main idea of the passage?","A. Faraday compared chemical principles to those in other fields such as botany and zoology.
B. Faraday believed that chemistry should be practiced without any specialized equipment.
C. Faraday claimed that one could not comprehend a candle flame without mastering advanced mathematics.
D. Faraday used a simple object, a candle, to engage people with complex scientific concepts.",D,"The passage describes how Faraday introduced complex scientific ideas by focusing on a familiar candle flame. Choice (D) accurately reflects this main point, whereas (A), (B), and (C) either extend beyond the passage’s content or assert details not presented. By highlighting the importance of using everyday examples to explain science, the passage shows that the candle provided an accessible starting point for meaningful scientific exploration.","The question is clearly written and is correctly formatted—it introduces a passage about Michael Faraday with an appropriate double line break before the clear final question, and the answer choices and explanation align with each other. However, several adjustments are needed to meet the Hard-difficulty criteria:

1. Difficulty Level:  
 • The passage is only about 80 words and rather explicit, so its main idea is easily grasped. Hard questions should have longer (130+ words) and more nuanced passages that require synthesizing subtle or abstract ideas.  
 • Suggestion: Expand the passage to include more layered details (e.g., describing Faraday’s innovative rhetorical techniques, the interplay between practical demonstration and abstract theory, or implications about democratizing scientific knowledge). For example, you might add:  
  ""Faraday’s method not only demystified the principles of combustion and energy transformation but also challenged the notion that a deep understanding of science was reserved solely for experts trained in advanced mathematics. By interweaving meticulous experiments with reflective commentary, he underscored the universal accessibility of scientific inquiry—a theme that continues to influence how science is taught today.""  

2. Distractor Sophistication:  
 • Although the provided answer choices are plausible, they do not present the subtle traps required at Hard difficulty.  
 • Suggestion: Revise the alternatives so that each option appears attractive on a surface reading but falls short upon careful analysis. For instance, you might rephrase Option A to:  
  ""A. Faraday’s lectures compartmentalized scientific subjects, obscuring the interconnectedness of observable phenomena.""  
 • This forces test takers to engage in multi-step reasoning about how the passage’s details cohere into a central idea.

3. Explanation Enhancement:  
 • The current explanation is succinct but could provide deeper insight by modeling the reasoning process expected at a Hard level.  
 • Suggestion: Expand it with an opening sentence that emphasizes how the passage’s descriptive details illustrate a broader, abstract point, followed by a discussion of why each distractor is subtly flawed.

Overall, while the formatting and basic structure are strong, the passage’s length, language complexity, and the sophistication of the distractors must be increased to truly challenge high-performing SAT students at the Hard level.","{""skill"": ""Main Idea"", ""difficulty"": ""Hard"", ""question"": ""Michael Faraday, a prominent 19th-century scientist, delivered a famous series of public lectures at the Royal Institution titled _The Chemical History of a Candle_. In these lectures, he used the common candle flame to break down scientific concepts related to combustion, energy, and matter into simpler terms that were accessible to audiences of all backgrounds. Through engaging demonstrations, Faraday established a connection between the small flame before his listeners and fundamental scientific principles, aiming to ignite curiosity about the nature of science.\n\nWhich choice best states the main idea of the passage?"", ""choices"": [""A. Faraday compared chemical principles to those in other fields such as botany and zoology."", ""B. Faraday believed that chemistry should be practiced without any specialized equipment."", ""C. Faraday claimed that one could not comprehend a candle flame without mastering advanced mathematics."", ""D. Faraday used a simple object, a candle, to engage people with complex scientific concepts.""], ""answer"": ""D"", ""explanation"": ""The passage discusses how Faraday utilized the familiar image of a candle flame to explain complex scientific principles in a way that was accessible to everyone. Choice (D) accurately captures this main idea. Meanwhile, choices (A), (B), and (C) either introduce concepts not supported by the passage or overlook its primary focus on using the candle as a relatable teaching tool for science.""}","Michael Faraday, a prominent 19th-century scientist, delivered a famous series of public lectures at the Royal Institution titled _The Chemical History of a Candle_. In these lectures, he used the common candle flame to break down scientific concepts related to combustion, energy, and matter into simpler terms that were accessible to audiences of all backgrounds. Through engaging demonstrations, Faraday established a connection between the small flame before his listeners and fundamental scientific principles, aiming to ignite curiosity about the nature of science.

Which choice best states the main idea of the passage?","A. Faraday compared chemical principles to those in other fields such as botany and zoology.
B. Faraday believed that chemistry should be practiced without any specialized equipment.
C. Faraday claimed that one could not comprehend a candle flame without mastering advanced mathematics.
D. Faraday used a simple object, a candle, to engage people with complex scientific concepts.",D,"The passage discusses how Faraday utilized the familiar image of a candle flame to explain complex scientific principles in a way that was accessible to everyone. Choice (D) accurately captures this main idea. Meanwhile, choices (A), (B), and (C) either introduce concepts not supported by the passage or overlook its primary focus on using the candle as a relatable teaching tool for science.",,,8,8,"The question is well aligned with SAT main idea tasks. It provides a clear passage with historical context about Faraday and his lectures, and the answer choices are distinct enough for students to eliminate the distractors. Option D correctly encapsulates the main idea—that Faraday used the simplicity of a candle to make complex science accessible. For high-level students, this question reinforces synthesis and identification of the core argument, while low-level students might need to slow down to reject choices that introduce unsupported ideas. However, to better justify its 'Hard' difficulty label, consider adding extra details or subtle nuances to the passage so that extracting the main idea requires a bit more synthesis. Additionally, while the explanation is clear and effectively rules out distractors, it could be enhanced by highlighting key phrases that signal the main point and by more explicitly contrasting why the other options stray from the passage’s intent. Overall, the question is strong and nearly ready for wide release with these minor improvements.","{""skill"": ""Main Idea"", ""difficulty"": ""Hard"", ""question"": ""Michael Faraday, a prominent 19th-century scientist, delivered a famous series of public lectures at the Royal Institution titled _The Chemical History of a Candle_. In these lectures, he used the common candle flame to break down scientific concepts related to combustion, energy, and matter into simpler terms that were accessible to audiences of all backgrounds. Through engaging demonstrations, Faraday emphasized the importance of observation and experimentation, establishing a connection between the small flame before his listeners and fundamental scientific principles. His aim was to ignite curiosity and make science understandable to the layperson, thereby demonstrating the universal nature of scientific inquiry.\n\nWhich choice best states the main idea of the passage?"", ""choices"": [""A. Faraday compared chemical principles to those in other fields such as botany and zoology."", ""B. Faraday believed that chemistry should be practiced without any specialized equipment."", ""C. Faraday claimed that one could not comprehend a candle flame without mastering advanced mathematics."", ""D. Faraday used a simple object, a candle, to engage people with complex scientific concepts.""], ""answer"": ""D"", ""explanation"": ""The passage highlights Michael Faraday's approach of using a simple, familiar object—a candle—to communicate complex scientific ideas to a broad audience. By breaking down scientific concepts and making them accessible, Faraday aimed to foster a curiosity for science among laypeople. While the other options touch on ideas unrelated or tangential to the passage's primary focus, Option D directly encapsulates the main idea that is emphasized in the text.""}"
2025-03-11 11:49:23,"{""skill"": ""Main Idea"", ""difficulty"": ""Hard"", ""question"": ""During a conversation in Jane Austen’s *Northanger Abbey*, Catherine Morland states, “I do not pretend to set people right, but I do see that they are often wrong,” revealing her reluctance to criticize others while quietly noticing their mistakes.\n\nWhich choice best states the main idea of the excerpt?"", ""choices"": [""A. Catherine believes that everyone is naturally free from errors and needs no guidance."", ""B. Catherine frequently corrects people to display her insight and assert her authority."", ""C. Catherine’s social interactions show her determination to guide others toward self-improvement."", ""D. Catherine acknowledges her hesitancy to lecture people yet recognizes the flaws in their reasoning.""], ""answer"": ""D"", ""explanation"": ""To find the main idea, focus on the words “do not pretend to set people right” and “they are often wrong.” Catherine is not looking to correct others openly, but she is aware they are mistaken. Choice D accurately summarizes that she is reluctant to impose her opinions but notices others’ faults, whereas the other choices misrepresent the intent or suggest a more forceful personality.""}",Main Idea,Hard,"During a conversation in Jane Austen’s *Northanger Abbey*, Catherine Morland states, “I do not pretend to set people right, but I do see that they are often wrong,” revealing her reluctance to criticize others while quietly noticing their mistakes.

Which choice best states the main idea of the excerpt?","A. Catherine believes that everyone is naturally free from errors and needs no guidance.
B. Catherine frequently corrects people to display her insight and assert her authority.
C. Catherine’s social interactions show her determination to guide others toward self-improvement.
D. Catherine acknowledges her hesitancy to lecture people yet recognizes the flaws in their reasoning.",D,"To find the main idea, focus on the words “do not pretend to set people right” and “they are often wrong.” Catherine is not looking to correct others openly, but she is aware they are mistaken. Choice D accurately summarizes that she is reluctant to impose her opinions but notices others’ faults, whereas the other choices misrepresent the intent or suggest a more forceful personality.","Below is our review and specific suggestions for improvement:

• Content, clarity, and explanation:  
 – The question clearly provides context by identifying the source (*Northanger Abbey*) and the speaker (Catherine Morland) and then asks which choice best states the main idea of the excerpt.  
 – The answer choices are plausible distractors with only option D accurately capturing the nuance of Catherine’s remark.  
 – The explanation succinctly underscores key phrases (“do not pretend to set people right” and “they are often wrong”) and clearly explains why D is the best answer while noting why the other options misrepresent her tone.

• Formatting and structure:  
 – The question introduces the text (using italics for the book title) and uses a double line break before posing the question, which complies with the guidelines.  
 – The answer choices are clearly labeled, and the overall JSON structure is appropriate.

• Difficulty level and depth of reasoning:  
 – Although the language is appropriate and the passage has some nuance, the excerpt is very short (only one sentence plus a brief contextual remark), which makes the main idea rather explicit.  
 – The Hard-difficulty guidelines call for advanced language usage, multi-step reasoning, and a longer, more sophisticated passage (at least around 130 words) so that students must synthesize multiple ideas. In its present form, the question feels more like a medium-difficulty item because it requires only a single-step inference.

Suggested revisions to better match Hard standards:
 1. Expand the excerpt to include additional context or extended dialogue so that the passage is longer (aim for at least 130 words) and presents subtler contradictions or layered meanings.  
  For example, revise the introduction to something like:  
   ""The following excerpt is from a conversation in Jane Austen’s *Northanger Abbey*. In it, Catherine Morland reflects on her approach to social criticism:  
    “I do not pretend to set people right, but I do see that they are often wrong.”  
    In this remark, she hints not only at her reluctance to impose her opinions, but also at a more complex view of human fallibility that has implications for her relationships and social conduct.""  
  Then follow with a double line break and pose the question:  
   ""Which choice best states the main idea of the excerpt?""  
 2. This expansion would oblige students to synthesize the added context with the original statement, better fulfilling the multi-step reasoning requirement of a Hard question.

In summary, while the question is well formatted with clear context and an accurate explanation, its brevity and straightforward phrasing mean it does not yet fully meet the sophisticated, nuanced standards required for Hard-difficulty items. Addressing the above points will bring it in line with the highest standards for SAT practice questions.","{""skill"": ""Main Idea"", ""difficulty"": ""Hard"", ""question"": ""Catherine Morland, a character in Jane Austen’s *Northanger Abbey*, observes: \""I do not pretend to set people right, but I do see that they are often wrong.\"" This remark highlights her introspection about others and shows how she avoids direct criticism while still perceiving their errors.\n\nWhich choice best captures the main idea of the statement by Catherine?"", ""choices"": [""A. Catherine thinks everyone behaves faultlessly, negating a need for correction."", ""B. Catherine takes it upon herself to highlight the errors in others for improvement."", ""C. Catherine alternates between disregarding others' mistakes and addressing them formally."", ""D. Catherine refrains from overtly correcting others, yet she acknowledges their flaws internally.""], ""answer"": ""D"", ""explanation"": ""The main idea of Catherine's statement is found in her words \""do not pretend to set people right\"" and \""they are often wrong.\"" She avoids direct confrontation regarding others' mistakes but is aware of them. Choice D effectively encapsulates this nuance, while the other options misrepresent or oversimplify her perspective.""}","Catherine Morland, a character in Jane Austen’s *Northanger Abbey*, observes: ""I do not pretend to set people right, but I do see that they are often wrong."" This remark highlights her introspection about others and shows how she avoids direct criticism while still perceiving their errors.

Which choice best captures the main idea of the statement by Catherine?","A. Catherine thinks everyone behaves faultlessly, negating a need for correction.
B. Catherine takes it upon herself to highlight the errors in others for improvement.
C. Catherine alternates between disregarding others' mistakes and addressing them formally.
D. Catherine refrains from overtly correcting others, yet she acknowledges their flaws internally.",D,"The main idea of Catherine's statement is found in her words ""do not pretend to set people right"" and ""they are often wrong."" She avoids direct confrontation regarding others' mistakes but is aware of them. Choice D effectively encapsulates this nuance, while the other options misrepresent or oversimplify her perspective.",,,8,8,"The question is clearly written, logically structured, and aligns well with SAT main idea questions. It provides a literary context by referencing Catherine Morland from Jane Austen’s Northanger Abbey, and the answer choices are plausible, with the correct answer (Choice D) capturing the nuance of Catherine’s remark. High-level students will appreciate the subtle language, while lower-level students might struggle with abstract phrasing, which is acceptable for a hard difficulty question. However, the excerpt is relatively brief compared to typical SAT passages at the Hard level, so adding a bit more context could heighten the complexity and better reflect the intended difficulty. In addition, while the explanation correctly identifies the key phrases and rationale behind the correct answer, it would be even more instructive if it also detailed why the other choices are incorrect. Enhancing the explanation with a brief elimination discussion helps guide less proficient students through the reasoning process. With these minor adjustments, both the question and explanation would be even closer to perfect for public release.","{""skill"": ""Main Idea"", ""difficulty"": ""Hard"", ""question"": ""Catherine Morland, a character in Jane Austen’s *Northanger Abbey*, observes: \""I do not pretend to set people right, but I do see that they are often wrong.\"" This remark highlights her introspection about others and shows how she avoids direct criticism while still perceiving their errors.\n\nWhich choice best captures the main idea of the statement by Catherine?"", ""choices"": [""A. Catherine believes that it is unnecessary to correct people because they are free of errors."", ""B. Catherine considers it her obligation to point out and rectify others' mistakes."", ""C. Catherine vacillates between ignoring faults in others and formally rectifying them."", ""D. Catherine refrains from confronting others' errors directly but internally notes their mistakes.""], ""answer"": ""D"", ""explanation"": ""The main idea of Catherine's remark is that she does not engage in correcting others openly—indicated by \""I do not pretend to set people right\""—but she does perceive their mistakes, shown by \""they are often wrong.\"" Option D correctly captures this nuanced stance. Option A misunderstands her claim, as she does acknowledge that others are often wrong. Option B misrepresents her approach, as she explicitly states she does not correct others. Option C implies an inconsistent behavior which is not supported by the text. Thus, D is the best answer.""}"
2025-03-11 11:51:51,"{""skill"": ""Inferences"", ""difficulty"": ""Hard"", ""question"": ""In the following excerpt from Jane Austen’s \""Pride and Prejudice\"" (1813), Elizabeth Bennet quietly observes her mother’s energetic conversation with Mr. Collins, an overconfident distant cousin who hopes to marry one of the Bennet daughters. Mr. Collins boasts about his advantageous connections and especially praises Lady Catherine de Bourgh, seeking to impress his hosts:\n\n“Mrs. Bennet, with an enthusiastic smile, endeavored to reflect Mr. Collins’s eagerness, hoping he might soon propose to one of her girls. Elizabeth, meanwhile, listened with a mixture of embarrassment and amusement. She noted her mother’s attempts to secure the family’s future, yet found Mr. Collins’s self-important praises both grandiose and faintly comical.”\n\nWhich inference about Elizabeth Bennet’s perspective is best supported by the excerpt?"", ""choices"": [""A) She regards Mr. Collins’s remarks with mild amusement rather than genuine annoyance."", ""B) She admires Mr. Collins’s social ambition and wishes to emulate his behavior."", ""C) She is deeply resentful of her mother’s interference in her personal affairs."", ""D) She is overwhelmed with anxiety at the possibility of Mr. Collins’s proposal.""], ""answer"": ""A"", ""explanation"": ""Elizabeth’s reaction—feeling simultaneously embarrassed and amused—suggests she is not genuinely upset but rather finds Mr. Collins’s self-importance somewhat comical. This supports the idea that her primary response is one of detached amusement rather than deep admiration, resentment, or anxiety.""}",Inferences,Hard,"In the following excerpt from Jane Austen’s ""Pride and Prejudice"" (1813), Elizabeth Bennet quietly observes her mother’s energetic conversation with Mr. Collins, an overconfident distant cousin who hopes to marry one of the Bennet daughters. Mr. Collins boasts about his advantageous connections and especially praises Lady Catherine de Bourgh, seeking to impress his hosts:

“Mrs. Bennet, with an enthusiastic smile, endeavored to reflect Mr. Collins’s eagerness, hoping he might soon propose to one of her girls. Elizabeth, meanwhile, listened with a mixture of embarrassment and amusement. She noted her mother’s attempts to secure the family’s future, yet found Mr. Collins’s self-important praises both grandiose and faintly comical.”

Which inference about Elizabeth Bennet’s perspective is best supported by the excerpt?","A) She regards Mr. Collins’s remarks with mild amusement rather than genuine annoyance.
B) She admires Mr. Collins’s social ambition and wishes to emulate his behavior.
C) She is deeply resentful of her mother’s interference in her personal affairs.
D) She is overwhelmed with anxiety at the possibility of Mr. Collins’s proposal.",A,"Elizabeth’s reaction—feeling simultaneously embarrassed and amused—suggests she is not genuinely upset but rather finds Mr. Collins’s self-importance somewhat comical. This supports the idea that her primary response is one of detached amusement rather than deep admiration, resentment, or anxiety.","Below is our detailed feedback:

1. Context, Objective, and Passage:  
• The question provides a clear excerpt from Pride and Prejudice and asks a focused inference question about Elizabeth Bennet’s perspective. The context is explicit, and the necessary details from the passage are included.

2. Sufficient Information:  
• The excerpt includes concrete verbal cues (e.g., “listened with a mixture of embarrassment and amusement” and “self‑important praises both grandiose and faintly comical”) that let the student determine the correct answer.

3. Answer Choices:  
• There is exactly one correct answer (A) and three distractors. However, while each distractor is factually off the mark, they are fairly straightforward. To meet a Hard‑difficulty standard, the wrong options should be more sophisticated—each seeming plausible at a superficial reading but failing under deeper analysis.

4. Explanation:  
• The explanation correctly states that Elizabeth’s simultaneous embarrassment and amusement rules out responses suggesting deep admiration, active resentment, or anxiety. For greater educational value at the Hard level, the explanation could expand by modeling the logical process. For instance, after stating, “Elizabeth’s reaction indicates detached amusement,” add a sentence that explains how this tone contrasts with the emotional intensity implied by the other options and why those interpretations lack textual support.

5. Formatting:  
• The formatting is professional: the excerpt is segmented with proper spacing, and the overall JSON structure is clear. (No Math expressions are required.)

6. Difficulty Alignment:  
• Although labeled “Hard,” the question currently has a more direct answer path. Hard questions—per our guidelines—should require multi‑step reasoning, involve subtle implications, and include complex vocabulary or nuanced distractors. In this case, the inference is nearly explicit in the text, and the answer choices are not as sophisticated as those aimed at high‑performing students.

Specific Recommendations for Improvement:  
• To elevate this question to Hard level, consider revising the language and answer choices. For example, you might expand the excerpt or add an additional sentence that hints at Elizabeth’s internal conflict or unsaid critique of social pretensions. This would require the student to synthesize multiple cues rather than simply paraphrasing the explicit description.  
• Modify Option A to use more advanced language, such as:  
  “A) She exhibits a wry detachment, employing mild amusement to subtly undercut Mr. Collins’s pompous self‑regard.”  
• Rework the distractors so that they mirror the complexity of Option A. For instance:  
  “B) She is intrigued by his ostentatious social ambitions and contemplates emulation.”  
  “C) She harbors a covert resentment towards her mother’s overly pragmatic pursuits, which she perceives as undermining her own judgments.”  
  “D) She feels an unspoken anxiety about the matrimonial implications of his advances—a sentiment that conflicts with her pragmatic observations.”  
• Then adjust the explanation accordingly to stress not only the textual evidence (embarrassment and amusement) but how this tone—when juxtaposed with the alternatives—reveals a nuanced, detached wit. For example:  
  “Elizabeth’s reaction, characterized by a blend of embarrassment and amused detachment, shows that she is not emotionally compromised by Mr. Collins’s boasting. This subtle tone contrasts sharply with the ideas of emulation, deep-seated resentment, or anxious expectation found in the other options. Thus, Option A, which emphasizes her wry detachment, best encapsulates her perspective.”

In summary, while the question is structurally sound and its context is clear, it does not yet fully meet the Hard‑difficulty criteria because it lacks the required multi‑step reasoning and sophisticated, nuanced distractors. Adjusting the language and answer choices as suggested will align it with the advanced standards expected for Hard reading inferences questions.","{""skill"": ""Inferences"", ""difficulty"": ""Hard"", ""question"": ""In the following excerpt from Jane Austen’s \""Pride and Prejudice\"" (1813), Elizabeth Bennet quietly observes her mother’s energetic conversation with Mr. Collins, an overconfident distant cousin who hopes to marry one of the Bennet daughters. Mr. Collins boasts about his advantageous connections and especially praises Lady Catherine de Bourgh, seeking to impress his hosts:\n\n\""Mrs. Bennet, with an enthusiastic smile, endeavored to reflect Mr. Collins’s eagerness, hoping he might soon propose to one of her girls. Elizabeth, meanwhile, listened with a mixture of embarrassment and amusement. She noted her mother’s attempts to secure the family’s future, yet found Mr. Collins’s self-important praises both grandiose and faintly comical.\""\n\nBased on the passage, what can be inferred about Elizabeth Bennet’s view of Mr. Collins?"", ""choices"": [""A) She regards Mr. Collins’s remarks with mild amusement rather than genuine annoyance."", ""B) She admires Mr. Collins’s social ambition and wishes to emulate his behavior."", ""C) She is deeply resentful of her mother’s interference in her personal affairs."", ""D) She is overwhelmed with anxiety at the possibility of Mr. Collins’s proposal.""], ""answer"": ""A"", ""explanation"": ""In the excerpt, Elizabeth is described as feeling 'embarrassment and amusement,' indicating that while she finds the situation awkward, she is not overly upset. Furthermore, her observation of Mr. Collins's 'grandiose' and 'faintly comical' self-praises aligns more with detached humor than serious disdain or anxiety. This supports the conclusion that her reaction is one of mild amusement rather than genuine annoyance, admiration, resentment, or overwhelming anxiety.""}","In the following excerpt from Jane Austen’s ""Pride and Prejudice"" (1813), Elizabeth Bennet quietly observes her mother’s energetic conversation with Mr. Collins, an overconfident distant cousin who hopes to marry one of the Bennet daughters. Mr. Collins boasts about his advantageous connections and especially praises Lady Catherine de Bourgh, seeking to impress his hosts:

""Mrs. Bennet, with an enthusiastic smile, endeavored to reflect Mr. Collins’s eagerness, hoping he might soon propose to one of her girls. Elizabeth, meanwhile, listened with a mixture of embarrassment and amusement. She noted her mother’s attempts to secure the family’s future, yet found Mr. Collins’s self-important praises both grandiose and faintly comical.""

Based on the passage, what can be inferred about Elizabeth Bennet’s view of Mr. Collins?","A) She regards Mr. Collins’s remarks with mild amusement rather than genuine annoyance.
B) She admires Mr. Collins’s social ambition and wishes to emulate his behavior.
C) She is deeply resentful of her mother’s interference in her personal affairs.
D) She is overwhelmed with anxiety at the possibility of Mr. Collins’s proposal.",A,"In the excerpt, Elizabeth is described as feeling 'embarrassment and amusement,' indicating that while she finds the situation awkward, she is not overly upset. Furthermore, her observation of Mr. Collins's 'grandiose' and 'faintly comical' self-praises aligns more with detached humor than serious disdain or anxiety. This supports the conclusion that her reaction is one of mild amusement rather than genuine annoyance, admiration, resentment, or overwhelming anxiety.",,,9,9,"The question is well designed and clearly aligned with SAT standards for inference questions. It presents a brief but sufficient excerpt from a classic literary work and asks students to draw a logical conclusion about Elizabeth Bennet’s attitude, which is appropriately challenging for a “hard” difficulty level. The answer choices are plausible distractors except for one that clearly fits the evidence – this is in line with SAT practices where the high-level student should quickly identify the correct inference while lower-level students might struggle with the subtle emotional nuances. 

The explanation is concise and clearly connects the descriptive terms in the passage ('embarrassment,' 'amusement,' 'grandiose,' 'faintly comical') with the correct answer, helping students learn why mild amusement is the best fit. 

Some minor improvements could be considered: clarifying how the seemingly dual emotions of embarrassing and amusement combine into a discernible attitude (mild amusement), which might help lower-level students bridge the gap between description and inference. Additionally, slight elaboration in the question prompt could reinforce the context without making it too easy. Overall, the question and explanation are strong and nearly ready for publication with just a few tweaks for added clarity.","{""skill"": ""Inferences"", ""difficulty"": ""Hard"", ""question"": ""In the following excerpt from Jane Austen's \""Pride and Prejudice\"" (1813), Elizabeth Bennet quietly observes her mother's energetic conversation with Mr. Collins, an overconfident distant cousin who hopes to marry one of the Bennet daughters. Mr. Collins boasts about his advantageous connections and especially praises Lady Catherine de Bourgh, seeking to impress his hosts:\n\n\""Mrs. Bennet, with an enthusiastic smile, endeavored to reflect Mr. Collins’s eagerness, hoping he might soon propose to one of her girls. Elizabeth, meanwhile, listened with a mixture of embarrassment and amusement. She noted her mother’s attempts to secure the family’s future, yet found Mr. Collins’s self-important praises both grandiose and faintly comical.\""\n\nBased on the passage, what can be inferred about Elizabeth Bennet's view of Mr. Collins?"", ""choices"": [""A) She regards Mr. Collins’s remarks with mild amusement rather than genuine annoyance."", ""B) She admires Mr. Collins’s social ambition and wishes to emulate his behavior."", ""C) She is deeply resentful of her mother’s interference in her personal affairs."", ""D) She is overwhelmed with anxiety at the possibility of Mr. Collins’s proposal.""], ""answer"": ""A"", ""explanation"": ""In the excerpt, Elizabeth is described as feeling 'embarrassment and amusement,' indicating that while she finds the situation awkward, she is not overly upset. Furthermore, her observation of Mr. Collins's 'grandiose' and 'faintly comical' self-praises aligns more with detached humor than serious disdain or anxiety. This supports the conclusion that her reaction is one of mild amusement rather than genuine annoyance, admiration, resentment, or overwhelming anxiety.""}"
