timestamp,raw_json,skill,difficulty,question,choices,answer,explanation,Initial Feedback,P2-Revised JSON,Revised Question,Revised Choices,Revised Answer,Revised Explanation,Low Level Student Simulation,High Level Student Simulation,Question Rating,Explanation Rating,Constructive Feedback,Difficulty Rating,Total Score,Final JSON SAT Question
2025-03-14 01:52:39,"{""skill"": ""Pronouns and Modifiers"", ""difficulty"": ""Easy"", ""question"": ""Many proponents of decentralized finance (DeFi) highlight how it removes costly intermediaries from financial transactions, yet the following sentence may confuse readers:\n\n\""Decentralized finance (DeFi) platforms use smart contracts, which can automatically enforce transaction rules, they simultaneously help users avoid certain traditional banking fees.\""\n\nWhich choice best revises the sentence so that any pronouns and modifiers clearly refer to the intended nouns?"", ""choices"": [""A. Decentralized finance (DeFi) platforms, by using smart contracts, which can automatically enforce transaction rules, help users avoid certain traditional banking fees, they say."", ""B. Decentralized finance (DeFi) platforms, by using smart contracts that automatically enforce transaction rules, helping users avoid certain traditional banking fees, display many benefits."", ""C. Decentralized finance (DeFi) platforms use smart contracts, which can automatically enforce transaction rules and might help users, those fees get significantly reduced."", ""D. Decentralized finance (DeFi) platforms use smart contracts that can automatically enforce transaction rules and simultaneously help users avoid certain traditional banking fees.""], ""answer"": ""D"", ""explanation"": ""Answer choice D clearly connects the modifier \""that can automatically enforce transaction rules\"" to \""smart contracts,\"" thereby clarifying who or what performs each action. The sentence avoids vague pronouns and places the descriptions in a way that shows how using smart contracts helps DeFi users avoid traditional financial fees. By contrast, the other options create confusion or awkward breaks in the sentence, resulting in uncertain references and modifiers that do not clearly point to \""smart contracts\"" or \""platforms.\"""", ""topic"": ""The development and rise of decentralized finance (DeFi)""}",Pronouns and Modifiers,Easy,"Many proponents of decentralized finance (DeFi) highlight how it removes costly intermediaries from financial transactions, yet the following sentence may confuse readers:

""Decentralized finance (DeFi) platforms use smart contracts, which can automatically enforce transaction rules, they simultaneously help users avoid certain traditional banking fees.""

Which choice best revises the sentence so that any pronouns and modifiers clearly refer to the intended nouns?","A. Decentralized finance (DeFi) platforms, by using smart contracts, which can automatically enforce transaction rules, help users avoid certain traditional banking fees, they say.
B. Decentralized finance (DeFi) platforms, by using smart contracts that automatically enforce transaction rules, helping users avoid certain traditional banking fees, display many benefits.
C. Decentralized finance (DeFi) platforms use smart contracts, which can automatically enforce transaction rules and might help users, those fees get significantly reduced.
D. Decentralized finance (DeFi) platforms use smart contracts that can automatically enforce transaction rules and simultaneously help users avoid certain traditional banking fees.",D,"Answer choice D clearly connects the modifier ""that can automatically enforce transaction rules"" to ""smart contracts,"" thereby clarifying who or what performs each action. The sentence avoids vague pronouns and places the descriptions in a way that shows how using smart contracts helps DeFi users avoid traditional financial fees. By contrast, the other options create confusion or awkward breaks in the sentence, resulting in uncertain references and modifiers that do not clearly point to ""smart contracts"" or ""platforms.""","Below is a detailed review with specific suggestions for improvement:

• Content & Objective: The question clearly explains that the original sentence is confusing and asks which revision best fixes the modifier/pronoun error. The answer choices (with D designated as correct) are clear and include three plausible distractors. However, while the subject matter (decentralized finance) is current, ensure that all students understand the context or consider simplifying the topic if needed for an “Easy” difficulty question.

• Formatting & Structure: According to the guidelines, every SAT question in this category must begin with a sentence that includes a blank formatted as exactly “ ________ ” (8 spaces) to indicate where the answer choice would be inserted. Currently, the question provides a full sentence with no such blank and then asks, “Which choice best revises the sentence…?” To comply with SAT practice standards, revise the stem so that the sentence contains a blank. For example, you might rewrite the sentence as follows:

  “Decentralized finance (DeFi) platforms use smart contracts ________ help users avoid certain traditional banking fees.”

Then follow with:
  “Which choice completes the text so that it conforms to the conventions of Standard English?”

This change makes it immediately clear where the revision is meant to occur, keeping the format consistent with other SAT questions on Pronouns and Modifiers.

• Explanation: The explanation correctly identifies that answer D appropriately attaches the modifier “that can automatically enforce transaction rules” to “smart contracts” and clarifies the intended meaning. It would be even more helpful if the explanation briefly mentioned why the other options fail (for example, creating awkward phrasing or misplacing modifiers).

• Recommendations: 
 1. Insert an 8‑space blank (i.e. “ ________ ”) in the main sentence where the answer choice would be placed.
 2. Adjust the follow‐up question to begin with “Which choice completes the text so that it conforms to the conventions of Standard English?” (rather than “best revises…”) so that it mirrors the standard SAT format.
 3. (Optional) Expand the explanation slightly to note why the other choices produce errors in pronoun or modifier placement.

Once these formatting adjustments are made, the question will fully adhere to the SAT guidelines for Pronouns and Modifiers practice questions at the Easy difficulty level.

","{""skill"": ""Pronouns and Modifiers"", ""difficulty"": ""Easy"", ""question"": ""Decentralized finance (DeFi) platforms use smart contracts ________ help users avoid certain traditional banking fees.\n\nWhich choice completes the text so that it conforms to the conventions of Standard English?"", ""choices"": [""A. by using smart contracts, which can automatically enforce transaction rules, helping users avoid certain traditional banking fees."", ""B. by using smart contracts that automatically enforce transaction rules, helping users avoid certain traditional banking fees."", ""C. which can automatically enforce transaction rules and might help users, those fees get significantly reduced."", ""D. that can automatically enforce transaction rules and simultaneously help users avoid certain traditional banking fees.""], ""answer"": ""D"", ""explanation"": ""Answer choice D correctly attaches the modifier 'that can automatically enforce transaction rules' to 'smart contracts,' ensuring clarity and precision. This formulation avoids ambiguous pronouns and unclear modifier placements, making the sentence grammatically correct and comprehensible. The other choices fail to maintain clarity: A introduces a dangling phrase ('helping users'), B creates an awkward structure with 'display many benefits,' and C uses 'those fees' ambiguously, confusing the reader."", ""topic"": ""The development and rise of decentralized finance (DeFi)"", ""total_score"": 19, ""constructive_feedback"": ""The question is mostly clear, uses an appropriate blank format, and aligns with the SAT style by testing the correct attachment of modifiers to the subject. However, some of the answer choices (especially A and B) are redundant or awkward, and the explanation is problematic. It incorrectly references a phrase (‘display many benefits’) that isn’t present in option B and lacks detailed reasoning for why the other choices are incorrect. To improve this item, revise the answer choices so that their errors are more clearly related to modifier placement, and overhaul the explanation to accurately reflect the errors in each option and why option D is superior."", ""difficulty_feedback"": ""While the sentence deals with a technical subject (DeFi), the grammatical challenge is basic relative-clause attachment, which is appropriate for an Easy level question. However, the technical jargon may distract some students. Using a more common context or simplifying the vocabulary might better align it with an Easy difficulty rating.""}","Decentralized finance (DeFi) platforms use smart contracts ________ help users avoid certain traditional banking fees.

Which choice completes the text so that it conforms to the conventions of Standard English?","A. by using smart contracts, which can automatically enforce transaction rules, helping users avoid certain traditional banking fees.
B. by using smart contracts that automatically enforce transaction rules, helping users avoid certain traditional banking fees.
C. which can automatically enforce transaction rules and might help users, those fees get significantly reduced.
D. that can automatically enforce transaction rules and simultaneously help users avoid certain traditional banking fees.",D,"Answer choice D correctly attaches the modifier 'that can automatically enforce transaction rules' to 'smart contracts,' ensuring clarity and precision. This formulation avoids ambiguous pronouns and unclear modifier placements, making the sentence grammatically correct and comprehensible. The other choices fail to maintain clarity: A introduces a dangling phrase ('helping users'), B creates an awkward structure with 'display many benefits,' and C uses 'those fees' ambiguously, confusing the reader.",,,7,4,"The question is mostly clear, uses an appropriate blank format, and aligns with the SAT style by testing the correct attachment of modifiers to the subject. However, some of the answer choices (especially A and B) are redundant or awkward, and the explanation is problematic. It incorrectly references a phrase (‘display many benefits’) that isn’t present in option B and lacks detailed reasoning for why the other choices are incorrect. To improve this item, revise the answer choices so that their errors are more clearly related to modifier placement, and overhaul the explanation to accurately reflect the errors in each option and why option D is superior.",8,19,"{""skill"": ""Pronouns and Modifiers"", ""difficulty"": ""Easy"", ""question"": ""Decentralized finance (DeFi) platforms use smart contracts ________ help users avoid certain traditional banking fees.\n\nWhich choice completes the text so that it conforms to the conventions of Standard English?"", ""choices"": [""A. by using smart contracts, which can automatically enforce transaction rules, helping users avoid certain traditional banking fees."", ""B. by using smart contracts that automatically enforce transaction rules, helping users avoid certain traditional banking fees."", ""C. which can automatically enforce transaction rules and might help users, those fees get significantly reduced."", ""D. that can automatically enforce transaction rules and simultaneously help users avoid certain traditional banking fees.""], ""answer"": ""D"", ""explanation"": ""Answer choice D correctly attaches the modifier 'that can automatically enforce transaction rules' to 'smart contracts,' ensuring clarity and precision. This formulation avoids ambiguous pronouns and unclear modifier placements, making the sentence grammatically correct and comprehensible. The other choices fail to maintain clarity: A introduces a dangling phrase ('helping users'), B creates an awkward structure with 'display many benefits,' and C uses 'those fees' ambiguously, confusing the reader."", ""topic"": ""The development and rise of decentralized finance (DeFi)"", ""total_score"": 19, ""constructive_feedback"": ""The question is mostly clear, uses an appropriate blank format, and aligns with the SAT style by testing the correct attachment of modifiers to the subject. However, some of the answer choices (especially A and B) are redundant or awkward, and the explanation is problematic. It incorrectly references a phrase (‘display many benefits’) that isn’t present in option B and lacks detailed reasoning for why the other choices are incorrect. To improve this item, revise the answer choices so that their errors are more clearly related to modifier placement, and overhaul the explanation to accurately reflect the errors in each option and why option D is superior."", ""difficulty_feedback"": ""While the sentence deals with a technical subject (DeFi), the grammatical challenge is basic relative-clause attachment, which is appropriate for an Easy level question. However, the technical jargon may distract some students. Using a more common context or simplifying the vocabulary might better align it with an Easy difficulty rating.""}"
2025-03-14 01:54:42,"{""skill"": ""Pronouns and Modifiers"", ""difficulty"": ""Medium"", ""question"": ""Many philosophers who study the ethics of war and the just war theory assert that they is the set of guidelines providing moral constraints on how conflicts should be waged.\n\nWhich choice best corrects the pronoun error in the sentence above?"", ""choices"": [""A. replace \""they\"" with \""both\"""", ""B. replace \""they\"" with \""some aspect of these concepts\"""", ""C. replace \""they\"" with \""philosophers\"""", ""D. replace \""they\"" with \""the just war theory\""""], ""answer"": ""D"", ""explanation"": ""In the sentence, the pronoun \""they\"" incorrectly points to \""many philosophers,\"" even though the intended reference is the just war theory. Changing \""they\"" to \""the just war theory\"" clarifies that the guidelines in question come from a specific concept rather than the group of philosophers. This choice establishes a clear pronoun-noun match by properly identifying the entity responsible for providing moral constraints on warfare."", ""topic"": ""The ethics of war and the just war theory""}",Pronouns and Modifiers,Medium,"Many philosophers who study the ethics of war and the just war theory assert that they is the set of guidelines providing moral constraints on how conflicts should be waged.

Which choice best corrects the pronoun error in the sentence above?","A. replace ""they"" with ""both""
B. replace ""they"" with ""some aspect of these concepts""
C. replace ""they"" with ""philosophers""
D. replace ""they"" with ""the just war theory""",D,"In the sentence, the pronoun ""they"" incorrectly points to ""many philosophers,"" even though the intended reference is the just war theory. Changing ""they"" to ""the just war theory"" clarifies that the guidelines in question come from a specific concept rather than the group of philosophers. This choice establishes a clear pronoun-noun match by properly identifying the entity responsible for providing moral constraints on warfare.","Below are several points that need revision before this question can be considered a high‐quality SAT “Pronouns and Modifiers” item:

1. Formatting of the Sentence and Insertion Point  
 • The guidelines require that the sentence include a blank of eight spaces (i.e. “ ________ ”) where the answer choice would be inserted. In this draft the error word “they” appears in place of a blank. Revise the sentence so that it reads, for example:  
  “Many philosophers who study the ethics of war and the just war theory assert that ________ is the set of guidelines providing moral constraints on how conflicts should be waged.”  
 • Also, change the follow-up prompt to the standard form: “Which choice completes the text so that it conforms to the conventions of Standard English?” rather than “Which choice best corrects the pronoun error in the sentence above?”

2. Answer Choices Consistency  
 • Since the question now inserts a blank into the sentence, each answer choice should be a complete replacement for the blank. Make sure all choices are structured to be inserted into that gap and that they do not simply instruct “replace ‘they’ with …” but instead provide the text that fills the blank.

3. Clarity and Depth of the Explanation  
 • While the explanation correctly identifies that “they” incorrectly points to “many philosophers” instead of the intended referent, it would be more educational if it also explained why the other options are flawed. For example, note that:  
  – Option A (“both”) creates a subject–verb disagreement since “both” implies a plural subject but the predicate “is” is singular.  
  – Option B (“some aspect of these concepts”) is vague and does not clearly identify a unique antecedent.  
  – Option C (“philosophers”) mistakenly shifts the reference so that the guidelines unjustifiably come from the philosophers rather than from the just war theory.  
 Adding one or two sentences that contrast these issues with the clarity produced by option D will make the explanation more insightful for high school students.

4. Content and Difficulty Level  
 • The concept tested is indeed on pronoun reference, which aligns with the “Pronouns and Modifiers” skill. However, ensure that the distractors are sufficiently plausible. In their current forms, some options may be eliminated too quickly by attentive readers. A review for subtlety and consistency in style would help match the medium-difficulty level expected for students scoring 600–700.

Once you make these adjustments, the question will meet all the professional SAT formatting and content guidelines.","{""skill"": ""Pronouns and Modifiers"", ""difficulty"": ""Medium"", ""question"": ""Many philosophers who study the ethics of war and the just war theory assert that ________ is the set of guidelines providing moral constraints on how conflicts should be waged.\n\nWhich choice completes the text so that it conforms to the conventions of Standard English?"", ""choices"": [""A. both"", ""B. some aspect of these concepts"", ""C. philosophers"", ""D. the just war theory""], ""answer"": ""D"", ""explanation"": ""The pronoun \""they\"" in the original sentence was incorrectly referring to \""philosophers.\"" By inserting \""the just war theory\"" into the sentence, it clearly identifies the actual concept being described as providing the guidelines. Option A (\""both\"") is incorrect because it introduces a plural form which disagrees with the singular verb \""is.\"" Option B (\""some aspect of these concepts\"") is vague and fails to clearly point to the correct antecedent. Option C (\""philosophers\"") is also incorrect as it shifts the responsibility for the guidelines to philosophers rather than the theory. Only option D accurately and clearly identifies the subject of the assertion as \""the just war theory,\"" which fits with the rest of the sentence."", ""topic"": ""The ethics of war and the just war theory"", ""total_score"": 11, ""constructive_feedback"": ""The question’s format adheres to the SAT style—with a blank and the prompt asking which choice completes the text. However, its focus on pronoun/modifier issues is underdeveloped. The sentence lacks a clear, nuanced error that would require careful analysis, and most of the distractors are too obviously incorrect. Furthermore, the provided explanation refers to a pronoun (“they”) that does not actually appear in the sentence, making it misleading for students. For improvement, consider reworking the sentence to include a more subtle modifier or pronoun ambiguity that better challenges students and aligns with medium-level difficulty. Updating the explanation to directly address the actual subject-antecedent or modifier issue present in the revised sentence would also enhance clarity."", ""difficulty_feedback"": ""Although the question is labeled as Medium difficulty, its error is too conspicuous and the distractors are not plausible enough to truly test nuanced understanding. Medium-level questions should present more subtle grammatical challenges—such as a less obvious modifier or pronoun reference ambiguity—so that students scoring 600-700 are sufficiently challenged. Revising the sentence to include a subtle error would better align it with medium difficulty expectations.""}","Many philosophers who study the ethics of war and the just war theory assert that ________ is the set of guidelines providing moral constraints on how conflicts should be waged.

Which choice completes the text so that it conforms to the conventions of Standard English?","A. both
B. some aspect of these concepts
C. philosophers
D. the just war theory",D,"The pronoun ""they"" in the original sentence was incorrectly referring to ""philosophers."" By inserting ""the just war theory"" into the sentence, it clearly identifies the actual concept being described as providing the guidelines. Option A (""both"") is incorrect because it introduces a plural form which disagrees with the singular verb ""is."" Option B (""some aspect of these concepts"") is vague and fails to clearly point to the correct antecedent. Option C (""philosophers"") is also incorrect as it shifts the responsibility for the guidelines to philosophers rather than the theory. Only option D accurately and clearly identifies the subject of the assertion as ""the just war theory,"" which fits with the rest of the sentence.",,,5,3,"The question’s format adheres to the SAT style—with a blank and the prompt asking which choice completes the text. However, its focus on pronoun/modifier issues is underdeveloped. The sentence lacks a clear, nuanced error that would require careful analysis, and most of the distractors are too obviously incorrect. Furthermore, the provided explanation refers to a pronoun (“they”) that does not actually appear in the sentence, making it misleading for students. For improvement, consider reworking the sentence to include a more subtle modifier or pronoun ambiguity that better challenges students and aligns with medium-level difficulty. Updating the explanation to directly address the actual subject-antecedent or modifier issue present in the revised sentence would also enhance clarity.",3,11,"{""skill"": ""Pronouns and Modifiers"", ""difficulty"": ""Medium"", ""question"": ""Many philosophers who study the ethics of war and the just war theory assert that ________ is the set of guidelines providing moral constraints on how conflicts should be waged.\n\nWhich choice completes the text so that it conforms to the conventions of Standard English?"", ""choices"": [""A. both"", ""B. some aspect of these concepts"", ""C. philosophers"", ""D. the just war theory""], ""answer"": ""D"", ""explanation"": ""The pronoun \""they\"" in the original sentence was incorrectly referring to \""philosophers.\"" By inserting \""the just war theory\"" into the sentence, it clearly identifies the actual concept being described as providing the guidelines. Option A (\""both\"") is incorrect because it introduces a plural form which disagrees with the singular verb \""is.\"" Option B (\""some aspect of these concepts\"") is vague and fails to clearly point to the correct antecedent. Option C (\""philosophers\"") is also incorrect as it shifts the responsibility for the guidelines to philosophers rather than the theory. Only option D accurately and clearly identifies the subject of the assertion as \""the just war theory,\"" which fits with the rest of the sentence."", ""topic"": ""The ethics of war and the just war theory"", ""total_score"": 11, ""constructive_feedback"": ""The question’s format adheres to the SAT style—with a blank and the prompt asking which choice completes the text. However, its focus on pronoun/modifier issues is underdeveloped. The sentence lacks a clear, nuanced error that would require careful analysis, and most of the distractors are too obviously incorrect. Furthermore, the provided explanation refers to a pronoun (“they”) that does not actually appear in the sentence, making it misleading for students. For improvement, consider reworking the sentence to include a more subtle modifier or pronoun ambiguity that better challenges students and aligns with medium-level difficulty. Updating the explanation to directly address the actual subject-antecedent or modifier issue present in the revised sentence would also enhance clarity."", ""difficulty_feedback"": ""Although the question is labeled as Medium difficulty, its error is too conspicuous and the distractors are not plausible enough to truly test nuanced understanding. Medium-level questions should present more subtle grammatical challenges—such as a less obvious modifier or pronoun reference ambiguity—so that students scoring 600-700 are sufficiently challenged. Revising the sentence to include a subtle error would better align it with medium difficulty expectations.""}"
2025-03-14 01:56:28,"{""skill"": ""Pronouns and Modifiers"", ""difficulty"": ""Hard"", ""question"": ""Some fans credit the improvised dance sequences of new Broadway-inspired productions for their success, arguing that it connects local traditions with well-known musical theater styles.\n\nWhich choice best clarifies the reference in the bolded portion of the sentence?"", ""choices"": [""A) NO CHANGE"", ""B) these sequences connect local traditions"", ""C) the set design connects local traditions"", ""D) the audience connects local traditions""], ""answer"": ""B"", ""explanation"": ""Answer choice B replaces the vague pronoun with \""these sequences,\"" which clearly refers to the improvised dance sequences. The original pronoun \""it\"" could be interpreted in several ways, including the entire production or an unrelated element. Clarifying the pronoun improves the sentence’s meaning and prevents ambiguity."", ""topic"": ""The influence of Broadway musicals on global theater trends""}",Pronouns and Modifiers,Hard,"Some fans credit the improvised dance sequences of new Broadway-inspired productions for their success, arguing that it connects local traditions with well-known musical theater styles.

Which choice best clarifies the reference in the bolded portion of the sentence?","A) NO CHANGE
B) these sequences connect local traditions
C) the set design connects local traditions
D) the audience connects local traditions",B,"Answer choice B replaces the vague pronoun with ""these sequences,"" which clearly refers to the improvised dance sequences. The original pronoun ""it"" could be interpreted in several ways, including the entire production or an unrelated element. Clarifying the pronoun improves the sentence’s meaning and prevents ambiguity.","Below is detailed feedback on the provided question:

• Formatting and prompt structure: The question does not follow the required SAT style. According to the guidelines, the sentence should include a blank (using exactly “ ________ ”) where the problematic pronoun appears. For example, instead of presenting the sentence as

  ""Some fans credit the improvised dance sequences of new Broadway-inspired productions for their success, arguing that it connects local traditions with well-known musical theater styles.""

it should be revised to something like

  ""Some fans credit the improvised dance sequences of new Broadway-inspired productions for their success, arguing that ________ local traditions with well-known musical theater styles.""

Then, immediately following the sentence, the question should read:  
""Which choice completes the text so that it conforms to the conventions of Standard English?""

This change aligns with the formatting guidelines and makes it clear to the student where the replacement occurs.

• Question focus: Although the current prompt asks “Which choice best clarifies the reference in the bolded portion of the sentence?”, the intended focus for Pronouns and Modifiers questions is to complete the sentence by correctly matching the modifier with its supporting noun phrase. Adjusting the prompt as described above ensures consistency with SAT standards.

• Clarity and answer choices: The answer choices provided (A through D) are sufficiently plausible and only one (choice B) is correct. However, to fully ensure that the replacement addresses the modifier’s intended subject, the revised answer choices should fit seamlessly into the blank. Answer choice B (“these sequences connect local traditions”) correctly replaces the vague reference “it,” attributing the action to the improvised dance sequences.

• Explanation: The explanation is generally informative, noting that choice B replaces the ambiguous pronoun with a clear referent. However, you might expand it slightly by stating: “By replacing the vague pronoun ‘it’ with ‘these sequences,’ the sentence clearly indicates that the improvised dance sequences are responsible for connecting local traditions with well-known musical theater styles. This revision avoids ambiguity where ‘it’ might otherwise refer to the entire production or another element.”

• Overall alignment with Hard-level criteria: The content tests the nuanced issue of pronoun reference (ambiguous “it” vs. a clear demonstrative phrase), which meets the high difficulty specified. With the above formatting corrections and prompt adjustments, the question will fully conform to SAT standards for a hard-level “Pronouns and Modifiers” item.

Exact wording/syntax changes recommended:
 – Change the sentence to:
  ""Some fans credit the improvised dance sequences of new Broadway-inspired productions for their success, arguing that ________ local traditions with well-known musical theater styles.""
 – Change the prompt immediately following the sentence to:
  ""Which choice completes the text so that it conforms to the conventions of Standard English?""
 – In the explanation, add a sentence such as: “This revision clarifies the subject of the modifying phrase and prevents the ambiguous reference inherent in the original sentence.”

By making these specific modifications, the question will satisfy the content, formatting, and difficulty criteria for a high-quality Digital SAT question.

","{""skill"": ""Pronouns and Modifiers"", ""difficulty"": ""Hard"", ""question"": ""Some fans credit the improvised dance sequences of new Broadway-inspired productions for their success, arguing that ________ local traditions with well-known musical theater styles.\n\nWhich choice completes the text so that it conforms to the conventions of Standard English?"", ""choices"": [""A) NO CHANGE"", ""B) these sequences connect"", ""C) the set design connects"", ""D) the audience connects""], ""answer"": ""B"", ""explanation"": ""Answer choice B replaces the blank with 'these sequences connect,' which clearly refers to the antecedent, 'the improvised dance sequences.' This ensures the sentence explicitly identifies what connects local traditions with well-known musical theater styles, removing the ambiguity present in the original structure."", ""topic"": ""The influence of Broadway musicals on global theater trends"", ""total_score"": 16, ""constructive_feedback"": ""The question is generally clear and follows the SAT sentence-correction format, providing a coherent context and a correct answer that clearly ties back to the antecedent. However, as a 'Hard' question, it falls short in complexity. The distractors (C and D) are too obviously irrelevant, and option A is plainly ungrammatical, which makes the correct answer too easy to identify. Moreover, while the explanation correctly states why B is the best choice, it stops short of analyzing why the other options are faulty, missing an opportunity to help students learn from the common pitfalls. To improve the question, consider introducing more nuanced alternatives that require a more careful reading of the sentence. You might also revise the sentence or add an extra modifying phrase to create subtler traps regarding modifier placement. Expanding the explanation to compare each choice would also benefit students."", ""difficulty_feedback"": ""The question is labeled as 'Hard,' but its limited complexity and overly obvious distractors make it easier than intended. Hard-level SAT questions should involve multiple interacting grammatical concepts and more convincing distractors that trap even seasoned test-takers. Adjusting the sentence structure or the answer choices (or both) to introduce subtler errors would help better align the question with its Hard difficulty label.""}","Some fans credit the improvised dance sequences of new Broadway-inspired productions for their success, arguing that ________ local traditions with well-known musical theater styles.

Which choice completes the text so that it conforms to the conventions of Standard English?","A) NO CHANGE
B) these sequences connect
C) the set design connects
D) the audience connects",B,"Answer choice B replaces the blank with 'these sequences connect,' which clearly refers to the antecedent, 'the improvised dance sequences.' This ensures the sentence explicitly identifies what connects local traditions with well-known musical theater styles, removing the ambiguity present in the original structure.",,,6,6,"The question is generally clear and follows the SAT sentence-correction format, providing a coherent context and a correct answer that clearly ties back to the antecedent. However, as a 'Hard' question, it falls short in complexity. The distractors (C and D) are too obviously irrelevant, and option A is plainly ungrammatical, which makes the correct answer too easy to identify. Moreover, while the explanation correctly states why B is the best choice, it stops short of analyzing why the other options are faulty, missing an opportunity to help students learn from the common pitfalls. To improve the question, consider introducing more nuanced alternatives that require a more careful reading of the sentence. You might also revise the sentence or add an extra modifying phrase to create subtler traps regarding modifier placement. Expanding the explanation to compare each choice would also benefit students.",4,16,"{""skill"": ""Pronouns and Modifiers"", ""difficulty"": ""Hard"", ""question"": ""Some fans credit the improvised dance sequences of new Broadway-inspired productions for their success, arguing that ________ local traditions with well-known musical theater styles.\n\nWhich choice completes the text so that it conforms to the conventions of Standard English?"", ""choices"": [""A) NO CHANGE"", ""B) these sequences connect"", ""C) the set design connects"", ""D) the audience connects""], ""answer"": ""B"", ""explanation"": ""Answer choice B replaces the blank with 'these sequences connect,' which clearly refers to the antecedent, 'the improvised dance sequences.' This ensures the sentence explicitly identifies what connects local traditions with well-known musical theater styles, removing the ambiguity present in the original structure."", ""topic"": ""The influence of Broadway musicals on global theater trends"", ""total_score"": 16, ""constructive_feedback"": ""The question is generally clear and follows the SAT sentence-correction format, providing a coherent context and a correct answer that clearly ties back to the antecedent. However, as a 'Hard' question, it falls short in complexity. The distractors (C and D) are too obviously irrelevant, and option A is plainly ungrammatical, which makes the correct answer too easy to identify. Moreover, while the explanation correctly states why B is the best choice, it stops short of analyzing why the other options are faulty, missing an opportunity to help students learn from the common pitfalls. To improve the question, consider introducing more nuanced alternatives that require a more careful reading of the sentence. You might also revise the sentence or add an extra modifying phrase to create subtler traps regarding modifier placement. Expanding the explanation to compare each choice would also benefit students."", ""difficulty_feedback"": ""The question is labeled as 'Hard,' but its limited complexity and overly obvious distractors make it easier than intended. Hard-level SAT questions should involve multiple interacting grammatical concepts and more convincing distractors that trap even seasoned test-takers. Adjusting the sentence structure or the answer choices (or both) to introduce subtler errors would help better align the question with its Hard difficulty label.""}"
2025-03-14 01:58:02,"{""skill"": ""Punctuation"", ""difficulty"": ""Easy"", ""question"": ""Franklin D. Roosevelt who introduced the New Deal overcame significant challenges while implementing his political reforms during the Great Depression.\n\nWhich choice best corrects the punctuation in the sentence so that it is clear and grammatically correct?"", ""choices"": [""A. Franklin D. Roosevelt who introduced the New Deal, overcame significant challenges while implementing his political reforms, during the Great Depression."", ""B. Franklin D. Roosevelt, who introduced the New Deal overcame significant challenges while implementing his political reforms during, the Great Depression."", ""C. Franklin D. Roosevelt, who introduced the New Deal, overcame significant challenges while implementing his political reforms during the Great Depression."", ""D. Franklin D. Roosevelt who introduced the New Deal, overcame significant challenges while implementing his political reforms during the Great Depression,""], ""answer"": ""C"", ""explanation"": ""The phrase “who introduced the New Deal” is a nonrestrictive clause, meaning it provides extra information about Franklin D. Roosevelt but is not essential to the main point. Nonrestrictive clauses should be surrounded by commas. Choice (C) correctly places commas around “who introduced the New Deal” without adding unnecessary punctuation elsewhere. This helps the reader easily understand that the statement about the New Deal is an extra detail describing Roosevelt."", ""topic"": ""The political reforms of Franklin D. Roosevelt during the Great Depression""}",Punctuation,Easy,"Franklin D. Roosevelt who introduced the New Deal overcame significant challenges while implementing his political reforms during the Great Depression.

Which choice best corrects the punctuation in the sentence so that it is clear and grammatically correct?","A. Franklin D. Roosevelt who introduced the New Deal, overcame significant challenges while implementing his political reforms, during the Great Depression.
B. Franklin D. Roosevelt, who introduced the New Deal overcame significant challenges while implementing his political reforms during, the Great Depression.
C. Franklin D. Roosevelt, who introduced the New Deal, overcame significant challenges while implementing his political reforms during the Great Depression.
D. Franklin D. Roosevelt who introduced the New Deal, overcame significant challenges while implementing his political reforms during the Great Depression,",C,"The phrase “who introduced the New Deal” is a nonrestrictive clause, meaning it provides extra information about Franklin D. Roosevelt but is not essential to the main point. Nonrestrictive clauses should be surrounded by commas. Choice (C) correctly places commas around “who introduced the New Deal” without adding unnecessary punctuation elsewhere. This helps the reader easily understand that the statement about the New Deal is an extra detail describing Roosevelt.","Below are some specific areas that need improvement:

1. Use of a Blank for the Tested Phrase – The guidelines require that you first write a fully punctuated sentence and then remove the tested clause—replacing it with a blank (i.e., "" ________ "") in the question. In your version the complete sentence is shown. For example, rewrite the question so that it reads along the lines of: 

  ""Franklin D. Roosevelt ________ overcame significant challenges while implementing his political reforms during the Great Depression."" 

This tells students that only the missing clause (with its surrounding commas) is being tested.

2. Answer Choices Should Only Include the Tested Portion – The directions state that answer choices must not reprint the entire sentence; instead, only the specific phrase or punctuation that is being tested should be given. In your submission, each answer choice rewrites the entire sentence. Revise them so that they provide just the clause. For instance, if the correct punctuation is to place commas on both sides of ""who introduced the New Deal"", the correct answer choice might simply be: 

  "", who introduced the New Deal,"" 

and the distractors should show common errors (such as a missing comma at one end or extra punctuation elsewhere).

3. Consistency with the Punctuation Skill Being Tested – Although the topic (nonrestrictive clauses) is clear, using the historical context requires the tested phrase to be clearly isolated from the rest of the sentence. This isolation is achieved by the blank formatting recommended above. Adjust your question and answer choices accordingly so that punctuation around the blank is maintained and provides the necessary clues.

4. Formatting and Clarity – The explanation is generally clear and explains why commas are needed around a nonrestrictive clause. After revising the question and answer choices as suggested, double-check that there is no stray punctuation (before or after the blank) missing in the answer choices.

By making these adjustments, the question will fully follow the SAT guidelines for punctuation questions, ensuring a high-quality, focused item for practice on your site.

","{""skill"": ""Punctuation"", ""difficulty"": ""Easy"", ""question"": ""Franklin D. Roosevelt ________ overcame significant challenges while implementing his political reforms during the Great Depression.\n\nWhich choice best completes the sentence so it is clear and grammatically correct?"", ""choices"": [""A. who introduced the New Deal"", ""B. who introduced the New Deal,"", ""C. , who introduced the New Deal,"", ""D. , who introduced the New Deal""], ""answer"": ""C"", ""explanation"": ""The phrase 'who introduced the New Deal' is a nonrestrictive clause, meaning it provides extra information about Franklin D. Roosevelt but is not essential to the main point. Nonrestrictive clauses should be surrounded by commas. Choice (C) correctly places commas around 'who introduced the New Deal,' which helps make the sentence clear and grammatically correct."", ""topic"": ""The political reforms of Franklin D. Roosevelt during the Great Depression""}","Franklin D. Roosevelt ________ overcame significant challenges while implementing his political reforms during the Great Depression.

Which choice best completes the sentence so it is clear and grammatically correct?","A. who introduced the New Deal
B. who introduced the New Deal,
C. , who introduced the New Deal,
D. , who introduced the New Deal",C,"The phrase 'who introduced the New Deal' is a nonrestrictive clause, meaning it provides extra information about Franklin D. Roosevelt but is not essential to the main point. Nonrestrictive clauses should be surrounded by commas. Choice (C) correctly places commas around 'who introduced the New Deal,' which helps make the sentence clear and grammatically correct.",,,8,7,"The question is clear and effectively targets an easy punctuation rule—using commas to offset a nonrestrictive relative clause. It follows the requirement of replacing the phrase with a blank, and the answer choices differ only in the placement of commas, which is ideal for an Easy-level SAT question. However, the explanation could be enhanced by briefly addressing why each incorrect option fails (for example, noting that missing a leading or trailing comma disrupts the nonrestrictive clause format). Also, consider emphasizing in the question that the blank is replacing the entire punctuation-marked phrase, to avoid any ambiguity.",8,23,"{""skill"": ""Punctuation"", ""difficulty"": ""Easy"", ""question"": ""Franklin D. Roosevelt ________ overcame significant challenges while implementing his political reforms during the Great Depression.\n\nWhich choice best completes the sentence so it is clear and grammatically correct? (Assume the blank replaces a full punctuation-marked phrase.)"", ""choices"": [""A. who introduced the New Deal"", ""B. who introduced the New Deal,"", ""C. , who introduced the New Deal,"", ""D. , who introduced the New Deal""], ""answer"": ""C"", ""explanation"": ""The phrase 'who introduced the New Deal' is a nonrestrictive relative clause, providing extra information about Franklin D. Roosevelt that is not essential to the core meaning of the sentence. Nonrestrictive clauses should be set off by commas. Only choice (C) places commas correctly both before and after the phrase. \n\n**Why other answers are incorrect:**\n\n- (A) does not set off the clause with commas, disrupting the proper nonrestrictive format.\n- (B) provides a comma after the clause but omits the required leading comma, which is incorrect.\n- (D) places a comma before the clause but omits the trailing comma, which is also incorrect."", ""topic"": ""The political reforms of Franklin D. Roosevelt during the Great Depression"", ""total_score"": 23, ""constructive_feedback"": ""The question is clear and effectively targets an easy punctuation rule—using commas to offset a nonrestrictive relative clause. It follows the requirement of replacing the phrase with a blank, and the answer choices differ only in the placement of commas, which is ideal for an Easy-level SAT question. However, the explanation could be enhanced by briefly addressing why each incorrect option fails (for example, noting that missing a leading or trailing comma disrupts the nonrestrictive clause format). Also, consider emphasizing in the question that the blank is replacing the entire punctuation-marked phrase, to avoid any ambiguity."", ""difficulty_feedback"": ""The question appropriately matches its labeled Easy difficulty. It tests a basic, commonly taught rule regarding nonrestrictive clauses and comma usage. To further ensure this alignment, you might add a brief hint in the question that the blank represents both the words and their accompanying punctuation, reinforcing that students are expected to consider both leading and trailing commas.""}"
2025-03-14 02:00:11,"{""skill"": ""Punctuation"", ""difficulty"": ""Medium"", ""question"": ""AI-generated social media influencers continue to gain traction, offering entertainment and product recommendations and sometimes even surpassing traditional online personalities in popularity. However, one viewpoint is that these digital personas lack genuine experiences, others argue that such shortcomings do not necessarily prevent audiences from relating to them.\n\nWhich choice best completes the sentence with correct punctuation?"", ""choices"": [""A. experiences; others"", ""B. experiences. Others"", ""C. experiences? Others"", ""D. experiences, Others""], ""answer"": ""B"", ""explanation"": ""Each side of this sentence is an independent clause. To separate two complete ideas, we need a period (or another strong punctuation mark like a semicolon). A comma does not correctly separate two independent clauses, and a question mark would imply that part of the statement is a question, which it is not. Therefore, a period is the most appropriate punctuation mark."", ""topic"": ""The rise of AI-generated social media influencers and digital personalities""}",Punctuation,Medium,"AI-generated social media influencers continue to gain traction, offering entertainment and product recommendations and sometimes even surpassing traditional online personalities in popularity. However, one viewpoint is that these digital personas lack genuine experiences, others argue that such shortcomings do not necessarily prevent audiences from relating to them.

Which choice best completes the sentence with correct punctuation?","A. experiences; others
B. experiences. Others
C. experiences? Others
D. experiences, Others",B,"Each side of this sentence is an independent clause. To separate two complete ideas, we need a period (or another strong punctuation mark like a semicolon). A comma does not correctly separate two independent clauses, and a question mark would imply that part of the statement is a question, which it is not. Therefore, a period is the most appropriate punctuation mark.","The question is well constructed in that it provides a clear sentence context, objective, and distractors while targeting the SAT skill of joining independent clauses with the correct punctuation. The explanation is clear and does a good job of emphasizing that a comma or question mark would be incorrect and that a period correctly separates two independent clauses.

However, one issue stands out: Two of the answer choices (B and A) may seem acceptable at first glance. In standard usage, both a period and a semicolon can correctly separate independent clauses. In this sentence, a semicolon (as in option A: ""experiences; others"") would normally be acceptable if the following clause continued in lowercase. Because option B (""experiences. Others"") produces the conventionally expected effect—with a new sentence starting with a capital letter—it is chosen as best. Still, test takers might legitimately wonder whether the semicolon option is correct.

To resolve this potential ambiguity and ensure there is exactly one correct answer, I recommend one of the following revisions:
• Revise answer choice A so that it uses an incorrect capitalization after the semicolon. For example, change option A to read ""experiences; Others"" (with a capital “Others”). Since a semicolon should be followed by a lowercase word unless it’s a proper noun, this revision makes option A clearly unacceptable.
• Alternatively, adjust the sentence so that the clause following the blank is worded in a way that necessitates a full stop. For instance, you could change the sentence to “…lack genuine experiences, ________ that such shortcomings do not necessarily prevent audiences from relating to them.” Then only a period would be appropriate (with the following word capitalized), and a semicolon would no longer work.

Otherwise, the question meets all of the checklist items: it has a clear context, sufficient information, exactly one intended correct answer (once the semicolon issue is resolved), an explanation aligned with the correct answer, proper formatting, and appropriate medium-level complexity.

Overall feedback: Revise answer choice A (or tweak the sentence) so that only the period option is acceptable.","{""skill"": ""Punctuation"", ""difficulty"": ""Medium"", ""question"": ""AI-generated social media influencers continue to gain traction, offering entertainment and product recommendations and sometimes even surpassing traditional online personalities in popularity. However, one viewpoint is that these digital personas lack genuine experiences _______ these shortcomings do not necessarily prevent audiences from relating to them.\n\nWhich choice best completes the sentence with correct punctuation?"", ""choices"": [""A. experiences; Others"", ""B. experiences. Others"", ""C. experiences? Others"", ""D. experiences, Others""], ""answer"": ""B"", ""explanation"": ""Each side of this sentence is an independent clause. To separate two complete ideas, we need a period (or another strong punctuation mark like a semicolon). However, in this context, the second clause starts with capitalization, making a semicolon incorrect (since the word 'Others' after the semicolon must not be capitalized unless it is a proper noun). A comma does not correctly separate two independent clauses, and a question mark would imply that part of the statement is a question, which it is not. Therefore, a period is the most appropriate punctuation mark."", ""topic"": ""The rise of AI-generated social media influencers and digital personalities""}","AI-generated social media influencers continue to gain traction, offering entertainment and product recommendations and sometimes even surpassing traditional online personalities in popularity. However, one viewpoint is that these digital personas lack genuine experiences _______ these shortcomings do not necessarily prevent audiences from relating to them.

Which choice best completes the sentence with correct punctuation?","A. experiences; Others
B. experiences. Others
C. experiences? Others
D. experiences, Others",B,"Each side of this sentence is an independent clause. To separate two complete ideas, we need a period (or another strong punctuation mark like a semicolon). However, in this context, the second clause starts with capitalization, making a semicolon incorrect (since the word 'Others' after the semicolon must not be capitalized unless it is a proper noun). A comma does not correctly separate two independent clauses, and a question mark would imply that part of the statement is a question, which it is not. Therefore, a period is the most appropriate punctuation mark.",,,8,7,"The question is generally well constructed and aligns with SAT punctuation standards by testing the student’s ability to choose the correct punctuation to separate two independent clauses. However, there are a few areas for improvement. The sentence context is a bit ambiguous—‘these shortcomings’ does not clearly refer back to ‘lack genuine experiences,’ which can cause some confusion. Additionally, the answer choices include more than just the punctuation mark (they repeat part of the sentence), which slightly deviates from the recommended format of testing only the specific punctuation element. The explanation, while clear in its rationale for dismissing the semicolon, comma, and question mark options, could be expanded to acknowledge that a semicolon might work in a different context if the following word were not capitalized. Tightening the sentence for clarity and ensuring that the answer choices focus solely on the punctuation mark (and the necessary adjacent clues, such as capitalization) would enhance the overall quality.",8,23,"{""skill"": ""Punctuation"", ""difficulty"": ""Medium"", ""question"": ""AI-generated social media influencers continue to gain traction, offering entertainment and product recommendations and sometimes even surpassing traditional online personalities in popularity. However, some critics argue that these artificial personas struggle with authenticity _______ they are not hindered from building strong audience connections.\n\nWhich punctuation mark best completes the sentence?"", ""choices"": [""A. ;"", ""B. ."", ""C. ?"", ""D. ,""], ""answer"": ""B"", ""explanation"": ""The sentence consists of two independent clauses: (1) 'However, some critics argue that these artificial personas struggle with authenticity' and (2) 'they are not hindered from building strong audience connections.' To separate these clauses, the appropriate punctuation would be a period. A semicolon would normally work, but since the example capitalizes 'They' in answer choices B and C, the semicolon becomes incorrect. A comma or question mark would also be unsuitable: a comma cannot connect independent clauses without a conjunction, and the sentence does not pose a question. Hence, the period is the best choice."", ""topic"": ""Punctuation in sentences separating independent clauses"", ""total_score"": 23, ""constructive_feedback"": ""The question is generally well constructed and aligns with SAT punctuation standards by testing the student’s ability to choose the correct punctuation to separate two independent clauses. However, there are a few areas for improvement. The sentence context is a bit ambiguous—‘these shortcomings’ does not clearly refer back to ‘lack genuine experiences,’ which can cause some confusion. Additionally, the answer choices include more than just the punctuation mark (they repeat part of the sentence), which slightly deviates from the recommended format of testing only the specific punctuation element. The explanation, while clear in its rationale for dismissing the semicolon, comma, and question mark options, could be expanded to acknowledge that a semicolon might work in a different context if the following word were not capitalized. Tightening the sentence for clarity and ensuring that the answer choices focus solely on the punctuation mark (and the necessary adjacent clues, such as capitalization) would enhance the overall quality."", ""difficulty_feedback"": ""The question is appropriately challenging for a Medium-level SAT punctuation question because it requires careful attention to the rules of joining independent clauses, particularly the nuance about capital letters following a semicolon. To further solidify its medium difficulty rating, consider revising the clause structure so that the relationship between the two ideas is clearer and less potentially misleading.""}"
2025-03-14 02:01:47,"{""skill"": ""Punctuation"", ""difficulty"": ""Hard"", ""question"": ""Heathcliff’s unrelenting passion fueled his destructive plans during the novel’s climax indeed, readers often attribute his cruel actions to an intense pursuit of revenge overshadowing any moral inclinations.\n\nWhich choice best corrects the punctuation in the sentence?"", ""choices"": [""A. Heathcliff’s unrelenting passion fueled his destructive plans during the novel’s climax, indeed readers often attribute his cruel actions to an intense pursuit of revenge overshadowing any moral inclinations."", ""B. Heathcliff’s unrelenting passion fueled his destructive plans during the novel’s climax indeed, readers often attribute his cruel actions to an intense pursuit of revenge overshadowing any moral inclinations."", ""C. Heathcliff’s unrelenting passion fueled his destructive plans during the novel’s climax. Indeed, readers often attribute his cruel actions to an intense pursuit of revenge overshadowing any moral inclinations."", ""D. Heathcliff’s unrelenting passion fueled his destructive plans during the novel’s climax indeed readers, often attribute his cruel actions to an intense pursuit of revenge overshadowing any moral inclinations.""], ""answer"": ""C"", ""explanation"": ""Choice C places a period between two complete thoughts and places a comma after “Indeed,” which clarifies the sentence and uses correct punctuation. The other choices either lack a necessary break between the independent clauses or incorrectly place commas."", ""topic"": ""Heathcliff’s obsession and revenge in Wuthering Heights""}",Punctuation,Hard,"Heathcliff’s unrelenting passion fueled his destructive plans during the novel’s climax indeed, readers often attribute his cruel actions to an intense pursuit of revenge overshadowing any moral inclinations.

Which choice best corrects the punctuation in the sentence?","A. Heathcliff’s unrelenting passion fueled his destructive plans during the novel’s climax, indeed readers often attribute his cruel actions to an intense pursuit of revenge overshadowing any moral inclinations.
B. Heathcliff’s unrelenting passion fueled his destructive plans during the novel’s climax indeed, readers often attribute his cruel actions to an intense pursuit of revenge overshadowing any moral inclinations.
C. Heathcliff’s unrelenting passion fueled his destructive plans during the novel’s climax. Indeed, readers often attribute his cruel actions to an intense pursuit of revenge overshadowing any moral inclinations.
D. Heathcliff’s unrelenting passion fueled his destructive plans during the novel’s climax indeed readers, often attribute his cruel actions to an intense pursuit of revenge overshadowing any moral inclinations.",C,"Choice C places a period between two complete thoughts and places a comma after “Indeed,” which clarifies the sentence and uses correct punctuation. The other choices either lack a necessary break between the independent clauses or incorrectly place commas.","Below is our detailed review and recommendations:

• Context and Objective: The question asks students to correct a run‐on sentence about Heathcliff from Wuthering Heights by choosing the best punctuation. The objective is clear, and enough context is provided.

• Sufficient Information and a Single Correct Answer: Although the answer choices (A–D) include exactly one correct option (C) with three plausible distractors, the sentence and explanation clearly allow a student to determine that complete separation between two independent clauses is required.

• Explanation and Educational Value: The explanation succinctly notes that option C correctly uses a period to divide two complete thoughts and a comma after “Indeed,” while the other options misuse commas. (A bit more detail could further clarify why the transitional adverb is set off in the correct answer, but overall it is acceptable.)

• Formatting and Alignment with Guidelines: Two key areas need improvement:
 1. The question does not follow the preferred “blank” format. According to SAT guidelines, you should first compose a correct version of the sentence, then remove the phrase (or punctuation mark) being tested and replace it with a blank (e.g. “______”). This ensures that the tested element does not appear correctly in the stem.
  • Suggestion: Revise the question sentence to something like: 
   ""Heathcliff’s unrelenting passion fueled his destructive plans during the novel’s climax ______ readers often attribute his cruel actions to an intense pursuit of revenge overshadowing any moral inclinations."" 
  Then, in the answer choices, provide only the punctuation phrase that fills in the blank (for example, “. Indeed,”).

 2. The answer choices currently rewrite the entire sentence rather than just the segment replaced in the blank. SAT formatting guidelines require that answer choices include only the portion of the sentence or phrase that is being tested.
  • Suggestion: Change the answer choices so they include only the candidate punctuation phrases. For example:
   A. , indeed 
   B. (no punctuation) 
   C. . Indeed, 
   D. (incorrect placement of comma) 

• Difficulty Level: The concept tested (correctly separating two independent clauses with a transitional adverb) is appropriate for a Hard question once reformatted to require precise application of multiple punctuation rules.

In summary, while the content and explanation are acceptable, the question must be reformatted to include a literal blank where the punctuation belongs and the answer choices must offer only the replacement segment rather than the entire sentence.

Please revise accordingly.","{""skill"": ""Punctuation"", ""difficulty"": ""Hard"", ""question"": ""Heathcliff’s unrelenting passion fueled his destructive plans during the novel’s climax ______ readers often attribute his cruel actions to an intense pursuit of revenge overshadowing any moral inclinations. Which choice completes the text so it conforms to the conventions of standard English?"", ""choices"": [""A. , indeed "", ""B. indeed, "", ""C. . Indeed, "", ""D. indeed readers,""], ""answer"": ""C"", ""explanation"": ""The correct answer is choice C because it correctly separates two independent clauses with a period and capitalizes the first word of the second independent clause. 'Indeed,' is correctly punctuated with a comma afterwards as it serves as a transitional adverb. The other choices either misuse commas, omit necessary punctuation, or incorrectly structure the sentence."", ""topic"": ""Heathcliff’s obsession and revenge in Wuthering Heights""}",Heathcliff’s unrelenting passion fueled his destructive plans during the novel’s climax ______ readers often attribute his cruel actions to an intense pursuit of revenge overshadowing any moral inclinations. Which choice completes the text so it conforms to the conventions of standard English?,"A. , indeed 
B. indeed, 
C. . Indeed, 
D. indeed readers,",C,"The correct answer is choice C because it correctly separates two independent clauses with a period and capitalizes the first word of the second independent clause. 'Indeed,' is correctly punctuated with a comma afterwards as it serves as a transitional adverb. The other choices either misuse commas, omit necessary punctuation, or incorrectly structure the sentence.",,,8,8,"The question is well structured and clearly tests the punctuation rules for joining independent clauses and properly setting off a transitional adverb. The use of Heathcliff as a contextual hook adds literary interest and aligns with SAT reading content. However, to push this toward a perfect score, consider increasing the complexity slightly—perhaps by adding another clause or mixing additional punctuation rules—to fully justify the 'Hard' label. Also, ensure that the blank placement gives sufficient contextual cues (such as surrounding punctuation) so that students must decide not just on the transitional element but also on how to correctly separate the clauses.",8,24,"{""skill"": ""Punctuation"", ""difficulty"": ""Hard"", ""question"": ""Heathcliff’s unrelenting passion fueled his destructive plans during the novel’s climax, his actions unpardonable and driven by fiery despair— ______ readers often attribute his cruel actions to an intense pursuit of revenge overshadowing any moral inclinations. Which choice completes the text so it conforms to the conventions of standard English?"", ""choices"": [""A. , indeed,"", ""B. indeed,"", ""C. ; but indeed,"", ""D. . Indeed,""], ""answer"": ""D"", ""explanation"": ""The correct answer is choice D because it correctly separates two distinct independent clauses with a period and capitalizes the first word of the next sentence. 'Indeed,' is properly punctuated with a comma following it, as it serves as a transitional adverb. The remaining choices do not correctly separate the clauses or use punctuation appropriately: choices 'A' and 'B' attach the clauses improperly, and choice 'C' uses a semicolon incorrectly with 'but.'"", ""topic"": ""Heathcliff's obsession and revenge in Wuthering Heights"", ""total_score"": 24, ""constructive_feedback"": ""The question is well structured and clearly tests the punctuation rules for joining independent clauses and properly setting off a transitional adverb. The use of Heathcliff as a contextual hook adds literary interest and aligns with SAT reading content. However, to push this toward a perfect score, consider increasing the complexity slightly—perhaps by adding another clause or mixing additional punctuation rules—to fully justify the 'Hard' label. Also, ensure that the blank placement gives sufficient contextual cues (such as surrounding punctuation) so that students must decide not just on the transitional element but also on how to correctly separate the clauses."", ""difficulty_feedback"": ""While the question correctly challenges students by requiring the separation of two independent clauses with a transitional adverb, it leans toward a medium difficulty design. To better align with a 'Hard' designation, the sentence could involve an additional punctuation nuance or combine multiple grammatical rules in one instance. Enhancing the complexity of the sentence structure would attract a higher level of precision consistent with hard-level SAT questions.""}"
2025-03-14 02:03:03,"{""skill"": ""Supporting Claims"", ""difficulty"": ""Easy"", ""question"": ""During the Meiji Restoration, Japan rapidly modernized its institutions and industries by adopting ideas from Western powers, implementing new educational systems, and constructing factories under government sponsorship.\n\nWhich choice best supports the claim that these reforms were crucial to Japan’s modernization?"", ""choices"": [""A. Luxury textiles remained one of Japan’s few exports, with minimal domestic demand."", ""B. Many merchants abandoned innovative business ventures in favor of traditional agriculture."", ""C. Rural communities relied exclusively on local traditions to guide industrial growth."", ""D. Government-backed industries and expanded education networks increased Japan’s economic productivity.""], ""answer"": ""D"", ""explanation"": ""The question asks which option best supports the claim that the emphasized reforms were vital to Japan’s modernization. Options A, B, and C suggest that Japan did not substantially embrace innovative changes, which contradicts the modernization claim. In contrast, option D reinforces the idea that government-backed industries, as well as an expanded education system, led to meaningful growth and industrial progress that supported the country's broader modernization goals."", ""topic"": ""The impact of the Meiji Restoration on Japan’s modernization""}",Supporting Claims,Easy,"During the Meiji Restoration, Japan rapidly modernized its institutions and industries by adopting ideas from Western powers, implementing new educational systems, and constructing factories under government sponsorship.

Which choice best supports the claim that these reforms were crucial to Japan’s modernization?","A. Luxury textiles remained one of Japan’s few exports, with minimal domestic demand.
B. Many merchants abandoned innovative business ventures in favor of traditional agriculture.
C. Rural communities relied exclusively on local traditions to guide industrial growth.
D. Government-backed industries and expanded education networks increased Japan’s economic productivity.",D,"The question asks which option best supports the claim that the emphasized reforms were vital to Japan’s modernization. Options A, B, and C suggest that Japan did not substantially embrace innovative changes, which contradicts the modernization claim. In contrast, option D reinforces the idea that government-backed industries, as well as an expanded education system, led to meaningful growth and industrial progress that supported the country's broader modernization goals.",Previous input perfect; don't change anything.,"{""skill"": ""Supporting Claims"", ""difficulty"": ""Easy"", ""question"": ""During the Meiji Restoration, Japan rapidly modernized its institutions and industries by adopting ideas from Western powers, implementing new educational systems, and constructing factories under government sponsorship.\n\nWhich choice best supports the claim that these reforms were crucial to Japan’s modernization?"", ""choices"": [""A. Luxury textiles remained one of Japan’s few exports, with minimal domestic demand."", ""B. Many merchants abandoned innovative business ventures in favor of traditional agriculture."", ""C. Rural communities relied exclusively on local traditions to guide industrial growth."", ""D. Government-backed industries and expanded education networks increased Japan’s economic productivity.""], ""answer"": ""D"", ""explanation"": ""The question asks which option best supports the claim that the emphasized reforms were vital to Japan’s modernization. Options A, B, and C suggest that Japan did not substantially embrace innovative changes, which contradicts the modernization claim. In contrast, option D reinforces the idea that government-backed industries, as well as an expanded education system, led to meaningful growth and industrial progress that supported the country's broader modernization goals."", ""topic"": ""The impact of the Meiji Restoration on Japan’s modernization""}","During the Meiji Restoration, Japan rapidly modernized its institutions and industries by adopting ideas from Western powers, implementing new educational systems, and constructing factories under government sponsorship.

Which choice best supports the claim that these reforms were crucial to Japan’s modernization?","A. Luxury textiles remained one of Japan’s few exports, with minimal domestic demand.
B. Many merchants abandoned innovative business ventures in favor of traditional agriculture.
C. Rural communities relied exclusively on local traditions to guide industrial growth.
D. Government-backed industries and expanded education networks increased Japan’s economic productivity.",D,"The question asks which option best supports the claim that the emphasized reforms were vital to Japan’s modernization. Options A, B, and C suggest that Japan did not substantially embrace innovative changes, which contradicts the modernization claim. In contrast, option D reinforces the idea that government-backed industries, as well as an expanded education system, led to meaningful growth and industrial progress that supported the country's broader modernization goals.",,,8,8,"The question is clear, aligned with the SAT skill of identifying evidence to support a claim, and appropriately uses a historical context to test this ability at an easy level. The answer choices are plausible distractors, and the correct choice clearly supports the claim. However, the question could be slightly improved by explicitly framing it as 'Which of the following most directly supports...' to enhance clarity. The answer choices could also benefit from minor rephrasing for conciseness, and providing a bit more nuance on why each incorrect option fails (e.g., by pointing out their failure to connect with the modernization reforms) would further strengthen the educational value of the explanation.",9,25,"{""skill"": ""Supporting Claims"", ""difficulty"": ""Easy"", ""question"": ""During the Meiji Restoration, Japan rapidly modernized its institutions and industries by adopting ideas from Western powers, implementing new educational systems, and constructing factories under government sponsorship.\n\nWhich of the following most directly supports the claim that these reforms were crucial to Japan's modernization?"", ""choices"": [""A. Japan continued to focus primarily on luxury textiles as an export commodity."", ""B. Many Japanese entrepreneurs preferred traditional agriculture over industrial ventures."", ""C. Local traditions played a dominant role in rural industrial development."", ""D. Government-backed industries and expanded education systems significantly boosted Japan's economic productivity.""], ""answer"": ""D"", ""explanation"": ""The question asks which option most directly supports the claim about the importance of Meiji reforms in Japan's modernization. Option D is correct because it clearly connects government-sponsored industries and an improved education system to positive outcomes in economic productivity, directly supporting the claim. Options A, B, and C do not provide evidence in favor of the modernization claim, as they either fail to address the reforms or suggest that traditional systems prevailed, which would contradict the stated impact of the reforms."", ""topic"": ""The impact of the Meiji Restoration on Japan's modernization"", ""total_score"": 25, ""constructive_feedback"": ""The question is clear, aligned with the SAT skill of identifying evidence to support a claim, and appropriately uses a historical context to test this ability at an easy level. The answer choices are plausible distractors, and the correct choice clearly supports the claim. However, the question could be slightly improved by explicitly framing it as 'Which of the following most directly supports...' to enhance clarity. The answer choices could also benefit from minor rephrasing for conciseness, and providing a bit more nuance on why each incorrect option fails (e.g., by pointing out their failure to connect with the modernization reforms) would further strengthen the educational value of the explanation."", ""difficulty_feedback"": ""The question matches its labeled easy difficulty level as it requires straightforward, single-step reasoning. The context provided is familiar enough for students, and the reasoning to select the correct evidence is direct. To further solidify its appropriateness, consider ensuring that all answer choices are clearly distinguishable in terms of how they support or fail to support the claim, so that only one clearly fits, which is already largely the case here.""}"
2025-03-14 02:04:26,"{""skill"": ""Supporting Claims"", ""difficulty"": ""Medium"", ""question"": ""A recent study explores how small environmental changes can influence people to make beneficial choices without restricting their options. Which choice best supports the claim that nudge theory can save governments money while encouraging individuals to adopt healthier or more financially responsible behavior?\n\n"", ""choices"": [""A. A policy that punishes citizens with fines if they fail to follow recommended dietary guidelines"", ""B. An advertisement campaign that explains the benefits of long-term savings but does not alter how accounts are offered"", ""C. A request from policymakers that citizens sign pledges to volunteer without any incentive"", ""D. A plan to place healthy food options at eye level in cafeterias, leading to fewer serious health complications""], ""answer"": ""D"", ""explanation"": ""To support the claim that nudges can provide cost-effective solutions for steering people toward more positive behaviors, the best answer must show how a minimal intervention yields both monetary and social benefits. Choice D describes a simple cafeteria strategy that encourages healthier eating habits, potentially reducing healthcare costs. The other options either involve penalties or lack any clear plan to reduce public expenses while guiding behavior, so they do not directly support the claim."", ""topic"": ""The impact of nudge theory in public policy and economics""}",Supporting Claims,Medium,"A recent study explores how small environmental changes can influence people to make beneficial choices without restricting their options. Which choice best supports the claim that nudge theory can save governments money while encouraging individuals to adopt healthier or more financially responsible behavior?

","A. A policy that punishes citizens with fines if they fail to follow recommended dietary guidelines
B. An advertisement campaign that explains the benefits of long-term savings but does not alter how accounts are offered
C. A request from policymakers that citizens sign pledges to volunteer without any incentive
D. A plan to place healthy food options at eye level in cafeterias, leading to fewer serious health complications",D,"To support the claim that nudges can provide cost-effective solutions for steering people toward more positive behaviors, the best answer must show how a minimal intervention yields both monetary and social benefits. Choice D describes a simple cafeteria strategy that encourages healthier eating habits, potentially reducing healthcare costs. The other options either involve penalties or lack any clear plan to reduce public expenses while guiding behavior, so they do not directly support the claim.","The question is generally clear and follows the supporting‐claims format with one correct answer (D) and three distractors that are reasonably plausible. The explanation is solid and explains why a subtle, cost‐saving intervention qualifies as a nudge while the other options do not. However, to meet medium‐difficulty standards you should provide a bit more contextual detail from the study so that students must integrate multiple pieces of information rather than simply recalling the definition of nudge theory. Medium questions typically include a longer passage (roughly 90+ words) that requires combining two or more ideas. For example, you might revise the prompt as follows:

“In a recent study conducted in urban cafeterias, researchers found that subtle changes in the physical layout could noticeably influence people’s choices. In one experiment, placing healthy food options at eye level led to a measurable increase in nutritious selections, which, over time, helped reduce healthcare expenses for the community. The researchers argued that these minimal environmental shifts—without restricting freedom of choice—demonstrate that nudge theory can help governments save money while simultaneously encouraging individuals to adopt healthier and more financially responsible behaviors.

Which of the following best supports the claim that nudge theory offers both economic and social benefits?”

Retain answer choice D and adjust the other choices if needed to reflect similarly detailed alternatives. This revision not only provides a richer context but also increases the cognitive steps necessary for selecting the correct answer.

In summary, while the original question is well structured in terms of clarity, answer choices, and explanation, it needs an expanded, more detailed context to fully meet medium-difficulty SAT question guidelines.","{""skill"": ""Supporting Claims"", ""difficulty"": ""Medium"", ""question"": ""In a recent study conducted in urban cafeterias, researchers found that subtle changes in the physical layout could noticeably influence people’s choices. For example, in one experiment, placing healthy food options at eye level led to a measurable increase in nutritious selections, which over time reduced healthcare expenses for the community. The researchers argued that these minimal environmental shifts—without restricting freedom of choice—demonstrate that nudge theory can help governments save money while simultaneously encouraging individuals to adopt healthier and more financially responsible behaviors.\n\nWhich of the following best supports the claim that nudge theory offers both economic and social benefits?"", ""choices"": [""A. A policy that requires employees to document daily caloric intake, monitored by health administrators"", ""B. An awareness campaign teaching about savings but without altering how financial services are presented"", ""C. Tax incentives for citizens who choose to recycle their household waste"", ""D. A plan to rearrange grocery store shelves to position healthy products at eye level, leading to fewer major health expenses""], ""answer"": ""D"", ""explanation"": ""The best answer aligns with the context that nudge theory uses subtle and low-cost strategies to promote positive behaviors while potentially reducing public expenses. Answer D mirrors the example provided by referring to shelf reorganization leading to health improvements, showcasing nudge theory's applicability. The other options, while promoting beneficial behaviors, do not encapsulate the economic savings or the minimal intervention characteristics essential to the concept of nudge theory."", ""topic"": ""The impact of nudge theory in public policy and economics"", ""total_score"": 22, ""constructive_feedback"": ""The question is clear, logically structured, and aligns with SAT standards for supporting claims. The passage effectively introduces nudge theory, and the answer choices are generally plausible. However, option D essentially restates the example provided, which makes it somewhat too obvious. To increase complexity and ensure the correct answer isn’t immediately apparent, consider revising the distractors to incorporate subtler distinctions or adding an extra inference step. The explanation is accurate but could be enriched by offering a deeper analysis of why the incorrect options fail to support the claim as directly."", ""difficulty_feedback"": ""While the question is labeled Medium and does require connecting evidence with the claim, its reliance on an almost verbatim example in option D makes it lean towards the easier side of medium. Enhancing the nuance in answer choices or integrating additional contextual details in the passage could better align it with medium-level difficulty expectations.""}","In a recent study conducted in urban cafeterias, researchers found that subtle changes in the physical layout could noticeably influence people’s choices. For example, in one experiment, placing healthy food options at eye level led to a measurable increase in nutritious selections, which over time reduced healthcare expenses for the community. The researchers argued that these minimal environmental shifts—without restricting freedom of choice—demonstrate that nudge theory can help governments save money while simultaneously encouraging individuals to adopt healthier and more financially responsible behaviors.

Which of the following best supports the claim that nudge theory offers both economic and social benefits?","A. A policy that requires employees to document daily caloric intake, monitored by health administrators
B. An awareness campaign teaching about savings but without altering how financial services are presented
C. Tax incentives for citizens who choose to recycle their household waste
D. A plan to rearrange grocery store shelves to position healthy products at eye level, leading to fewer major health expenses",D,"The best answer aligns with the context that nudge theory uses subtle and low-cost strategies to promote positive behaviors while potentially reducing public expenses. Answer D mirrors the example provided by referring to shelf reorganization leading to health improvements, showcasing nudge theory's applicability. The other options, while promoting beneficial behaviors, do not encapsulate the economic savings or the minimal intervention characteristics essential to the concept of nudge theory.",,,8,7,"The question is clear, logically structured, and aligns with SAT standards for supporting claims. The passage effectively introduces nudge theory, and the answer choices are generally plausible. However, option D essentially restates the example provided, which makes it somewhat too obvious. To increase complexity and ensure the correct answer isn’t immediately apparent, consider revising the distractors to incorporate subtler distinctions or adding an extra inference step. The explanation is accurate but could be enriched by offering a deeper analysis of why the incorrect options fail to support the claim as directly.",7,22,"{""skill"": ""Supporting Claims"", ""difficulty"": ""Medium"", ""question"": ""In a recent study conducted in urban cafeterias, researchers found that subtle changes in the physical layout could noticeably influence people’s choices. For example, in one experiment, placing healthy food options at eye level led to a measurable increase in nutritious selections, which over time reduced healthcare expenses for the community. The researchers argued that these minimal environmental shifts—without restricting freedom of choice—demonstrate that nudge theory can help governments save money while simultaneously encouraging individuals to adopt healthier and more financially responsible behaviors.\n\nWhich of the following best supports the claim that nudge theory offers both economic and social benefits?"", ""choices"": [""A. A policy that requires employees to document daily caloric intake, monitored by health administrators"", ""B. An awareness campaign teaching about savings but without altering how financial services are presented"", ""C. Tax incentives for citizens who choose to recycle their household waste"", ""D. A plan to rearrange grocery store shelves to position healthy products at eye level, leading to fewer major health expenses""], ""answer"": ""D"", ""explanation"": ""The best answer aligns with the context that nudge theory uses subtle and low-cost strategies to promote positive behaviors while potentially reducing public expenses. Answer D mirrors the example provided by referring to shelf reorganization leading to health improvements, showcasing nudge theory's applicability. The other options, while promoting beneficial behaviors, do not encapsulate the economic savings or the minimal intervention characteristics essential to the concept of nudge theory."", ""topic"": ""The impact of nudge theory in public policy and economics"", ""total_score"": 22, ""constructive_feedback"": ""The question is clear, logically structured, and aligns with SAT standards for supporting claims. The passage effectively introduces nudge theory, and the answer choices are generally plausible. However, option D essentially restates the example provided, which makes it somewhat too obvious. To increase complexity and ensure the correct answer isn’t immediately apparent, consider revising the distractors to incorporate subtler distinctions or adding an extra inference step. The explanation is accurate but could be enriched by offering a deeper analysis of why the incorrect options fail to support the claim as directly."", ""difficulty_feedback"": ""While the question is labeled Medium and does require connecting evidence with the claim, its reliance on an almost verbatim example in option D makes it lean towards the easier side of medium. Enhancing the nuance in answer choices or integrating additional contextual details in the passage could better align it with medium-level difficulty expectations.""}"
2025-03-14 02:06:04,"{""skill"": ""Supporting Claims"", ""difficulty"": ""Hard"", ""question"": ""In the field of genetics, epigenetics refers to modifications in gene expression that do not alter the underlying $DNA$ sequence. Researchers propose that certain epigenetic tags can be passed from parents to their offspring, influencing inherited traits independently of any changes to the gene code.\n\nWhich piece of evidence, if true, most strongly supports the claim that epigenetic markers can be transmitted and affect inheritance?\n\nA. Studies show that some species live longer in controlled environments designed to reduce stress.\nB. Scientists observe that offspring tend to inherit most of their physical traits through traditional genetic mechanisms.\nC. Experiments reveal that specific chemical tags added to parent genes appear in subsequent generations, even when the children have identical $DNA$ sequences.\nD. Observations suggest that environmental factors mildly influence an individual’s likelihood of developing certain traits if there is no related family history."", ""choices"": [""A. Studies show that some species live longer in controlled environments designed to reduce stress."", ""B. Scientists observe that offspring tend to inherit most of their physical traits through traditional genetic mechanisms."", ""C. Experiments reveal that specific chemical tags added to parent genes appear in subsequent generations, even when the children have identical $DNA$ sequences."", ""D. Observations suggest that environmental factors mildly influence an individual’s likelihood of developing certain traits if there is no related family history.""], ""answer"": ""C"", ""explanation"": ""To support the claim that epigenetic tags can be inherited, the best evidence involves demonstrating that distinctive chemical markers placed on parent genes reappear in their descendants. Choice C directly addresses this notion by highlighting that the changes in gene expression persist even though the underlying $DNA$ remains the same. The other options either deal with unrelated observations (A), only confirm traditional genetic mechanisms (B), or provide minimal evidence for the idea of epigenetic inheritance (D)."", ""topic"": ""The role of epigenetics in gene expression and inheritance""}",Supporting Claims,Hard,"In the field of genetics, epigenetics refers to modifications in gene expression that do not alter the underlying $DNA$ sequence. Researchers propose that certain epigenetic tags can be passed from parents to their offspring, influencing inherited traits independently of any changes to the gene code.

Which piece of evidence, if true, most strongly supports the claim that epigenetic markers can be transmitted and affect inheritance?

A. Studies show that some species live longer in controlled environments designed to reduce stress.
B. Scientists observe that offspring tend to inherit most of their physical traits through traditional genetic mechanisms.
C. Experiments reveal that specific chemical tags added to parent genes appear in subsequent generations, even when the children have identical $DNA$ sequences.
D. Observations suggest that environmental factors mildly influence an individual’s likelihood of developing certain traits if there is no related family history.","A. Studies show that some species live longer in controlled environments designed to reduce stress.
B. Scientists observe that offspring tend to inherit most of their physical traits through traditional genetic mechanisms.
C. Experiments reveal that specific chemical tags added to parent genes appear in subsequent generations, even when the children have identical $DNA$ sequences.
D. Observations suggest that environmental factors mildly influence an individual’s likelihood of developing certain traits if there is no related family history.",C,"To support the claim that epigenetic tags can be inherited, the best evidence involves demonstrating that distinctive chemical markers placed on parent genes reappear in their descendants. Choice C directly addresses this notion by highlighting that the changes in gene expression persist even though the underlying $DNA$ remains the same. The other options either deal with unrelated observations (A), only confirm traditional genetic mechanisms (B), or provide minimal evidence for the idea of epigenetic inheritance (D).","This question is very strong overall. The context and objective are clear—students are asked to select evidence that supports the claim that epigenetic tags can be passed on, and the answer choices cleanly separate a directly supportive finding (choice C) from distractors. The explanation is concise and appropriately explains why choice C is best while briefly mentioning why the other options are unsuitable. The formatting (including the use of $DNA$) is correct, and there is exactly one correct answer among four plausible choices.

One area for improvement, however, is meeting the “Hard” difficulty standard. Hard questions should have a more extended passage (roughly 100 words) that incorporates advanced vocabulary and requires multi‐step reasoning through subtle cues. As written, the passage is somewhat brief. To fully align with Hard-level requirements, consider expanding the introductory text to include additional details about epigenetic research—for example, mentioning specific modifications such as methylation, hinting at experimental controls, or outlining an observed transgenerational effect. For instance, you might add:

“Recent studies on model organisms have revealed that after exposure to environmental stressors, parents exhibit specific methylation patterns on certain genes. Intriguingly, these chemical modifications are detected in multiple subsequent generations, even though the genomic $DNA$ sequence remains unchanged. Researchers argue that these epigenetic marks, rather than gene mutations, may explain shifts in inherited traits over time.”

This additional context would raise the word count to around 100 words and invite even more careful analysis by high-performing students.

Overall, the question is very good, but strengthening the reading passage will ensure it fully meets the Hard-difficulty guidelines.","{""skill"": ""Supporting Claims"", ""difficulty"": ""Hard"", ""question"": ""In the field of genetics, epigenetics refers to modifications in gene expression that do not alter the underlying $DNA$ sequence. Epigenetic mechanisms include chemical modifications such as DNA methylation and histone modification, which can regulate gene activity without changing the genetic code. Recent studies on model organisms have revealed that after exposure to environmental stressors, parents exhibit specific methylation patterns on certain genes. Intriguingly, these chemical modifications are detected in multiple subsequent generations, even though the genomic $DNA$ sequence remains unchanged. Researchers propose that these epigenetic marks, rather than mutations in the gene sequence, may explain shifts in inherited traits over time.\n\nWhich piece of evidence, if true, most strongly supports the claim that epigenetic markers can be transmitted and affect inheritance?\n\nA. Studies show that some species live longer in controlled environments designed to reduce stress.\nB. Scientists observe that offspring tend to inherit most of their physical traits through traditional genetic mechanisms.\nC. Experiments reveal that specific chemical tags added to parent genes appear in subsequent generations, even when the children have identical $DNA$ sequences.\nD. Observations suggest that environmental factors mildly influence an individual’s likelihood of developing certain traits if there is no related family history."", ""choices"": [""A. Studies show that some species live longer in controlled environments designed to reduce stress."", ""B. Scientists observe that offspring tend to inherit most of their physical traits through traditional genetic mechanisms."", ""C. Experiments reveal that specific chemical tags added to parent genes appear in subsequent generations, even when the children have identical $DNA$ sequences."", ""D. Observations suggest that environmental factors mildly influence an individual’s likelihood of developing certain traits if there is no related family history.""], ""answer"": ""C"", ""explanation"": ""To support the claim that epigenetic tags can be inherited, the best evidence involves demonstrating that distinctive chemical markers placed on parent genes reappear in their descendants. Choice C directly addresses this notion by highlighting that the changes in gene expression persist even though the underlying $DNA$ remains the same. The other options either deal with unrelated observations (A), only confirm traditional genetic mechanisms (B), or provide minimal evidence for the idea of epigenetic inheritance (D)."", ""topic"": ""The role of epigenetics in gene expression and inheritance""}","In the field of genetics, epigenetics refers to modifications in gene expression that do not alter the underlying $DNA$ sequence. Epigenetic mechanisms include chemical modifications such as DNA methylation and histone modification, which can regulate gene activity without changing the genetic code. Recent studies on model organisms have revealed that after exposure to environmental stressors, parents exhibit specific methylation patterns on certain genes. Intriguingly, these chemical modifications are detected in multiple subsequent generations, even though the genomic $DNA$ sequence remains unchanged. Researchers propose that these epigenetic marks, rather than mutations in the gene sequence, may explain shifts in inherited traits over time.

Which piece of evidence, if true, most strongly supports the claim that epigenetic markers can be transmitted and affect inheritance?

A. Studies show that some species live longer in controlled environments designed to reduce stress.
B. Scientists observe that offspring tend to inherit most of their physical traits through traditional genetic mechanisms.
C. Experiments reveal that specific chemical tags added to parent genes appear in subsequent generations, even when the children have identical $DNA$ sequences.
D. Observations suggest that environmental factors mildly influence an individual’s likelihood of developing certain traits if there is no related family history.","A. Studies show that some species live longer in controlled environments designed to reduce stress.
B. Scientists observe that offspring tend to inherit most of their physical traits through traditional genetic mechanisms.
C. Experiments reveal that specific chemical tags added to parent genes appear in subsequent generations, even when the children have identical $DNA$ sequences.
D. Observations suggest that environmental factors mildly influence an individual’s likelihood of developing certain traits if there is no related family history.",C,"To support the claim that epigenetic tags can be inherited, the best evidence involves demonstrating that distinctive chemical markers placed on parent genes reappear in their descendants. Choice C directly addresses this notion by highlighting that the changes in gene expression persist even though the underlying $DNA$ remains the same. The other options either deal with unrelated observations (A), only confirm traditional genetic mechanisms (B), or provide minimal evidence for the idea of epigenetic inheritance (D).",,,9,9,"The question is well-designed and clearly aligned with SAT standards for supporting claims. It introduces specialized vocabulary (e.g., epigenetics, methylation patterns) and requires students to synthesize information from a moderately lengthy passage, which is appropriate for a hard question. The answer choices are logically crafted with one clearly correct answer (C) and distractors that are off-target or only marginally related. The explanation is concise and effectively highlights why choice C is correct while briefly dismissing the alternatives. To improve further, consider refining the distractors to be slightly more nuanced so that they appear more plausible on a surface read, thereby challenging students to engage in deeper analysis. In addition, expanding the passage with extra details could increase the multi-step reasoning process required, making the question even more challenging for high-performing test-takers.",8,26,"{""skill"": ""Supporting Claims"", ""difficulty"": ""Hard"", ""question"": ""In genetics, epigenetics examines heritable changes in gene expression that occur without altering the underlying $DNA$ sequence. Mechanisms like $DNA$ methylation and histone modification regulate gene activity external to the genetic code itself. Research on model organisms after exposure to stressors has shown parents developing unique methylation patterns on specific genes. Interestingly, such chemical marks persist in their offspring across several generations despite the $DNA$ sequence remaining unchanged. Scientists suggest epigenetic marks could account for inherited changes once attributed to genetic mutations.\n\nWhich experimental finding, if true, most strongly supports the theory that epigenetic markers influence and persist through inheritance?\n\nA. Some species exhibit extended lifespans when stress exposure is minimized in experimental setups.\nB. Offspring predominantly inherit their phenotypic traits through genetic transmission mechanisms rather than epigenetic influence.\nC. Controlled studies establish that chemically-induced gene tags present in stressed parents are measurable in subsequent generations alongside unaltered $DNA$.\nD. Data indicate minimal correlations where environmental pressures predict traits in populations otherwise unaffected by family genealogy."", ""choices"": [""A. Some species exhibit extended lifespans when stress exposure is minimized in experimental setups."", ""B. Offspring predominantly inherit their phenotypic traits through genetic transmission mechanisms rather than epigenetic influence."", ""C. Controlled studies establish that chemically-induced gene tags present in stressed parents are measurable in subsequent generations alongside unaltered $DNA$."", ""D. Data indicate minimal correlations where environmental pressures predict traits in populations otherwise unaffected by family genealogy.""], ""answer"": ""C"", ""explanation"": ""The substance of ‘epigenetic inheritance’ hinges upon demonstrating lasting intergenerational influences from biochemical tags observable independently from mere sequence transcription fidelity—precisely reaffirmed uniquely through $Choice~C’s$ described methodology."", ""topic"": ""Epigenetic Factors & Traits Mediated Post-Transcription"", ""total_score"": 26, ""constructive_feedback"": ""The question is well-designed and clearly aligned with SAT standards for supporting claims. It introduces specialized vocabulary (e.g., epigenetics, methylation patterns) and requires students to synthesize information from a moderately lengthy passage, which is appropriate for a hard question. The answer choices are logically crafted with one clearly correct answer (C) and distractors that are off-target or only marginally related. The explanation is concise and effectively highlights why choice C is correct while briefly dismissing the alternatives. To improve further, consider refining the distractors to be slightly more nuanced so that they appear more plausible on a surface read, thereby challenging students to engage in deeper analysis. In addition, expanding the passage with extra details could increase the multi-step reasoning process required, making the question even more challenging for high-performing test-takers."", ""difficulty_feedback"": ""The passage and answer choices incorporate complex vocabulary and a multi-step reasoning process appropriate for a hard-difficulty question. Although the correct evidence is clear, enhancing the distractors with more subtle flaws or partially correct information would better match the labeled difficulty. Expanding the passage with additional detail or slight extraneous information could further elevate the challenge, ensuring that only careful and thorough analysis leads to the correct answer.""}"
2025-03-14 02:07:22,"{""skill"": ""Synthesizing Notes"", ""difficulty"": ""Easy"", ""question"": ""Note 1: In 2009, Bitcoin emerged as the first decentralized digital currency, appealing initially to technology enthusiasts who considered it a disruptive financial innovation.\nNote 2: Current trends suggest that cryptocurrency adoption may continue to broaden, driven by business partnerships and government research into potential regulatory structures.\n\nWhich statement best synthesizes the central ideas in these notes?"", ""choices"": [""A) Cryptocurrency lost most of its early supporters once large companies refused to explore new financial ideas"", ""B) The market for cryptocurrencies has remained strictly limited to technology enthusiasts with little expansion"", ""C) Cryptocurrency originated as a decentralizing force in the financial world and may grow further as organizations and governments explore its applications"", ""D) Governmental bans on all forms of digital currency appear inevitable based on early experiments with Bitcoin""], ""answer"": ""C"", ""explanation"": ""Answer choice C unites the historical importance of Bitcoin with the possibility of broader adoption, reflecting both notes. Choices A and B overlook evidence of expansion, while D overstates potential regulation as a complete ban, which neither note suggests."", ""topic"": ""The history and future of cryptocurrency adoption""}",Synthesizing Notes,Easy,"Note 1: In 2009, Bitcoin emerged as the first decentralized digital currency, appealing initially to technology enthusiasts who considered it a disruptive financial innovation.
Note 2: Current trends suggest that cryptocurrency adoption may continue to broaden, driven by business partnerships and government research into potential regulatory structures.

Which statement best synthesizes the central ideas in these notes?","A) Cryptocurrency lost most of its early supporters once large companies refused to explore new financial ideas
B) The market for cryptocurrencies has remained strictly limited to technology enthusiasts with little expansion
C) Cryptocurrency originated as a decentralizing force in the financial world and may grow further as organizations and governments explore its applications
D) Governmental bans on all forms of digital currency appear inevitable based on early experiments with Bitcoin",C,"Answer choice C unites the historical importance of Bitcoin with the possibility of broader adoption, reflecting both notes. Choices A and B overlook evidence of expansion, while D overstates potential regulation as a complete ban, which neither note suggests.","Here’s what needs improvement:

1. Bullet Point Formatting – The notes must be formatted as bullet points using the exact ""\n\n•"" marker. Instead of starting with “Note 1:” and “Note 2:”, reformat them as follows:
  
  \n\n• In 2009, Bitcoin emerged as the first decentralized digital currency, appealing initially to technology enthusiasts who considered it a disruptive financial innovation.
  
  \n\n• Current trends suggest that cryptocurrency adoption may continue to broaden, driven by business partnerships and government research into potential regulatory structures.

This change is required so that the notes meet our professional SAT formatting guidelines.

2. Objective Sentence Wording – The objective must immediately follow the bullet points (after a double line break) and begin with wording like “The student wants to…” Rather than stating “Which statement best synthesizes the central ideas in these notes?”, it should read, for example: “The student wants to synthesize the central ideas from the notes into a single, coherent statement.” This ensures the task is clearly defined and in line with our guidelines.

All other components—the single source, clear correct answer (C), plausible distractors, and the explanation—are acceptable and appropriately educational. 

Please make these formatting and wording adjustments to meet the highest standards.","{""skill"": ""Synthesizing Notes"", ""difficulty"": ""Easy"", ""question"": ""\\n\\n• In 2009, Bitcoin emerged as the first decentralized digital currency, appealing initially to technology enthusiasts who considered it a disruptive financial innovation.\\n\\n• Current trends suggest that cryptocurrency adoption may continue to broaden, driven by business partnerships and government research into potential regulatory structures.\\n\\nThe student wants to synthesize the central ideas from the notes into a single, coherent statement."", ""choices"": [""A) Cryptocurrency lost most of its early supporters once large companies refused to explore new financial ideas."", ""B) The market for cryptocurrencies has remained strictly limited to technology enthusiasts with little expansion."", ""C) Cryptocurrency originated as a decentralizing force in the financial world and may grow further as organizations and governments explore its applications."", ""D) Governmental bans on all forms of digital currency appear inevitable based on early experiments with Bitcoin.""], ""answer"": ""C"", ""explanation"": ""Answer choice C unites the historical importance of Bitcoin with the possibility of broader adoption, reflecting both notes. Choices A and B overlook evidence of expansion, while D overstates potential regulation as a complete ban, which neither note suggests."", ""topic"": ""The history and future of cryptocurrency adoption""}","\n\n• In 2009, Bitcoin emerged as the first decentralized digital currency, appealing initially to technology enthusiasts who considered it a disruptive financial innovation.\n\n• Current trends suggest that cryptocurrency adoption may continue to broaden, driven by business partnerships and government research into potential regulatory structures.\n\nThe student wants to synthesize the central ideas from the notes into a single, coherent statement.","A) Cryptocurrency lost most of its early supporters once large companies refused to explore new financial ideas.
B) The market for cryptocurrencies has remained strictly limited to technology enthusiasts with little expansion.
C) Cryptocurrency originated as a decentralizing force in the financial world and may grow further as organizations and governments explore its applications.
D) Governmental bans on all forms of digital currency appear inevitable based on early experiments with Bitcoin.",C,"Answer choice C unites the historical importance of Bitcoin with the possibility of broader adoption, reflecting both notes. Choices A and B overlook evidence of expansion, while D overstates potential regulation as a complete ban, which neither note suggests.",,,8,8,"The question is clearly structured and aligns well with SAT standards for an Easy-level synthesizing task. The bullet points are correctly formatted and provide the necessary information, while the answer choices are distinct and logically derived from the notes. To improve the question, consider adding a tiny bit more context or nuance in the objective statement to make sure students recognize all critical steps needed to synthesize the ideas. Additionally, you could refine the distractors to more closely mirror common misconceptions, thereby sharpening the distinction between the correct synthesis and partially correct alternatives. Enhancing a few minor details in the explanation to explicitly connect the integration of both bullet points would also help students understand the synthesis process more deeply.",8,24,"{""skill"": ""Synthesizing Notes"", ""difficulty"": ""Easy"", ""question"": ""\\n\\n• In 2009, Bitcoin emerged as the first decentralized digital currency, appealing initially to technology enthusiasts who considered it a disruptive financial innovation.\\n\\n• Current trends suggest that cryptocurrency adoption may continue to broaden, driven by business partnerships and government research into potential regulatory structures.\\n\\nThe student wants to synthesize the central ideas from the notes into a single, coherent statement that captures both the origins and evolving trajectory of cryptocurrency."", ""choices"": [""A) Cryptocurrency has become irrelevant to the financial world since its early days after Bitcoin."", ""B) The market for cryptocurrencies stays within the niche realm of technology enthusiasts without signs of broader appeal."", ""C) Cryptocurrency originated as a decentralizing force in the financial world and shows promise for further growth as businesses and governments explore its uses."", ""D) Governments are likely to entirely prohibit Bitcoin and other cryptocurrencies, as their acceptance wanes.""], ""answer"": ""C"", ""explanation"": ""The correct answer is C because it combines the information about Bitcoin's historical role in decentralizing finance with current observations that suggest potential growth through adoption by businesses and governments. Option A inaccurately suggests irrelevance, while option B fails to account for the broadening trend noted. Option D exaggerates the regulatory issue into something unsupported by the notes."", ""topic"": ""The history and future of cryptocurrency adoption"", ""total_score"": 24, ""constructive_feedback"": ""The question is clearly structured and aligns well with SAT standards for an Easy-level synthesizing task. The bullet points are correctly formatted and provide the necessary information, while the answer choices are distinct and logically derived from the notes. To improve the question, consider adding a tiny bit more context or nuance in the objective statement to make sure students recognize all critical steps needed to synthesize the ideas. Additionally, you could refine the distractors to more closely mirror common misconceptions, thereby sharpening the distinction between the correct synthesis and partially correct alternatives. Enhancing a few minor details in the explanation to explicitly connect the integration of both bullet points would also help students understand the synthesis process more deeply."", ""difficulty_feedback"": ""The question matches the Easy difficulty well by requiring a straightforward synthesis of two bullet points. The task is simple enough for students in the 400–600 score range on the SAT while still ensuring that key information is identified and integrated. If desired, you might consider introducing slightly more subtle distractors or slightly lengthening the bullet points to add layers to the synthesis, but overall the difficulty level is appropriately set.""}"
2025-03-14 02:09:18,"{""skill"": ""Synthesizing Notes"", ""difficulty"": ""Medium"", ""question"": ""Given the notes below about Machiavelli’s The Prince:\\n• Machiavelli endorses a pragmatic approach that emphasizes maintaining political stability.\\n• Rulers should appear merciful but must be prepared to enforce strict measures when necessary.\\n\\nWhich choice best synthesizes these observations to highlight a central political implication of Machiavelli’s work?"", ""choices"": [""A) Leaders can effectively secure their power by balancing benevolence with strategic, sometimes forceful, tactics."", ""B) Rulers who act only out of genuine kindness will always uphold their legitimacy."", ""C) Political systems thrive solely on mutual trust and can function without any fear-based regulation."", ""D) Governments that forgo displaying mercy will experience constant rebellions against their power.""], ""answer"": ""A"", ""explanation"": ""The notes emphasize that Machiavelli sees political stability as paramount, and he advises rulers to display compassion but also be willing to use stricter, more forceful actions as needed. Choice A combines these ideas by showing how an effective leader can maintain power through a combination of kindness and pragmatic, sometimes severe, decisions. The other choices overstate or oversimplify Machiavelli’s arguments, overlooking his nuanced emphasis on strategic control."", ""topic"": ""The political implications of Machiavelli’s The Prince""}",Synthesizing Notes,Medium,Given the notes below about Machiavelli’s The Prince:\n• Machiavelli endorses a pragmatic approach that emphasizes maintaining political stability.\n• Rulers should appear merciful but must be prepared to enforce strict measures when necessary.\n\nWhich choice best synthesizes these observations to highlight a central political implication of Machiavelli’s work?,"A) Leaders can effectively secure their power by balancing benevolence with strategic, sometimes forceful, tactics.
B) Rulers who act only out of genuine kindness will always uphold their legitimacy.
C) Political systems thrive solely on mutual trust and can function without any fear-based regulation.
D) Governments that forgo displaying mercy will experience constant rebellions against their power.",A,"The notes emphasize that Machiavelli sees political stability as paramount, and he advises rulers to display compassion but also be willing to use stricter, more forceful actions as needed. Choice A combines these ideas by showing how an effective leader can maintain power through a combination of kindness and pragmatic, sometimes severe, decisions. The other choices overstate or oversimplify Machiavelli’s arguments, overlooking his nuanced emphasis on strategic control.","Below are detailed suggestions for improvement:

1. Objective Sentence & Word Count:  
 • The current prompt (“Which choice best synthesizes these observations to highlight a central political implication of Machiavelli’s work?”) does not begin with “The student wants to…” as required. Revise it to something like:  
  ""The student wants to synthesize the notes to highlight how Machiavelli’s advice for rulers combines an appearance of mercy with the readiness to act strictly in order to maintain political stability.""  
 • Also, the entire question (including the bullet points) is only about 68 words, which falls short of the medium-difficulty requirement of 100–135 words. To meet this, add additional context or supporting details—perhaps a brief sentence describing the broader impact of Machiavelli’s ideas on political thought—so that the total length is around 115 words.

2. Bullet Point Formatting:  
 • The guidelines require each note to start with a double line break followed by a Unicode bullet (i.e. “\n\n• [text]”). Currently the lines show “\n\u2022…” Instead, reformat the notes as follows:  

  ""Given the notes below about Machiavelli’s The Prince:  
  \n\n• Machiavelli endorses a pragmatic approach that emphasizes maintaining political stability.  
  \n\n• Rulers should appear merciful but must be prepared to enforce strict measures when necessary.  
  \n\nThe student wants to synthesize these observations to highlight how a balanced approach to benevolence and strict action secures political power. Which choice most effectively accomplishes this goal?""

3. Answer Choices & Explanation:  
 • The choices (with A as the correct answer) and the explanation align well with the synthesis goal and include plausible distractors. No changes are needed here.

In summary, adjust the objective sentence to follow the prescribed format, extend the overall text to meet the word count requirements for medium difficulty, and reformat the bullet points using the correct double newline and “•” symbol.","{""skill"": ""Synthesizing Notes"", ""difficulty"": ""Medium"", ""question"": ""Given the notes below about Machiavelli’s The Prince:\n\n• Machiavelli endorses a pragmatic approach that emphasizes maintaining political stability.  \n\n• Rulers should appear merciful but must be prepared to enforce strict measures when necessary.  \n\nThe student wants to synthesize these observations to highlight how a balanced approach to benevolence and strict action secures political power. Which choice most effectively accomplishes this goal?"", ""choices"": [""A) Leaders can effectively secure their power by balancing benevolence with strategic, sometimes forceful, tactics."", ""B) Rulers who act only out of genuine kindness will always uphold their legitimacy."", ""C) Political systems thrive solely on mutual trust and can function without any fear-based regulation."", ""D) Governments that forgo displaying mercy will experience constant rebellions against their power.""], ""answer"": ""A"", ""explanation"": ""The notes emphasize that Machiavelli sees political stability as paramount, and he advises rulers to display compassion but also be willing to use stricter, more forceful actions as needed. Choice A combines these ideas by showing how an effective leader can maintain power through a combination of kindness and pragmatic, sometimes severe, decisions. The other choices overstate or oversimplify Machiavelli’s arguments, overlooking his nuanced emphasis on strategic control."", ""topic"": ""The political implications of Machiavelli’s The Prince"", ""total_score"": 16, ""constructive_feedback"": ""The question’s objective is clear and the answer choices are logically constructed, aligning with the idea of synthesizing notes. However, for a medium difficulty question, the text is too brief. With only two short bullet points and a succinct objective, it doesn’t require the multi-step reasoning or deeper analysis expected at this level. Expanding the bullet points to include additional, nuanced information from Machiavelli’s text would force students to engage in more complex synthesis. Also, ensure that bullet points are formatted exactly as required (using '\\n\\n•') and that the full prompt falls between 100 to 135 words."", ""difficulty_feedback"": ""Although labeled medium, the total word count is closer to 60 words, far below the required 100-135 words, reducing the complexity and challenge. To better match medium difficulty, include more detailed notes that require students to distinguish between subtle nuances in Machiavelli’s argument and to synthesize these into a balanced statement. This additional content would introduce the multi-step reasoning necessary for a medium-level SAT question.""}","Given the notes below about Machiavelli’s The Prince:

• Machiavelli endorses a pragmatic approach that emphasizes maintaining political stability.  

• Rulers should appear merciful but must be prepared to enforce strict measures when necessary.  

The student wants to synthesize these observations to highlight how a balanced approach to benevolence and strict action secures political power. Which choice most effectively accomplishes this goal?","A) Leaders can effectively secure their power by balancing benevolence with strategic, sometimes forceful, tactics.
B) Rulers who act only out of genuine kindness will always uphold their legitimacy.
C) Political systems thrive solely on mutual trust and can function without any fear-based regulation.
D) Governments that forgo displaying mercy will experience constant rebellions against their power.",A,"The notes emphasize that Machiavelli sees political stability as paramount, and he advises rulers to display compassion but also be willing to use stricter, more forceful actions as needed. Choice A combines these ideas by showing how an effective leader can maintain power through a combination of kindness and pragmatic, sometimes severe, decisions. The other choices overstate or oversimplify Machiavelli’s arguments, overlooking his nuanced emphasis on strategic control.",,,5,8,"The question’s objective is clear and the answer choices are logically constructed, aligning with the idea of synthesizing notes. However, for a medium difficulty question, the text is too brief. With only two short bullet points and a succinct objective, it doesn’t require the multi-step reasoning or deeper analysis expected at this level. Expanding the bullet points to include additional, nuanced information from Machiavelli’s text would force students to engage in more complex synthesis. Also, ensure that bullet points are formatted exactly as required (using '\n\n•') and that the full prompt falls between 100 to 135 words.",3,16,"{""skill"": ""Synthesizing Notes"", ""difficulty"": ""Medium"", ""question"": ""Given the notes below about Machiavelli’s The Prince:\n\n• Machiavelli endorses a pragmatic approach that emphasizes maintaining political stability.  \n\n• Rulers should appear merciful but must be prepared to enforce strict measures when necessary.  \n\nThe student wants to synthesize these observations to highlight how a balanced approach to benevolence and strict action secures political power. Which choice most effectively accomplishes this goal?"", ""choices"": [""A) Leaders can effectively secure their power by balancing benevolence with strategic, sometimes forceful, tactics."", ""B) Rulers who act only out of genuine kindness will always uphold their legitimacy."", ""C) Political systems thrive solely on mutual trust and can function without any fear-based regulation."", ""D) Governments that forgo displaying mercy will experience constant rebellions against their power.""], ""answer"": ""A"", ""explanation"": ""The notes emphasize that Machiavelli sees political stability as paramount, and he advises rulers to display compassion but also be willing to use stricter, more forceful actions as needed. Choice A combines these ideas by showing how an effective leader can maintain power through a combination of kindness and pragmatic, sometimes severe, decisions. The other choices overstate or oversimplify Machiavelli’s arguments, overlooking his nuanced emphasis on strategic control."", ""topic"": ""The political implications of Machiavelli’s The Prince"", ""total_score"": 16, ""constructive_feedback"": ""The question’s objective is clear and the answer choices are logically constructed, aligning with the idea of synthesizing notes. However, for a medium difficulty question, the text is too brief. With only two short bullet points and a succinct objective, it doesn’t require the multi-step reasoning or deeper analysis expected at this level. Expanding the bullet points to include additional, nuanced information from Machiavelli’s text would force students to engage in more complex synthesis. Also, ensure that bullet points are formatted exactly as required (using '\\n\\n•') and that the full prompt falls between 100 to 135 words."", ""difficulty_feedback"": ""Although labeled medium, the total word count is closer to 60 words, far below the required 100-135 words, reducing the complexity and challenge. To better match medium difficulty, include more detailed notes that require students to distinguish between subtle nuances in Machiavelli’s argument and to synthesize these into a balanced statement. This additional content would introduce the multi-step reasoning necessary for a medium-level SAT question.""}"
2025-03-14 02:10:46,"{""skill"": ""Synthesizing Notes"", ""difficulty"": ""Hard"", ""question"": ""Read the following notes discussing the development of Method Acting:\n\n• Konstantin Stanislavski’s early emphasis on emotional truth laid the groundwork for later variations.\n• Lee Strasberg’s adaptation of Stanislavski’s techniques focused on personal emotional exploration to create more realistic characters.\n• Stella Adler and Sanford Meisner refined these approaches, each shaping a unique style for actors.\n• Over time, directors and audiences began to value the deeper psychological realism that emerged through these techniques.\n\nWhich statement best synthesizes how these notes describe the evolution of Method Acting?\n\nA) The main influence of Stanislavski’s early ideas was confined to classical theatrical productions.\nB) The various teachers' techniques were incompatible and resulted in competing, equally effective methods.\nC) Directors and audiences have little preference for authenticity in dramatic performances.\nD) A series of refinements to a foundational emphasis on emotional truth led to broader acceptance of psychologically authentic acting."", ""choices"": [""A) The main influence of Stanislavski’s early ideas was confined to classical theatrical productions."", ""B) The various teachers' techniques were incompatible and resulted in competing, equally effective methods."", ""C) Directors and audiences have little preference for authenticity in dramatic performances."", ""D) A series of refinements to a foundational emphasis on emotional truth led to broader acceptance of psychologically authentic acting.""], ""answer"": ""D"", ""explanation"": ""From Stanislavski’s initial focus on emotional authenticity to Strasberg’s personal-emotion approach, each teacher refined the core principles and built on them. This led to a shared belief in psychological realism that audiences and directors embraced. While individual techniques differ, they all trace back to the same groundwork of emotional depth and realism, making the final statement (D) the best synthesis."", ""topic"": ""The development of method acting in film and theater""}",Synthesizing Notes,Hard,"Read the following notes discussing the development of Method Acting:

• Konstantin Stanislavski’s early emphasis on emotional truth laid the groundwork for later variations.
• Lee Strasberg’s adaptation of Stanislavski’s techniques focused on personal emotional exploration to create more realistic characters.
• Stella Adler and Sanford Meisner refined these approaches, each shaping a unique style for actors.
• Over time, directors and audiences began to value the deeper psychological realism that emerged through these techniques.

Which statement best synthesizes how these notes describe the evolution of Method Acting?

A) The main influence of Stanislavski’s early ideas was confined to classical theatrical productions.
B) The various teachers' techniques were incompatible and resulted in competing, equally effective methods.
C) Directors and audiences have little preference for authenticity in dramatic performances.
D) A series of refinements to a foundational emphasis on emotional truth led to broader acceptance of psychologically authentic acting.","A) The main influence of Stanislavski’s early ideas was confined to classical theatrical productions.
B) The various teachers' techniques were incompatible and resulted in competing, equally effective methods.
C) Directors and audiences have little preference for authenticity in dramatic performances.
D) A series of refinements to a foundational emphasis on emotional truth led to broader acceptance of psychologically authentic acting.",D,"From Stanislavski’s initial focus on emotional authenticity to Strasberg’s personal-emotion approach, each teacher refined the core principles and built on them. This led to a shared belief in psychological realism that audiences and directors embraced. While individual techniques differ, they all trace back to the same groundwork of emotional depth and realism, making the final statement (D) the best synthesis.","Below is your detailed feedback:

1. Word Count and Complexity (Difficulty Level):  
• The entire prompt (notes plus question) currently contains around 80–85 words. For a Hard-difficulty question, the text should be between 120 to 150 words and employ more sophisticated language. To meet this requirement, add one or two more detailed bullet points or an additional contextual sentence that further develops the evolution of Method Acting. For example, you might add:  
  \n\n• Subsequent innovators further elaborated on these techniques by integrating psychological insights and extended character analysis into their methods.  
This addition would help raise the word count while also deepening the analytical demand.

2. Objective Phrasing and Depth of Synthesis:  
• Although the objective “Which statement best synthesizes how these notes describe the evolution of Method Acting?” is clear, Hard questions typically require connecting abstract elements (e.g., recognizing implicit shifts in acting philosophy). You might consider rephrasing to:  
  “Which statement most effectively synthesizes and evaluates the progressive refinements in Method Acting, from Stanislavski’s initial focus on emotional truth to later adaptations that emphasized psychological realism?”  
This wording demands a more nuanced evaluation.

3. Formatting Requirements:  
• All bullet points correctly use the Unicode bullet (""\u2022"") with double line breaks, so formatting there is excellent.  
• The question references only one source (the provided notes), which adheres to the guidelines.

4. Answer Choices and Explanation:  
• The distractors are sufficiently tempting. Each incorrect option reflects a partial misreading.  
• The explanation, while succinct, clearly ties the correct answer back to the notes. To enhance it for Hard-level students, consider adding one sentence that briefly contrasts why each distractor fails to capture the comprehensive evolution. For example:  
  “Option A confines Stanislavski’s influence to classical theater, Option B mistakenly suggests irreconcilable methodological conflicts, and Option C inaccurately minimizes audience preference for authenticity.”

In summary, adjust the content to expand the word count and add more complexity to the language and objective.","{""skill"": ""Synthesizing Notes"", ""difficulty"": ""Hard"", ""question"": ""Read the expanded notes discussing the development of Method Acting:\n\n• Konstantin Stanislavski’s early emphasis on emotional truth laid the groundwork for later variations.\n• Lee Strasberg’s adaptation of Stanislavski’s techniques focused on personal emotional exploration to create more realistic characters.\n• Stella Adler and Sanford Meisner refined these approaches, each shaping a unique style for actors.\n• Over time, directors and audiences began to value the deeper psychological realism that emerged through these techniques.\n• Subsequent innovators further elaborated on these techniques by integrating sophisticated psychological insights and extended character analysis into their methods, advancing the art of acting.\n\nWhich statement most effectively synthesizes and evaluates the progressive refinements in Method Acting, from Stanislavski's initial focus on emotional truth to later adaptations that emphasized psychological realism?\n\nA) The main influence of Stanislavski's early ideas was confined to classical theatrical productions.\nB) The various teachers' techniques were incompatible and resulted in competing, equally effective methods.\nC) Directors and audiences have little preference for authenticity in dramatic performances.\nD) A series of refinements to a foundational emphasis on emotional truth led to broader acceptance of psychologically authentic acting."", ""choices"": [""A) The main influence of Stanislavski's early ideas was confined to classical theatrical productions."", ""B) The various teachers' techniques were incompatible and resulted in competing, equally effective methods."", ""C) Directors and audiences have little preference for authenticity in dramatic performances."", ""D) A series of refinements to a foundational emphasis on emotional truth led to broader acceptance of psychologically authentic acting.""], ""answer"": ""D"", ""explanation"": ""From Stanislavski's early emphasis on emotional authenticity, the methodology evolved with Strasberg's focus on personal emotions, Adler's and Meisner's unique interpretations, and later contributors integrating psychological insights and detailed character studies. These refinements collectively advanced the philosophy of realistic acting, aligning with audience and director preferences for authenticity. Options A, B, and C misrepresent Stanislavski's contribution and the collaborative nature of this evolution, whereas Option D captures it accurately."", ""topic"": ""The development of method acting in film and theater""}","Read the expanded notes discussing the development of Method Acting:

• Konstantin Stanislavski’s early emphasis on emotional truth laid the groundwork for later variations.
• Lee Strasberg’s adaptation of Stanislavski’s techniques focused on personal emotional exploration to create more realistic characters.
• Stella Adler and Sanford Meisner refined these approaches, each shaping a unique style for actors.
• Over time, directors and audiences began to value the deeper psychological realism that emerged through these techniques.
• Subsequent innovators further elaborated on these techniques by integrating sophisticated psychological insights and extended character analysis into their methods, advancing the art of acting.

Which statement most effectively synthesizes and evaluates the progressive refinements in Method Acting, from Stanislavski's initial focus on emotional truth to later adaptations that emphasized psychological realism?

A) The main influence of Stanislavski's early ideas was confined to classical theatrical productions.
B) The various teachers' techniques were incompatible and resulted in competing, equally effective methods.
C) Directors and audiences have little preference for authenticity in dramatic performances.
D) A series of refinements to a foundational emphasis on emotional truth led to broader acceptance of psychologically authentic acting.","A) The main influence of Stanislavski's early ideas was confined to classical theatrical productions.
B) The various teachers' techniques were incompatible and resulted in competing, equally effective methods.
C) Directors and audiences have little preference for authenticity in dramatic performances.
D) A series of refinements to a foundational emphasis on emotional truth led to broader acceptance of psychologically authentic acting.",D,"From Stanislavski's early emphasis on emotional authenticity, the methodology evolved with Strasberg's focus on personal emotions, Adler's and Meisner's unique interpretations, and later contributors integrating psychological insights and detailed character studies. These refinements collectively advanced the philosophy of realistic acting, aligning with audience and director preferences for authenticity. Options A, B, and C misrepresent Stanislavski's contribution and the collaborative nature of this evolution, whereas Option D captures it accurately.",,,9,8,"The question is well-constructed and clearly aligned with SAT standards for a Hard difficulty level. It requires students to synthesize a series of detailed bullet points on Method Acting and choose the answer that best captures the evolution from emotional truth to psychological realism. The distractors are plausible enough to challenge students who might make partial connections to the notes. To improve further, consider tightening the connection between specific bullet points and the synthesized answer, perhaps by subtly incorporating language from the notes into the correct response. Additionally, slight enhancements in the explanation could further emphasize how each bullet point contributes to eliminating the distractors.",9,26,"{""skill"": ""Synthesizing Notes"", ""difficulty"": ""Hard"", ""question"": ""Read the expanded notes discussing the development of Method Acting:\n\n• Konstantin Stanislavski’s initial emphasis on emotional truth marked a departure from previous acting paradigms.\n• Lee Strasberg adapted Stanislavski’s techniques to center on personal emotional exploration, aiming to create more emotionally complex characters.\n• Stella Adler and Sanford Meisner further developed these approaches, highlighting the importance of imagination and interpersonal dynamics.\n• Directors and audiences began to appreciate the deeper psychological realism that emerged from these methodologies over time.\n• Later innovators expanded on these techniques by incorporating modern psychological theories and nuanced character studies, influencing contemporary acting practices.\n\nWhich statement best synthesizes and explains the progression of Method Acting from its origins in emotional truth to its contemporary psychological emphasis?\n\nA. \""Stanislavski's focus on emotional authenticity became overshadowed by later methods that prioritized improvisation above scripted performance.\""\nB. \""The evolution of Method Acting has been defined by distinct but complementary refinements, starting from emotional roots and culminating in comprehensive psychological realism.\""\nC. \""Strasberg and his successors abandoned Stanislavski's foundation in favor of unstructured explorations of character motivations.\""\nD. \""Psychological realism in modern acting owes little to Stanislavski’s early theories, which were limited to stage performances.\"""", ""choices"": [""A. \""Stanislavski's focus on emotional authenticity became overshadowed by later methods that prioritized improvisation above scripted performance.\"""", ""B. \""The evolution of Method Acting has been defined by distinct but complementary refinements, starting from emotional roots and culminating in comprehensive psychological realism.\"""", ""C. \""Strasberg and his successors abandoned Stanislavski's foundation in favor of unstructured explorations of character motivations.\"""", ""D. \""Psychological realism in modern acting owes little to Stanislavski’s early theories, which were limited to stage performances.\""""], ""answer"": ""B"", ""explanation"": ""Stanislavski's foundational theories marked a significant shift towards emotional authenticity in acting. Over time, practitioners like Strasberg, Adler, and Meisner adapted and developed these methods, integrating personal emotions, imagination, and interactions. Later innovators built upon these ideas by incorporating modern psychological perspectives, culminating in a refined emphasis on psychological realism. Option B captures this evolution comprehensively, while the other options either misrepresent the progression or conflict with the details provided."", ""topic"": ""The progression of Method Acting from emotional origins to psychological sophistication"", ""total_score"": 26, ""constructive_feedback"": ""The question is well-constructed and clearly aligned with SAT standards for a Hard difficulty level. It requires students to synthesize a series of detailed bullet points on Method Acting and choose the answer that best captures the evolution from emotional truth to psychological realism. The distractors are plausible enough to challenge students who might make partial connections to the notes. To improve further, consider tightening the connection between specific bullet points and the synthesized answer, perhaps by subtly incorporating language from the notes into the correct response. Additionally, slight enhancements in the explanation could further emphasize how each bullet point contributes to eliminating the distractors."", ""difficulty_feedback"": ""The question appropriately matches the Hard difficulty label. It includes sophisticated vocabulary, multi-step reasoning, and nuanced answer choices. The overall length meets the guidelines and the structure demands careful analysis of the notes. To make it even more challenging, you might introduce slightly more ambiguous aspects in the distractors that require deeper inference.""}"
2025-03-14 02:12:01,"{""skill"": ""Tenses"", ""difficulty"": ""Easy"", ""question"": ""While Isaac Newton wrote his groundbreaking work Principia in 1687, he ____ in an ongoing debate with other mathematicians about the foundations of calculus.\n\nWhich choice best completes the sentence?"", ""choices"": [""A. is engaging"", ""B. was engaging"", ""C. will engage"", ""D. would have engaged""], ""answer"": ""B"", ""explanation"": ""Because Newton’s writing of Principia took place in 1687, the correct tense must show a simultaneous action in the past. “Was engaging” appropriately indicates that Newton was actively participating in the debate at the same time he was writing Principia, making option B the most accurate choice."", ""topic"": ""The contributions of Isaac Newton to physics and mathematics""}",Tenses,Easy,"While Isaac Newton wrote his groundbreaking work Principia in 1687, he ____ in an ongoing debate with other mathematicians about the foundations of calculus.

Which choice best completes the sentence?","A. is engaging
B. was engaging
C. will engage
D. would have engaged",B,"Because Newton’s writing of Principia took place in 1687, the correct tense must show a simultaneous action in the past. “Was engaging” appropriately indicates that Newton was actively participating in the debate at the same time he was writing Principia, making option B the most accurate choice.","Overall, this is a strong SAT question that meets most of the guidelines for an Easy difficulty level. The context is clear—Newton’s writing of Principia in 1687 sets up a past event, and the blank requires a verb form that indicates a simultaneous past action. The information provided is sufficient to select one clearly correct answer (B. was engaging), and there are three plausible distractors that illustrate common tense errors. The formatting is professional, and the language and sentence structure are appropriately simple.

One recommendation for improvement is in the explanation. Although the explanation correctly identifies why “was engaging” is the best choice, it would be even more educational if it briefly explained why the other choices are incorrect. For example, you might add: 

  ""Option A, 'is engaging', uses the present continuous tense and implies an action happening now, which is inconsistent with the historic context. Option C, 'will engage', incorrectly suggests a future action, and Option D, 'would have engaged', employs a conditional perfect form that does not appropriately convey the simultaneous past action described.""

Adding this extra detail will provide additional clarity and reinforce students’ understanding of the tense rules being tested.

Overall, with this slight enhancement to the explanation, the question is of high quality for SAT practice.

","{""skill"": ""Tenses"", ""difficulty"": ""Easy"", ""question"": ""While Isaac Newton wrote his groundbreaking work *Principia* in 1687, he ____ in an ongoing debate with other mathematicians about the foundations of calculus.\n\nWhich choice best completes the sentence?"", ""choices"": [""A. is engaging"", ""B. was engaging"", ""C. will engage"", ""D. would have engaged""], ""answer"": ""B"", ""explanation"": ""Because Newton’s writing of *Principia* took place in 1687, the correct tense must show a simultaneous action in the past. 'Was engaging' appropriately indicates that Newton was actively participating in the debate at the same time he was writing *Principia*, making option B the most accurate choice.\n\nLet's consider the other choices:\n- Option A, 'is engaging', uses the present continuous tense and implies an action happening now, which is inconsistent with the historic context.\n- Option C, 'will engage', incorrectly suggests a future action, which does not fit since the sentence refers to the past.\n- Option D, 'would have engaged', employs a conditional perfect form that would imply an action that could have happened but didn’t, which does not appropriately convey the simultaneous past action described."", ""topic"": ""The contributions of Isaac Newton to physics and mathematics""}","While Isaac Newton wrote his groundbreaking work *Principia* in 1687, he ____ in an ongoing debate with other mathematicians about the foundations of calculus.

Which choice best completes the sentence?","A. is engaging
B. was engaging
C. will engage
D. would have engaged",B,"Because Newton’s writing of *Principia* took place in 1687, the correct tense must show a simultaneous action in the past. 'Was engaging' appropriately indicates that Newton was actively participating in the debate at the same time he was writing *Principia*, making option B the most accurate choice.

Let's consider the other choices:
- Option A, 'is engaging', uses the present continuous tense and implies an action happening now, which is inconsistent with the historic context.
- Option C, 'will engage', incorrectly suggests a future action, which does not fit since the sentence refers to the past.
- Option D, 'would have engaged', employs a conditional perfect form that would imply an action that could have happened but didn’t, which does not appropriately convey the simultaneous past action described.",,,8,8,"The question is clearly designed and aligned with SAT standards for testing verb tenses. The historical context (Newton writing Principia in 1687) effectively signals that the debate occurred in the past, and the four answer choices make it clear that only the past continuous form fits. To further enhance the question, you might add a brief note in the passage or explanation emphasizing that the past continuous is used to indicate simultaneous or ongoing past actions. This extra reinforcement can help students solidify the rule. Additionally, a slight rephrasing of the sentence to reduce any potential ambiguity in the relationship between the two actions could be considered.",8,24,"{""skill"": ""Tenses"", ""difficulty"": ""Easy"", ""question"": ""While Isaac Newton was writing his groundbreaking work *Principia* in 1687, he ____ in an ongoing debate with other mathematicians about the foundations of calculus.\\n\\nWhich choice best completes the sentence?"", ""choices"": [""A. is engaging"", ""B. was engaging"", ""C. will engage"", ""D. would have engaged""], ""answer"": ""B"", ""explanation"": ""The phrase 'was writing' sets up the past continuous context, indicating actions that were ongoing in the past. To maintain this tense for a simultaneous action, the correct verb form is 'was engaging', making option B the appropriate answer. Past continuous is used here to show that while Newton was focused on writing his book, he was also actively participating in a debate.\\n\\n- Option A, 'is engaging', uses the present continuous tense and suggests an action occurring in the present, contrary to the historical reference of 1687.\\n- Option C, 'will engage', incorrectly implies a future action, clashing with the past narrative.\\n- Option D, 'would have engaged', employs a conditional tense suggesting an action that could have occurred under certain circumstances, which is not applicable to the described ongoing past events."", ""topic"": ""The contributions of Isaac Newton to physics and mathematics"", ""total_score"": 24, ""constructive_feedback"": ""The question is clearly designed and aligned with SAT standards for testing verb tenses. The historical context (Newton writing Principia in 1687) effectively signals that the debate occurred in the past, and the four answer choices make it clear that only the past continuous form fits. To further enhance the question, you might add a brief note in the passage or explanation emphasizing that the past continuous is used to indicate simultaneous or ongoing past actions. This extra reinforcement can help students solidify the rule. Additionally, a slight rephrasing of the sentence to reduce any potential ambiguity in the relationship between the two actions could be considered."", ""difficulty_feedback"": ""This question is well suited for the Easy labeled level. The vocabulary and structure are straightforward, and the incorrect choices contain clear mismatches of tense, allowing students in the 400-600 scoring range to quickly recognize the error. To keep it at an easy level, ensure that additional contextual clues (such as explicit time markers) remain prominent without complicating the sentence structure.""}"
2025-03-14 02:13:13,"{""skill"": ""Tenses"", ""difficulty"": ""Medium"", ""question"": ""Many commentators emphasize the influence of online communities on modern discourse.\n\nOver the past decade, platforms like Reddit and Discord ________ new ways for individuals around the world to share knowledge and perspectives.\n\nWhich choice completes the sentence so that it uses consistent verb tense?"", ""choices"": [""A. offers"", ""B. have offered"", ""C. are offering"", ""D. offered""], ""answer"": ""B"", ""explanation"": ""Choice B is correct because the phrase \""Over the past decade\"" indicates something that began in the past and continues into the present, which calls for a present perfect verb form like \""have offered.\"" The other choices either use the simple present, present progressive, or simple past, which do not appropriately convey an ongoing action that has occurred over a specific duration leading up to now."", ""topic"": ""The significance of online communities like Reddit and Discord in modern discourse""}",Tenses,Medium,"Many commentators emphasize the influence of online communities on modern discourse.

Over the past decade, platforms like Reddit and Discord ________ new ways for individuals around the world to share knowledge and perspectives.

Which choice completes the sentence so that it uses consistent verb tense?","A. offers
B. have offered
C. are offering
D. offered",B,"Choice B is correct because the phrase ""Over the past decade"" indicates something that began in the past and continues into the present, which calls for a present perfect verb form like ""have offered."" The other choices either use the simple present, present progressive, or simple past, which do not appropriately convey an ongoing action that has occurred over a specific duration leading up to now.",Previous input perfect; don't change anything.,"{""skill"": ""Tenses"", ""difficulty"": ""Medium"", ""question"": ""Many commentators emphasize the influence of online communities on modern discourse.\n\nOver the past decade, platforms like Reddit and Discord ________ new ways for individuals around the world to share knowledge and perspectives.\n\nWhich choice completes the sentence so that it uses consistent verb tense?"", ""choices"": [""A. offers"", ""B. have offered"", ""C. are offering"", ""D. offered""], ""answer"": ""B"", ""explanation"": ""Choice B is correct because the phrase \""Over the past decade\"" indicates something that began in the past and continues into the present, which calls for a present perfect verb form like \""have offered.\"" The other choices either use the simple present, present progressive, or simple past, which do not appropriately convey an ongoing action that has occurred over a specific duration leading up to now."", ""topic"": ""The significance of online communities like Reddit and Discord in modern discourse""}","Many commentators emphasize the influence of online communities on modern discourse.

Over the past decade, platforms like Reddit and Discord ________ new ways for individuals around the world to share knowledge and perspectives.

Which choice completes the sentence so that it uses consistent verb tense?","A. offers
B. have offered
C. are offering
D. offered",B,"Choice B is correct because the phrase ""Over the past decade"" indicates something that began in the past and continues into the present, which calls for a present perfect verb form like ""have offered."" The other choices either use the simple present, present progressive, or simple past, which do not appropriately convey an ongoing action that has occurred over a specific duration leading up to now.",,,8,8,"The question is clearly written, logically structured, and adheres to SAT standards. It effectively tests students on the use of the correct verb tense by providing a realistic context (the influence of online platforms) and a time marker ('over the past decade') that cues the present perfect. The answer choices are plausible and each distractor reflects a common error. One area to improve is slight rewording of the prompt—phrasing such as 'so that the sentence appropriately reflects the time frame' may better emphasize the test of verb tense consistency. Additionally, while the explanation is accurate, it could be enhanced by briefly elaborating on why the other tenses are unsuitable, helping students better understand subtle differences.",8,24,"{""skill"": ""Tenses"", ""difficulty"": ""Medium"", ""question"": ""Many commentators emphasize the influence of online communities on modern discourse.\n\nOver the past decade, platforms like Reddit and Discord ________ new ways for individuals around the world to share knowledge and perspectives.\n\nWhich choice completes the sentence so that the sentence appropriately reflects the time frame and uses consistent verb tense?"", ""choices"": [""A. offers"", ""B. have offered"", ""C. are offering"", ""D. offered""], ""answer"": ""B"", ""explanation"": ""Choice B is correct because the phrase \""Over the past decade\"" indicates an action that began in the past and continues into the present, which calls for a present perfect verb form like \""have offered.\"" The other choices do not fit this time frame: choice A (\""offers\"") suggests a simple present action, choice C (\""are offering\"") reflects an ongoing action currently happening, and choice D (\""offered\"") limits the action to the past without extension into the present."", ""topic"": ""The influence of online platforms like Reddit and Discord in shaping global discourse"", ""total_score"": 24, ""constructive_feedback"": ""The question is clearly written, logically structured, and adheres to SAT standards. It effectively tests students on the use of the correct verb tense by providing a realistic context (the influence of online platforms) and a time marker ('over the past decade') that cues the present perfect. The answer choices are plausible and each distractor reflects a common error. One area to improve is slight rewording of the prompt—phrasing such as 'so that the sentence appropriately reflects the time frame' may better emphasize the test of verb tense consistency. Additionally, while the explanation is accurate, it could be enhanced by briefly elaborating on why the other tenses are unsuitable, helping students better understand subtle differences."", ""difficulty_feedback"": ""The question fits the medium difficulty criteria well. It requires students to analyze the time frame and its implication for verb tense—key elements for medium-level SAT questions. For added depth, a slightly more complex sentence structure or inclusion of additional qualifying information could further challenge students without making the problem feel out of scope.""}"
2025-03-14 02:14:59,"{""skill"": ""Tenses"", ""difficulty"": ""Hard"", ""question"": ""A student analyzing the psychological torment of Roderick Usher in The Fall of the House of Usher wrote the following:\n\n\""Roderick suffered from overwhelming anxiety, and he believes the crumbling mansion amplifies his dread by echoing every whisper of his trembling voice.\""\n\nWhich choice best maintains a consistent verb tense in this sentence?"", ""choices"": [""A) Roderick suffers from overwhelming anxiety, and he believed the crumbling mansion amplified his dread by echoing every whisper of his trembling voice."", ""B) Roderick suffered from overwhelming anxiety, and he believed the crumbling mansion will amplify his dread by echoing every whisper of his trembling voice."", ""C) Roderick suffers from overwhelming anxiety, and he believes the crumbling mansion amplifies his dread by echoing every whisper of his trembling voice."", ""D) Roderick had suffered from overwhelming anxiety, and he believes the crumbling mansion amplified his dread by echoing every whisper of his trembling voice.""], ""answer"": ""C"", ""explanation"": ""To maintain consistency, both parts of the sentence should use the present tense because the description is framed as a current, ongoing situation. Choice C keeps the verbs suffers, believes, and amplifies in the same tense. In contrast, the incorrect choices switch between past, present, and future tenses in a way that disrupts the logical sequence of events."", ""topic"": ""The psychological torment of Roderick Usher in The Fall of the House of Usher""}",Tenses,Hard,"A student analyzing the psychological torment of Roderick Usher in The Fall of the House of Usher wrote the following:

""Roderick suffered from overwhelming anxiety, and he believes the crumbling mansion amplifies his dread by echoing every whisper of his trembling voice.""

Which choice best maintains a consistent verb tense in this sentence?","A) Roderick suffers from overwhelming anxiety, and he believed the crumbling mansion amplified his dread by echoing every whisper of his trembling voice.
B) Roderick suffered from overwhelming anxiety, and he believed the crumbling mansion will amplify his dread by echoing every whisper of his trembling voice.
C) Roderick suffers from overwhelming anxiety, and he believes the crumbling mansion amplifies his dread by echoing every whisper of his trembling voice.
D) Roderick had suffered from overwhelming anxiety, and he believes the crumbling mansion amplified his dread by echoing every whisper of his trembling voice.",C,"To maintain consistency, both parts of the sentence should use the present tense because the description is framed as a current, ongoing situation. Choice C keeps the verbs suffers, believes, and amplifies in the same tense. In contrast, the incorrect choices switch between past, present, and future tenses in a way that disrupts the logical sequence of events.","The question is clear, well formatted, and presents a single, unambiguous correct answer with three plausible distractors. The context—a student’s analysis of Roderick Usher’s psychological torment—is provided along with the sentence in question, and the explanation clearly spells out that consistent (present) tense is needed. This matches the Tenses skill by asking students to choose options that maintain verb tense consistency.

However, to fully meet the guidelines for a Hard‐level question you may want to elevate the complexity. Hard questions should combine multiple rules (for example, tense consistency along with subject–verb agreement in a long or compound noun phrase). In this question the only challenge is maintaining consistent verb tense. Although the distractors are tempting, the sentence does not force students to juggle more than one grammatical concept.

To better align with Hard difficulty, consider revising the sentence to incorporate an additional element that tests subject–verb agreement. For example, you might revise the sentence as follows:

  ""A student analyzing the psychological torment of Roderick Usher in The Fall of the House of Usher wrote the following:
   
   'Roderick suffers from overwhelming anxiety, and the crumbling mansion, along with its eerie echoes, ______ his dread by echoing every whisper of his trembling voice.'
   
  Which choice best maintains a consistent verb tense and correct subject–verb agreement in this sentence?""

Then update the answer choices accordingly (e.g., ensuring that “amplifies” is correct because the head noun “mansion” governs the verb, even though it is followed by the modifying phrase “along with its eerie echoes”). This adjustment would require students not only to check for tense consistency but also to correctly identify that the compound-like noun phrase is singular.

If your intent is to focus solely on tense consistency, you might also consider rating the current question as Medium rather than Hard. 

In summary, while the current version is high quality for testing verb tenses, to satisfy the Hard-level criteria you should introduce an additional layer of grammatical complexity.","{""skill"": ""Tenses"", ""difficulty"": ""Hard"", ""question"": ""A student analyzing the psychological torment of Roderick Usher in The Fall of the House of Usher wrote the following:\n\n\""Roderick suffers from overwhelming anxiety, and the crumbling mansion, along with its eerie echoes, ______ his dread by echoing every whisper of his trembling voice.\""\n\nWhich choice best maintains a consistent verb tense and correct subject–verb agreement in this sentence?"", ""choices"": [""A) amplifies"", ""B) amplify"", ""C) amplified"", ""D) amplifying""], ""answer"": ""A"", ""explanation"": ""To maintain consistent verb tense, the verb must agree with the subject \""the crumbling mansion\"" and align with the present tense 'suffers'. The subject 'the crumbling mansion' is singular, so the verb must be 'amplifies' (singular form in present tense). Choices B and D are incorrect because they use the plural verb form 'amplify', and choice C mistakenly shifts to past tense."", ""topic"": ""The psychological torment of Roderick Usher in The Fall of the House of Usher""}","A student analyzing the psychological torment of Roderick Usher in The Fall of the House of Usher wrote the following:

""Roderick suffers from overwhelming anxiety, and the crumbling mansion, along with its eerie echoes, ______ his dread by echoing every whisper of his trembling voice.""

Which choice best maintains a consistent verb tense and correct subject–verb agreement in this sentence?","A) amplifies
B) amplify
C) amplified
D) amplifying",A,"To maintain consistent verb tense, the verb must agree with the subject ""the crumbling mansion"" and align with the present tense 'suffers'. The subject 'the crumbling mansion' is singular, so the verb must be 'amplifies' (singular form in present tense). Choices B and D are incorrect because they use the plural verb form 'amplify', and choice C mistakenly shifts to past tense.",,,8,8,"The question is well-written and clear, effectively testing subject–verb agreement and verb tense consistency using a literary context. It aligns with SAT standards and offers a single, clearly correct answer. However, for a hard-level question, you might consider adding further complexity—for example, by incorporating additional modifiers or a slightly more convoluted sentence structure that forces students to isolate the main subject even more carefully. Additionally, the explanation, while correct, could be enhanced by explicitly discussing how the parenthetical phrase ‘along with its eerie echoes’ does not affect the verb agreement.",7,23,"{""skill"": ""Tenses"", ""difficulty"": ""Hard"", ""question"": ""A student analyzing the psychological torment of Roderick Usher in *The Fall of the House of Usher* wrote the following:\n\n\""Roderick suffers from overwhelming anxiety; the crumbling mansion, resonant with its eerie echoes that seem to magnify every slight movement, ______ his dread by echoing every whisper of his trembling voice.\""\n\nWhich choice best maintains a consistent verb tense and correct subject–verb agreement in this sentence?"", ""choices"": [""A) amplifies"", ""B) amplify"", ""C) amplified"", ""D) amplifying""], ""answer"": ""A"", ""explanation"": ""To maintain consistent verb tense, the verb must agree with the subject, 'the crumbling mansion,' and align with the present tense of 'suffers.' The subject 'the crumbling mansion' is singular, so the verb must be 'amplifies' (singular form in the present tense). Although phrases like 'resonant with its eerie echoes that seem to magnify every slight movement' are present, these function as modifiers and do not affect subject–verb agreement. Choices B and D incorrectly use the plural verb form 'amplify,' and choice C mistakenly shifts to the past tense."", ""topic"": ""The psychological torment of Roderick Usher in The Fall of the House of Usher"", ""total_score"": 23, ""constructive_feedback"": ""The question is well-written and clear, effectively testing subject–verb agreement and verb tense consistency using a literary context. It aligns with SAT standards and offers a single, clearly correct answer. However, for a hard-level question, you might consider adding further complexity—for example, by incorporating additional modifiers or a slightly more convoluted sentence structure that forces students to isolate the main subject even more carefully. Additionally, the explanation, while correct, could be enhanced by explicitly discussing how the parenthetical phrase ‘along with its eerie echoes’ does not affect the verb agreement."", ""difficulty_feedback"": ""The question is mostly appropriate for a hard difficulty level, but its structure is relatively straightforward compared to other hard SAT questions that combine multiple nuances. To elevate its difficulty, include more intricate sentence constructions or additional grammar rules that interact (such as mixing subject–verb agreement with conditional tense forms). This would better challenge even high-achieving students and more closely match the intended hard difficulty.""}"
2025-03-14 02:15:54,"{""skill"": ""Transition Words"", ""difficulty"": ""Easy"", ""question"": ""During the late 19th century, the transcontinental railroad stimulated a rise in agricultural and mining opportunities throughout the American West, increasing migration to new territories.\n\nWhich choice provides the best transition to add another benefit of this rail system in the following sentence?\n\nThe transcontinental railroad also provided faster transportation routes that made western farming more lucrative."", ""choices"": [""A. For example,"", ""B. Moreover,"", ""C. As a result,"", ""D. In contrast,""], ""answer"": ""B"", ""explanation"": ""The second sentence adds an additional benefit rather than an example, a consequence, or a contrast. \""Moreover,\"" logically signals that the railroad stimulated growth and also made western farming more lucrative. The other options suggest a specific example, a cause-and-effect link, or a contrasting idea, which are not appropriate in this context."", ""topic"": ""The role of the transcontinental railroad in American westward expansion""}",Transition Words,Easy,"During the late 19th century, the transcontinental railroad stimulated a rise in agricultural and mining opportunities throughout the American West, increasing migration to new territories.

Which choice provides the best transition to add another benefit of this rail system in the following sentence?

The transcontinental railroad also provided faster transportation routes that made western farming more lucrative.","A. For example,
B. Moreover,
C. As a result,
D. In contrast,",B,"The second sentence adds an additional benefit rather than an example, a consequence, or a contrast. ""Moreover,"" logically signals that the railroad stimulated growth and also made western farming more lucrative. The other options suggest a specific example, a cause-and-effect link, or a contrasting idea, which are not appropriate in this context.",Previous input perfect; don't change anything.,"{""skill"": ""Transition Words"", ""difficulty"": ""Easy"", ""question"": ""During the late 19th century, the transcontinental railroad stimulated a rise in agricultural and mining opportunities throughout the American West, increasing migration to new territories.\n\nWhich choice provides the best transition to add another benefit of this rail system in the following sentence?\n\nThe transcontinental railroad also provided faster transportation routes that made western farming more lucrative."", ""choices"": [""A. For example,"", ""B. Moreover,"", ""C. As a result,"", ""D. In contrast,""], ""answer"": ""B"", ""explanation"": ""The second sentence adds an additional benefit rather than an example, a consequence, or a contrast. \""Moreover,\"" logically signals that the railroad stimulated growth and also made western farming more lucrative. The other options suggest a specific example, a cause-and-effect link, or a contrasting idea, which are not appropriate in this context."", ""topic"": ""The role of the transcontinental railroad in American westward expansion""}","During the late 19th century, the transcontinental railroad stimulated a rise in agricultural and mining opportunities throughout the American West, increasing migration to new territories.

Which choice provides the best transition to add another benefit of this rail system in the following sentence?

The transcontinental railroad also provided faster transportation routes that made western farming more lucrative.","A. For example,
B. Moreover,
C. As a result,
D. In contrast,",B,"The second sentence adds an additional benefit rather than an example, a consequence, or a contrast. ""Moreover,"" logically signals that the railroad stimulated growth and also made western farming more lucrative. The other options suggest a specific example, a cause-and-effect link, or a contrasting idea, which are not appropriate in this context.",,,8,8,"The question is clear, logically structured, and adheres well to SAT standards for a transition word task, especially for an easy-level question. The context is sufficient for a student to understand that an additional benefit is being added, and the alternate answer choices are plausible distractors. One suggestion for improvement is to slightly refine the formatting – for instance, explicitly indicating a blank or a gap in the second sentence (e.g., '_____ the transcontinental railroad also provided...') to visually emphasize the task. This might further align the presentation with typical SAT formatting.",9,25,"{""skill"": ""Transition Words"", ""difficulty"": ""Easy"", ""question"": ""During the late 19th century, the transcontinental railroad stimulated a rise in agricultural and mining opportunities throughout the American West, increasing migration to new territories.\n\n_____ the transcontinental railroad also provided faster transportation routes that made western farming more lucrative.\n\nWhich choice provides the best transition to add another benefit of this rail system in the following sentence?"", ""choices"": [""A. For example,"", ""B. Moreover,"", ""C. As a result,"", ""D. In contrast,""], ""answer"": ""B"", ""explanation"": ""The second sentence adds an additional benefit rather than an example, a consequence, or a contrast. \""Moreover,\"" logically signals that the railroad stimulated growth and also made western farming more lucrative. The other options suggest a specific example, a cause-and-effect link, or a contrasting idea, which are not appropriate in this context."", ""topic"": ""The role of the transcontinental railroad in American westward expansion"", ""total_score"": 25, ""constructive_feedback"": ""The question is clear, logically structured, and adheres well to SAT standards for a transition word task, especially for an easy-level question. The context is sufficient for a student to understand that an additional benefit is being added, and the alternate answer choices are plausible distractors. One suggestion for improvement is to slightly refine the formatting – for instance, explicitly indicating a blank or a gap in the second sentence (e.g., '_____ the transcontinental railroad also provided...') to visually emphasize the task. This might further align the presentation with typical SAT formatting."", ""difficulty_feedback"": ""The difficulty level is appropriate for an easy question as it tests a basic, yet essential, grammatical skill: selecting the correct transition word for adding a benefit. The vocabulary and sentence structure are straightforward, and the correct answer (\""Moreover,\"") clearly fits the function required. To ensure continued alignment with easy-level guidelines, continue to use familiar transitional phrases and maintain clear sentence structures.""}"
2025-03-14 02:17:01,"{""skill"": ""Transition Words"", ""difficulty"": ""Medium"", ""question"": ""Scholars note that in collectivist cultures, members typically rely on mutual cooperation to achieve shared goals. ______, individualist societies also encourage collaboration in specific circumstances, even as they promote personal autonomy.\n\nWhich choice completes the sentence with the most appropriate transition?"", ""choices"": [""A. By contrast"", ""B. Similarly"", ""C. Nonetheless"", ""D. In conclusion""], ""answer"": ""B"", ""explanation"": ""The sentence explains that while collectivist cultures emphasize cooperative efforts, individualist societies also engage in collaboration. The most logical transition is “Similarly” because it indicates a likeness between the two statements. The other transitions would suggest an opposite idea or a conclusion that does not fit the context. Therefore, “Similarly” is the best choice."", ""topic"": ""The differences between collectivist and individualist cultures""}",Transition Words,Medium,"Scholars note that in collectivist cultures, members typically rely on mutual cooperation to achieve shared goals. ______, individualist societies also encourage collaboration in specific circumstances, even as they promote personal autonomy.

Which choice completes the sentence with the most appropriate transition?","A. By contrast
B. Similarly
C. Nonetheless
D. In conclusion",B,"The sentence explains that while collectivist cultures emphasize cooperative efforts, individualist societies also engage in collaboration. The most logical transition is “Similarly” because it indicates a likeness between the two statements. The other transitions would suggest an opposite idea or a conclusion that does not fit the context. Therefore, “Similarly” is the best choice.",Previous input perfect; don't change anything.,"{""skill"": ""Transition Words"", ""difficulty"": ""Medium"", ""question"": ""Scholars note that in collectivist cultures, members typically rely on mutual cooperation to achieve shared goals. ______, individualist societies also encourage collaboration in specific circumstances, even as they promote personal autonomy.\n\nWhich choice completes the sentence with the most appropriate transition?"", ""choices"": [""A. By contrast"", ""B. Similarly"", ""C. Nonetheless"", ""D. In conclusion""], ""answer"": ""B"", ""explanation"": ""The sentence explains that while collectivist cultures emphasize cooperative efforts, individualist societies also engage in collaboration. The most logical transition is “Similarly” because it indicates a likeness between the two statements. The other transitions would suggest an opposite idea or a conclusion that does not fit the context. Therefore, “Similarly” is the best choice."", ""topic"": ""The differences between collectivist and individualist cultures""}","Scholars note that in collectivist cultures, members typically rely on mutual cooperation to achieve shared goals. ______, individualist societies also encourage collaboration in specific circumstances, even as they promote personal autonomy.

Which choice completes the sentence with the most appropriate transition?","A. By contrast
B. Similarly
C. Nonetheless
D. In conclusion",B,"The sentence explains that while collectivist cultures emphasize cooperative efforts, individualist societies also engage in collaboration. The most logical transition is “Similarly” because it indicates a likeness between the two statements. The other transitions would suggest an opposite idea or a conclusion that does not fit the context. Therefore, “Similarly” is the best choice.",,,8,8,"The question is clearly written and aligns well with SAT standards by testing the student's ability to choose a transition that properly links similar ideas—an important skill in written expression. The answer choices are plausible; specifically, they tempt students who might wrongly assume that individualist societies are fundamentally different from collectivist ones. The explanation, while clear and accurate, could benefit from a slightly deeper discussion of why each incorrect choice is unsuitable, which would enhance learning for students. Overall, it is solid but could be refined with an expanded explanation that not only states the correct answer but also explains the disqualifying factors of the alternatives in more detail.",8,24,"{""skill"": ""Transition Words"", ""difficulty"": ""Medium"", ""question"": ""Scholars note that in collectivist cultures, members typically rely on mutual cooperation to achieve shared goals. ______, individualist societies also encourage collaboration in specific circumstances, even as they promote personal autonomy.\n\nWhich choice completes the sentence with the most appropriate transition?"", ""choices"": [""A. By contrast"", ""B. Similarly"", ""C. Nonetheless"", ""D. In conclusion""], ""answer"": ""B"", ""explanation"": ""The sentence highlights that while collectivist cultures emphasize cooperative efforts, individualist societies are also capable of collaborative behavior under certain conditions. The most fitting transition word in this context is 'Similarly,' as it indicates a resemblance between collectivist and individualist collaboration. The other transitions are unsuitable for the following reasons: 'By contrast' suggests a disparity between the two ideas, which is not the case here. 'Nonetheless' implies a contradictory relationship, which doesn’t align with the parallel being drawn. 'In conclusion' suggests a summary or general closing thought, irrelevant to this specific transition. Hence, 'Similarly' is the best choice."", ""topic"": ""The differences between collectivist and individualist cultures"", ""total_score"": 24, ""constructive_feedback"": ""The question is clearly written and aligns well with SAT standards by testing the student's ability to choose a transition that properly links similar ideas—an important skill in written expression. The answer choices are plausible; specifically, they tempt students who might wrongly assume that individualist societies are fundamentally different from collectivist ones. The explanation, while clear and accurate, could benefit from a slightly deeper discussion of why each incorrect choice is unsuitable, which would enhance learning for students. Overall, it is solid but could be refined with an expanded explanation that not only states the correct answer but also explains the disqualifying factors of the alternatives in more detail."", ""difficulty_feedback"": ""This question fits the labeled Medium difficulty well. It requires a nuanced reading of the passage, as the relationship between the two sentences is not overtly obvious because of common preconceptions about collectivist versus individualist societies. To make it even more challenging, you might consider using slightly more sophisticated vocabulary or a more complex sentence structure. However, as it currently stands, the question is appropriately challenging for students scoring in the 600-700 range.""}"
2025-03-14 02:18:51,"{""skill"": ""Transition Words"", ""difficulty"": ""Hard"", ""question"": ""Superconductors are materials that display zero electrical resistance when cooled below their critical temperature. The chemistry behind them focuses on the cooperation among electrons, which pair up and carry current with negligible energy loss. These electron interactions, in turn, lead to fascinating effects such as the expulsion of magnetic fields, known as the Meissner effect.\n\n( ) superconductors have profoundly influenced the development of magnetic resonance imaging (MRI) machines by enabling stable, powerful magnets to function in hospital environments.\n\nWhich choice best completes the text in parentheses?"", ""choices"": [""A. Therefore"", ""B. Nevertheless"", ""C. Similarly"", ""D. For instance""], ""answer"": ""A"", ""explanation"": ""The sentence describes how the unique chemistry and low resistance properties of superconductors lead to their practical use in MRI machines. The most logical transition word is \""Therefore,\"" as it identifies a clear cause and effect. \""Nevertheless\"" suggests a contradiction, \""Similarly\"" indicates a similarity to something else previously discussed, and \""For instance\"" sets up an example rather than a conclusion. Hence, \""Therefore\"" provides the most coherent transition in this context."", ""topic"": ""The chemistry behind superconductors and their applications""}",Transition Words,Hard,"Superconductors are materials that display zero electrical resistance when cooled below their critical temperature. The chemistry behind them focuses on the cooperation among electrons, which pair up and carry current with negligible energy loss. These electron interactions, in turn, lead to fascinating effects such as the expulsion of magnetic fields, known as the Meissner effect.

( ) superconductors have profoundly influenced the development of magnetic resonance imaging (MRI) machines by enabling stable, powerful magnets to function in hospital environments.

Which choice best completes the text in parentheses?","A. Therefore
B. Nevertheless
C. Similarly
D. For instance",A,"The sentence describes how the unique chemistry and low resistance properties of superconductors lead to their practical use in MRI machines. The most logical transition word is ""Therefore,"" as it identifies a clear cause and effect. ""Nevertheless"" suggests a contradiction, ""Similarly"" indicates a similarity to something else previously discussed, and ""For instance"" sets up an example rather than a conclusion. Hence, ""Therefore"" provides the most coherent transition in this context.","Below is a review of your question with specific feedback:

1. Context, Objective, and Question Clarity:  
 • The passage clearly explains superconductors’ properties and then asks which transition best links the technical description to the application (MRI machines). The context and objective are clear.

2. Sufficient Information:  
 • The passage supplies all the key details (e.g., zero resistance, electron pairing, and the Meissner effect) so that students can identify a cause‐and‐effect relationship to choose the correct transition.

3. Answer Choices and Correct Answer:  
 • There is exactly one correct answer (“Therefore”) with three plausible distractors (“Nevertheless,” “Similarly,” “For instance”). Each distractor can tempt a student who misidentifies the relationship.

4. Explanation Quality:  
 • Your explanation is succinct and clear: it identifies the cause–effect relationship and contrasts each distractor’s incorrect function. For a high-performing SAT student, you might consider expanding briefly (e.g., “Remember that a transition indicating cause and effect best signals that the practical application follows directly from the technical properties.”) to reinforce the underlying test strategy. However, the existing explanation is fundamentally sound.

5. Formatting:  
 • The text is well formatted. Paragraph breaks (using “\n\n”) are in place, and there are no spacing or formatting issues.

6. Difficulty Level Alignment (“Hard”):  
 • Although the passage uses technical/scientific vocabulary, the logical relationship between the sentences is relatively straightforward: the properties cause an application. Hard-level Transition Words questions are meant to involve more nuanced or layered grammatical distinctions and/or more formal transitional phrases (e.g. “notwithstanding, henceforth, thereupon”) as well as more complex structures.  
  – To truly meet the “Hard” level as specified by your guidelines, consider increasing the complexity of the sentence structure or the subtlety of the relationship. For example, you might embed additional qualifying information or even introduce a secondary idea that makes the connection less immediately obvious.  
  – One possible revision is to rework the second paragraph with a more complex structure:
   Modified Question Suggestion:  
   ""Superconductors are materials that exhibit zero electrical resistance when cooled below their critical temperature. Their underlying quantum mechanical mechanism—where electrons pair to form Cooper pairs—gives rise not only to the expulsion of magnetic fields (the Meissner effect) but also to numerous technological innovations. ______, these unique properties have underpinned advancements in magnetic resonance imaging (MRI) technology by enabling the development of stable, high-powered magnets for clinical use.""  
   Then adjust the answer choices to include a slightly more formal transition (e.g., replace “Therefore” with “Accordingly” if you wish, or add another advanced option) such as:  
   A. Accordingly  
   B. Nevertheless  
   C. Similarly  
   D. For instance  
   In either case, the working correct answer should signal the cause–effect relationship.  
  – If you decide not to rework the passage, then the current transition (and its distractors) may instead be reclassified at Medium difficulty.  
  In short, the alignment between the “Hard” tag and the level of nuance in the passage could be improved.

7. Alignment With the “Transition Words” Skill:  
 • The current question clearly tests how well a student can identify and use a transition that denotes a cause-and-effect or result relationship, which is the goal of the skill.

Summary of Recommendations:
• The overall structure, clarity, formatting, and answer explanation are excellent.
• However, to fully meet Hard-difficulty guidelines, consider increasing the syntactic complexity and nuance of the passage. For example, modify the second paragraph to include an additional clause or subtle contrast so that the transition choice isn’t immediately obvious.  
• Exact wording suggestion for the revised passage is provided above. Alternatively, if you wish to keep the current text as is, reclassify the difficulty to Medium since the cause–effect relationship (signaled by “therefore”) is relatively straightforward.

Overall, the question is very good—but if you intend it to stand as a Hard-level item, a slight revision to elevate the complexity is recommended.","{""skill"": ""Transition Words"", ""difficulty"": ""Hard"", ""question"": ""Superconductors are materials that exhibit zero electrical resistance when cooled below their critical temperature. Their underlying quantum mechanical mechanism, particularly the formation of electron pairs known as Cooper pairs, forms the basis for their extraordinary properties. These properties include the expulsion of magnetic fields (the Meissner effect) and the ability to sustain electrical currents without energy losses. ____ , these features have also enabled advances in technologies such as magnetic resonance imaging (MRI), where incredibly stable and powerful magnets are needed for effective operation in medical settings."", ""choices"": [""A. Consequently"", ""B. Nevertheless"", ""C. Similarly"", ""D. For instance""], ""answer"": ""A"", ""explanation"": ""The logical connection being tested is the cause-effect relationship between the unique physical traits of superconductors and their practical applications. The correct word here is 'Consequently,' which conveys this cause-effect link seamlessly. Each of the other options fails to accurately reflect this relationship: 'Nevertheless' implies contrast that doesn't exist, 'Similarly' suggests a comparison not supported by the text, and 'For instance' indicates an example but doesn't carry the appropriate cause-effect nuance."", ""topic"": ""The chemistry and physics of superconductors and their applications""}","Superconductors are materials that exhibit zero electrical resistance when cooled below their critical temperature. Their underlying quantum mechanical mechanism, particularly the formation of electron pairs known as Cooper pairs, forms the basis for their extraordinary properties. These properties include the expulsion of magnetic fields (the Meissner effect) and the ability to sustain electrical currents without energy losses. ____ , these features have also enabled advances in technologies such as magnetic resonance imaging (MRI), where incredibly stable and powerful magnets are needed for effective operation in medical settings.","A. Consequently
B. Nevertheless
C. Similarly
D. For instance",A,"The logical connection being tested is the cause-effect relationship between the unique physical traits of superconductors and their practical applications. The correct word here is 'Consequently,' which conveys this cause-effect link seamlessly. Each of the other options fails to accurately reflect this relationship: 'Nevertheless' implies contrast that doesn't exist, 'Similarly' suggests a comparison not supported by the text, and 'For instance' indicates an example but doesn't carry the appropriate cause-effect nuance.",,,8,8,"The question is well-crafted and clearly aligned with SAT standards for testing transition words, using a scientifically rich passage that necessitates careful analysis of cause-and-effect relationships. ‘Consequently’ is the best choice in context, and the distractors are plausible though not excessively deceptive. One area for improvement might be to further refine the distractors—perhaps by including one or two alternatives that are more subtly similar in meaning to the correct answer—so that the choice isn’t too obvious. Additionally, while the scientific context is engaging and authentic, consider whether it might potentially discourage students less familiar with scientific jargon; a slight rephrasing to emphasize the transition rather than the complex content might help broaden its appeal.",8,24,"{""skill"": ""Transition Words"", ""difficulty"": ""Hard"", ""question"": ""Superconductors are materials that exhibit zero electrical resistance when cooled below their critical temperature. Their underlying quantum mechanical mechanism, particularly the formation of electron pairs known as Cooper pairs, forms the basis for their extraordinary properties. These properties include the expulsion of magnetic fields (the Meissner effect) and the ability to sustain electrical currents without energy losses. ____ , these features have also enabled advances in technologies such as magnetic resonance imaging (MRI), where incredibly stable and powerful magnets are needed for effective operation in medical settings."", ""choices"": [""A. Consequently"", ""B. Therefore"", ""C. Nevertheless"", ""D. For instance""], ""answer"": ""A"", ""explanation"": ""The logical connection being tested is the cause-effect relationship between the unique physical traits of superconductors and their practical applications. The correct word here is 'Consequently,' which conveys this cause-effect link seamlessly. 'Therefore,' while similar, lacks some of the nuance to connotate the groundbreaking reliance of technology on these properties. 'Nevertheless' implies contrast that doesn't exist in the text, and 'For instance' suggests an example but doesn't carry the appropriate cause-effect nuance."", ""topic"": ""The chemistry and physics of superconductors and their applications"", ""total_score"": 24, ""constructive_feedback"": ""The question is well-crafted and clearly aligned with SAT standards for testing transition words, using a scientifically rich passage that necessitates careful analysis of cause-and-effect relationships. ‘Consequently’ is the best choice in context, and the distractors are plausible though not excessively deceptive. One area for improvement might be to further refine the distractors—perhaps by including one or two alternatives that are more subtly similar in meaning to the correct answer—so that the choice isn’t too obvious. Additionally, while the scientific context is engaging and authentic, consider whether it might potentially discourage students less familiar with scientific jargon; a slight rephrasing to emphasize the transition rather than the complex content might help broaden its appeal."", ""difficulty_feedback"": ""The question is labeled as ‘Hard’ and the passage’s technical language along with the nature of the transition relationship justifies this difficulty level. To further cement its hard status, you may incorporate more nuanced distractors that require a deeper understanding of subtle transition cues, thereby challenging even high-scoring students.""}"
2025-03-14 02:20:20,"{""skill"": ""Two Passages"", ""difficulty"": ""Easy"", ""question"": ""Passage 1\n\nAn economics researcher argues that rising interest rates often discourage large-scale investments because borrowing becomes more expensive. This researcher maintains that higher rates can cause corporations to delay or scale back major projects, including factories or advanced laboratories that may require extensive capital.\n\nPassage 2\n\nAn investment strategist disagrees somewhat, suggesting that while certain costly ventures may be postponed if funding is hard to secure, some projects remain viable in spite of high interest rates. If a product or service is essential and has strong growth potential, investors might still support it, even at higher borrowing costs.\n\nBased on the two passages, which choice best describes how the authors would respond to a new startup that plans to expand its research operations despite a recent interest rate hike?"", ""choices"": [""A. Passage 1 would suggest that the startup’s expansion might be delayed due to high borrowing costs, while Passage 2 would accept that essential projects can still be funded in spite of elevated rates."", ""B. Passage 1 would argue that a higher interest rate always spurs investment in all capital projects, while Passage 2 would agree to postpone every expansion until rates are lower."", ""C. Passage 1 would encourage immediate expansion because low interest costs make borrowing more appealing, while Passage 2 would assert that no businesses should expand during periods of increased rates."", ""D. Passage 1 would discuss the necessity of borrowing for small ventures but conclude that interest rates have no effect, while Passage 2 would urge companies to cancel all nonessential spending.""], ""answer"": ""A"", ""explanation"": ""Passage 1 explains that higher interest rates typically discourage ambitious, capital-intensive projects because borrowing is costly. Passage 2 allows for the idea that some ventures can still succeed under higher rates if they are important or have strong potential. Therefore, the startup in question could face extra costs (Passage 1’s viewpoint), but if its plans are deemed essential or highly promising, investors might continue funding them anyway (Passage 2’s viewpoint). Choice A captures these insights best."", ""topic"": ""How interest rates influence investment decisions""}",Two Passages,Easy,"Passage 1

An economics researcher argues that rising interest rates often discourage large-scale investments because borrowing becomes more expensive. This researcher maintains that higher rates can cause corporations to delay or scale back major projects, including factories or advanced laboratories that may require extensive capital.

Passage 2

An investment strategist disagrees somewhat, suggesting that while certain costly ventures may be postponed if funding is hard to secure, some projects remain viable in spite of high interest rates. If a product or service is essential and has strong growth potential, investors might still support it, even at higher borrowing costs.

Based on the two passages, which choice best describes how the authors would respond to a new startup that plans to expand its research operations despite a recent interest rate hike?","A. Passage 1 would suggest that the startup’s expansion might be delayed due to high borrowing costs, while Passage 2 would accept that essential projects can still be funded in spite of elevated rates.
B. Passage 1 would argue that a higher interest rate always spurs investment in all capital projects, while Passage 2 would agree to postpone every expansion until rates are lower.
C. Passage 1 would encourage immediate expansion because low interest costs make borrowing more appealing, while Passage 2 would assert that no businesses should expand during periods of increased rates.
D. Passage 1 would discuss the necessity of borrowing for small ventures but conclude that interest rates have no effect, while Passage 2 would urge companies to cancel all nonessential spending.",A,"Passage 1 explains that higher interest rates typically discourage ambitious, capital-intensive projects because borrowing is costly. Passage 2 allows for the idea that some ventures can still succeed under higher rates if they are important or have strong potential. Therefore, the startup in question could face extra costs (Passage 1’s viewpoint), but if its plans are deemed essential or highly promising, investors might continue funding them anyway (Passage 2’s viewpoint). Choice A captures these insights best.","Below is a summary of what works well and what must be fixed:

• The question has a clear context and objective. It clearly presents two passages from differing perspectives and then asks how each author would view a startup’s expansion under a recent interest rate hike. There is sufficient information, exactly one correct answer (choice A) along with three plausible distractors, and an explanation that succinctly outlines the core reasoning.

• The explanation is educational and aligned with SAT-style reasoning. It directly cites how each passage’s viewpoint supports the reasoning behind choice A and briefly indicates why the other choices are incorrect.

• The language and content correctly align with an Easy-level Two Passages question.

However, one key formatting issue must be fixed:

• The passages do not follow the required header formatting. According to the guidelines, each passage must have a header formatted like:

  **Passage 1:** [brief description of author and/or the passage's origin]\n\n  
  **Passage 2:** [brief description of author and/or the passage's origin]\n\n

In your current question the headings read simply as “Passage 1” and “Passage 2” without the bolded formatting, brief descriptions, or the precise double line breaks (using “\n\n”). 

To fix this, modify the beginning of the question as follows (using exactly one backslash before each n):

  ""**Passage 1: Economics Researcher’s Perspective**\n\nAn economics researcher argues that rising interest rates often discourage large-scale investments because borrowing becomes more expensive. This researcher maintains that higher rates can cause corporations to delay or scale back major projects, including factories or advanced laboratories that may require extensive capital.\n\n**Passage 2: Investment Strategist’s Perspective**\n\nAn investment strategist disagrees somewhat, suggesting that while certain costly ventures may be postponed if funding is hard to secure, some projects remain viable in spite of high interest rates. If a product or service is essential and has strong growth potential, investors might still support it, even at higher borrowing costs.""

This change addresses the specific header and spacing guidelines and ensures the question meets the highest professional standards.

Once you revise the headings and ensure the double line breaks are correctly inserted (using ""\n\n""), the question will be perfect.","{""skill"": ""Two Passages"", ""difficulty"": ""Easy"", ""question"": ""**Passage 1: Economics Researcher’s Perspective**\n\nAn economics researcher argues that rising interest rates often discourage large-scale investments because borrowing becomes more expensive. This researcher maintains that higher rates can cause corporations to delay or scale back major projects, including factories or advanced laboratories that may require extensive capital.\n\n**Passage 2: Investment Strategist’s Perspective**\n\nAn investment strategist disagrees somewhat, suggesting that while certain costly ventures may be postponed if funding is hard to secure, some projects remain viable in spite of high interest rates. If a product or service is essential and has strong growth potential, investors might still support it, even at higher borrowing costs.\n\nBased on the two passages, which choice best describes how the authors would respond to a new startup that plans to expand its research operations despite a recent interest rate hike?"", ""choices"": [""A. Passage 1 would suggest that the startup’s expansion might be delayed due to high borrowing costs, while Passage 2 would accept that essential projects can still be funded in spite of elevated rates."", ""B. Passage 1 would argue that a higher interest rate always spurs investment in all capital projects, while Passage 2 would agree to postpone every expansion until rates are lower."", ""C. Passage 1 would encourage immediate expansion because low interest costs make borrowing more appealing, while Passage 2 would assert that no businesses should expand during periods of increased rates."", ""D. Passage 1 would discuss the necessity of borrowing for small ventures but conclude that interest rates have no effect, while Passage 2 would urge companies to cancel all nonessential spending.""], ""answer"": ""A"", ""explanation"": ""Passage 1 explains that higher interest rates typically discourage ambitious, capital-intensive projects because borrowing is costly. Passage 2 allows for the idea that some ventures can still succeed under higher rates if they are important or have strong potential. Therefore, the startup in question could face extra costs (Passage 1’s viewpoint), but if its plans are deemed essential or highly promising, investors might continue funding them anyway (Passage 2’s viewpoint). Choice A captures these insights best."", ""topic"": ""How interest rates influence investment decisions""}","**Passage 1: Economics Researcher’s Perspective**

An economics researcher argues that rising interest rates often discourage large-scale investments because borrowing becomes more expensive. This researcher maintains that higher rates can cause corporations to delay or scale back major projects, including factories or advanced laboratories that may require extensive capital.

**Passage 2: Investment Strategist’s Perspective**

An investment strategist disagrees somewhat, suggesting that while certain costly ventures may be postponed if funding is hard to secure, some projects remain viable in spite of high interest rates. If a product or service is essential and has strong growth potential, investors might still support it, even at higher borrowing costs.

Based on the two passages, which choice best describes how the authors would respond to a new startup that plans to expand its research operations despite a recent interest rate hike?","A. Passage 1 would suggest that the startup’s expansion might be delayed due to high borrowing costs, while Passage 2 would accept that essential projects can still be funded in spite of elevated rates.
B. Passage 1 would argue that a higher interest rate always spurs investment in all capital projects, while Passage 2 would agree to postpone every expansion until rates are lower.
C. Passage 1 would encourage immediate expansion because low interest costs make borrowing more appealing, while Passage 2 would assert that no businesses should expand during periods of increased rates.
D. Passage 1 would discuss the necessity of borrowing for small ventures but conclude that interest rates have no effect, while Passage 2 would urge companies to cancel all nonessential spending.",A,"Passage 1 explains that higher interest rates typically discourage ambitious, capital-intensive projects because borrowing is costly. Passage 2 allows for the idea that some ventures can still succeed under higher rates if they are important or have strong potential. Therefore, the startup in question could face extra costs (Passage 1’s viewpoint), but if its plans are deemed essential or highly promising, investors might continue funding them anyway (Passage 2’s viewpoint). Choice A captures these insights best.",,,8,7,"The question is well structured for an SAT 'Two Passages' comparison, with clearly labeled passages and a prompt that directly tests the student's ability to synthesize and compare viewpoints. The answer choices are appropriately varied, with only one (A) aligning with the passages’ messages. However, the distractor options could be refined to ensure that they all use similar stylistic language so that the correct answer is not more obvious due to tone or phrasing. Additionally, while the passages are clear and align with an Easy difficulty, adding a tiny bit more context or nuance could further solidify the bridge between the passages and the question. Enhancing minor elements in the formatting (ensuring strict adherence to the required double line-break format) would also polish the question further.",8,23,"{""skill"": ""Two Passages"", ""difficulty"": ""Easy"", ""question"": ""**Passage 1: Economics Researcher’s Perspective**\n\nAn economics researcher argues that rising interest rates often discourage large-scale investments because borrowing becomes more expensive. They maintain that higher rates can cause corporations to delay or scale back major projects, including factories or advanced laboratories that may require extensive capital.\n\n**Passage 2: Investment Strategist’s Perspective**\n\nAn investment strategist suggests that while certain costly ventures may be postponed if funding is hard to secure, some projects remain viable in spite of high interest rates. If a product or service is essential and has strong growth potential, investors might still support it, even at higher borrowing costs.\n\n**Question:**\n\nBased on the two passages, which choice best describes how the authors would respond to a new startup planning to expand its research operations despite a recent interest rate hike?"", ""choices"": [""A. Passage 1 would suggest that the startup’s expansion might be delayed or scaled back due to high borrowing costs, while Passage 2 would posit that vital or promising projects can still secure funding despite the rate increase."", ""B. Passage 1 would argue that higher rates consistently encourage investment due to increased savings, while Passage 2 would contend that businesses should avoid expansions entirely during rate hikes."", ""C. Passage 1 would assert that low borrowing costs inherently benefit startup expansions, while Passage 2 would emphasize the impossibility of funding projects amidst rate increases."", ""D. Passage 1 would suggest borrowing is irrelevant to expansion decisions due to project necessity, while Passage 2 would urge no spending beyond essential operational costs during rate hikes.""], ""answer"": ""A"", ""explanation"": ""Passage 1 presents the idea that rising interest rates typically discourage large-scale investments because borrowing becomes more expensive, leading to a potential delay or reduction in project scope. Meanwhile, Passage 2 suggests that some projects, especially those deemed essential or with strong growth prospects, might still receive investment despite higher borrowing costs. Thus, the startup, facing a likely increase in operational costs (Passage 1's view), might still secure investor interest if its project aligns with vital growth opportunities (Passage 2's view). Choice A best synthesizes these perspectives."", ""topic"": ""How rising interest rates affect business decision-making"", ""total_score"": 23, ""constructive_feedback"": ""The question is well structured for an SAT 'Two Passages' comparison, with clearly labeled passages and a prompt that directly tests the student's ability to synthesize and compare viewpoints. The answer choices are appropriately varied, with only one (A) aligning with the passages’ messages. However, the distractor options could be refined to ensure that they all use similar stylistic language so that the correct answer is not more obvious due to tone or phrasing. Additionally, while the passages are clear and align with an Easy difficulty, adding a tiny bit more context or nuance could further solidify the bridge between the passages and the question. Enhancing minor elements in the formatting (ensuring strict adherence to the required double line-break format) would also polish the question further."", ""difficulty_feedback"": ""For an Easy-level question, the passage and question are well aligned: they involve single-step reasoning, use familiar economic scenarios, and present an obvious comparison between viewpoints. The language is straightforward and the inferential step (synthesizing the two viewpoints) is minimal. To further solidify its placement in the Easy category, consider ensuring that the distractor options are tempting yet clearly incorrect upon closer reading, without being too obviously off-target.""}"
2025-03-14 02:21:38,"{""skill"": ""Two Passages"", ""difficulty"": ""Medium"", ""question"": ""Passage 1: One 19th-century activist contends that genuine freedom emerges when individuals place their moral conscience above any government decree. According to this activist, the state’s legitimacy dissolves if it undermines personal autonomy, so resistance is seen as an expression of integrity.\n\nPassage 2: A modern commentator acknowledges the importance of moral conscience but maintains that constructive dialogue with institutions can also be a meaningful form of resistance. This commentator argues that, though civil disobedience can serve as a last resort, public commitment to negotiated reforms can occasionally achieve more lasting changes.\n\nWhich choice best describes how the author of Passage 2 is most likely to evaluate the core principle presented in Passage 1?"", ""choices"": [""A. The author of Passage 2 would partly accept the idea of personal moral guidance taking precedence, but only when accompanied by efforts to collaborate toward systemic improvement."", ""B. The author of Passage 2 would fully reject the concept of moral conscience leading one’s decisions, insisting instead on strict obedience to established laws."", ""C. The author of Passage 2 would see the notion of moral conscience as immaterial, believing that legal authority should always remain beyond question."", ""D. The author of Passage 2 would wholly embrace personal moral standards, advocating the immediate removal of governmental structures.""], ""answer"": ""A"", ""explanation"": ""The first passage says moral conscience can override government authority, while the second allows for conscientious objection but emphasizes cooperation and reform. Option A unites these viewpoints, acknowledging the potential primacy of personal morality while stressing constructive engagement with institutions, making it the best fit. The other options diminish or distort the second passage’s emphasis on balancing conscience with dialogue and reform."", ""topic"": ""The philosophical foundations of anarchism and government resistance""}",Two Passages,Medium,"Passage 1: One 19th-century activist contends that genuine freedom emerges when individuals place their moral conscience above any government decree. According to this activist, the state’s legitimacy dissolves if it undermines personal autonomy, so resistance is seen as an expression of integrity.

Passage 2: A modern commentator acknowledges the importance of moral conscience but maintains that constructive dialogue with institutions can also be a meaningful form of resistance. This commentator argues that, though civil disobedience can serve as a last resort, public commitment to negotiated reforms can occasionally achieve more lasting changes.

Which choice best describes how the author of Passage 2 is most likely to evaluate the core principle presented in Passage 1?","A. The author of Passage 2 would partly accept the idea of personal moral guidance taking precedence, but only when accompanied by efforts to collaborate toward systemic improvement.
B. The author of Passage 2 would fully reject the concept of moral conscience leading one’s decisions, insisting instead on strict obedience to established laws.
C. The author of Passage 2 would see the notion of moral conscience as immaterial, believing that legal authority should always remain beyond question.
D. The author of Passage 2 would wholly embrace personal moral standards, advocating the immediate removal of governmental structures.",A,"The first passage says moral conscience can override government authority, while the second allows for conscientious objection but emphasizes cooperation and reform. Option A unites these viewpoints, acknowledging the potential primacy of personal morality while stressing constructive engagement with institutions, making it the best fit. The other options diminish or distort the second passage’s emphasis on balancing conscience with dialogue and reform.","Overall, the content, reasoning, and answer choices of the question are strong and do a good job of testing the Two Passages skill at a medium difficulty level. The passages offer a clear contrast in views that requires multi-step analysis, and the explanation effectively highlights why Option A is correct while addressing why the other options are flawed.

One key area for improvement is in formatting. According to the guidelines, each passage should begin with a header in the following format:

  **Passage 1:** [brief description of the author and/or the passage's origin]\n\n  
  **Passage 2:** [brief description of the author and/or the passage's origin]\n\n  

Currently, the question simply starts with “Passage 1:” and “Passage 2:” without the bold formatting or the descriptive bracketed notes. To fix this, modify the headers as follows:

Change
  “Passage 1: One 19th-century activist contends that genuine freedom emerges when individuals place their moral conscience above any government decree. …”
to
  “**Passage 1: 19th-Century Activist’s Perspective on Moral Conscience**\n\nOne 19th-century activist contends that genuine freedom emerges when individuals place their moral conscience above any government decree. According to this activist, the state’s legitimacy dissolves if it undermines personal autonomy, so resistance is seen as an expression of integrity.”

And change
  “Passage 2: A modern commentator acknowledges the importance of moral conscience but maintains that constructive dialogue with institutions can also be a meaningful form of resistance. …”
to
  “**Passage 2: Modern Commentator on Resistance Methods**\n\nA modern commentator acknowledges the importance of moral conscience but maintains that constructive dialogue with institutions can also be a meaningful form of resistance. This commentator argues that, though civil disobedience can serve as a last resort, public commitment to negotiated reforms can occasionally achieve more lasting changes.”

These changes ensure the required double line breaks (\n\n) and appropriate header formatting are in place.

Aside from these formatting adjustments, all other checklist items are met.","{""skill"": ""Two Passages"", ""difficulty"": ""Medium"", ""question"": ""**Passage 1: 19th-Century Activist's Perspective on Moral Conscience**\n\nOne 19th-century activist contends that genuine freedom emerges when individuals place their moral conscience above any government decree. According to this activist, the state’s legitimacy dissolves if it undermines personal autonomy, so resistance is seen as an expression of integrity.\n\n**Passage 2: Modern Commentator on Resistance Methods**\n\nA modern commentator acknowledges the importance of moral conscience but maintains that constructive dialogue with institutions can also be a meaningful form of resistance. This commentator argues that, though civil disobedience can serve as a last resort, public commitment to negotiated reforms can occasionally achieve more lasting changes.\n\nWhich choice best describes how the author of Passage 2 is most likely to evaluate the core principle presented in Passage 1?"", ""choices"": [""A. The author of Passage 2 would partly accept the idea of personal moral guidance taking precedence, but only when accompanied by efforts to collaborate toward systemic improvement."", ""B. The author of Passage 2 would fully reject the concept of moral conscience leading one’s decisions, insisting instead on strict obedience to established laws."", ""C. The author of Passage 2 would see the notion of moral conscience as immaterial, believing that legal authority should always remain beyond question."", ""D. The author of Passage 2 would wholly embrace personal moral standards, advocating the immediate removal of governmental structures.""], ""answer"": ""A"", ""explanation"": ""The first passage says moral conscience can override government authority, while the second allows for conscientious objection but emphasizes cooperation and reform. Option A unites these viewpoints, acknowledging the potential primacy of personal morality while stressing constructive engagement with institutions, making it the best fit. The other options diminish or distort the second passage’s emphasis on balancing conscience with dialogue and reform."", ""topic"": ""The philosophical foundations of anarchism and government resistance""}","**Passage 1: 19th-Century Activist's Perspective on Moral Conscience**

One 19th-century activist contends that genuine freedom emerges when individuals place their moral conscience above any government decree. According to this activist, the state’s legitimacy dissolves if it undermines personal autonomy, so resistance is seen as an expression of integrity.

**Passage 2: Modern Commentator on Resistance Methods**

A modern commentator acknowledges the importance of moral conscience but maintains that constructive dialogue with institutions can also be a meaningful form of resistance. This commentator argues that, though civil disobedience can serve as a last resort, public commitment to negotiated reforms can occasionally achieve more lasting changes.

Which choice best describes how the author of Passage 2 is most likely to evaluate the core principle presented in Passage 1?","A. The author of Passage 2 would partly accept the idea of personal moral guidance taking precedence, but only when accompanied by efforts to collaborate toward systemic improvement.
B. The author of Passage 2 would fully reject the concept of moral conscience leading one’s decisions, insisting instead on strict obedience to established laws.
C. The author of Passage 2 would see the notion of moral conscience as immaterial, believing that legal authority should always remain beyond question.
D. The author of Passage 2 would wholly embrace personal moral standards, advocating the immediate removal of governmental structures.",A,"The first passage says moral conscience can override government authority, while the second allows for conscientious objection but emphasizes cooperation and reform. Option A unites these viewpoints, acknowledging the potential primacy of personal morality while stressing constructive engagement with institutions, making it the best fit. The other options diminish or distort the second passage’s emphasis on balancing conscience with dialogue and reform.",,,8,8,"The question is clearly written, logically structured, and aligns well with SAT Two-Passages standards. It requires students to compare differing viewpoints between a historical and a modern perspective, and the answer choices include plausible distractors that engage the student in multi-step reasoning. One way to improve this question further would be to enrich the passages with slightly more detail or nuance, thereby deepening the complexity without sacrificing clarity. Additionally, consider expanding the explanation to address why each distractor is less suitable, which can help guide struggling students more effectively.",8,24,"{""skill"": ""Two Passages"", ""difficulty"": ""Medium"", ""question"": ""**Passage 1: 19th-Century Activist's Perspective on Moral Conscience**\n\nOne 19th-century activist contends that genuine freedom emerges when individuals place their moral conscience above any government decree. According to this activist, the state’s legitimacy dissolves if it undermines personal autonomy, so resistance is seen as an expression of integrity.\n\n**Passage 2: Modern Commentator on Resistance Methods**\n\nA modern commentator acknowledges the importance of moral conscience but maintains that constructive dialogue with institutions can also be a meaningful form of resistance. This commentator argues that, though civil disobedience can serve as a last resort, public commitment to negotiated reforms can occasionally achieve more lasting changes.\n\n**Which of the following best describes how the author of Passage 2 would likely critique the principle presented in Passage 1?**"", ""choices"": [""A. The author of Passage 2 would partly accept the principle, recognizing the role of moral conscience, but advocate supplementing it with cooperative reform efforts."", ""B. The author of Passage 2 would reject the principle, claiming that it neglects the importance of institutional frameworks for shaping change."", ""C. The author of Passage 2 would interpret the principle as dismissive of meaningful incremental progress achieved through constructive law-abiding processes."", ""D. The author of Passage 2 would support the principle unconditionally, agreeing that moral autonomy should always override external authority.""], ""answer"": ""A"", ""explanation"": ""In Passage 1, the activist views moral conscience as taking precedence over governmental orders, advocating resistance when personal integrity is at stake. Passage 2 accepts the significance of moral conscience but emphasizes constructive engagement with institutions as a more productive approach to resistance. Answer choice A captures this nuanced viewpoint, combining moral guidance with systemic reform. The other options either misrepresent the commentator's acknowledgment of moral conscience (B, C) or fail to consider their emphasis on collaboration (D)."", ""topic"": ""Diverging attitudes toward individual morality and institutional reform"", ""total_score"": 24, ""constructive_feedback"": ""The question is clearly written, logically structured, and aligns well with SAT Two-Passages standards. It requires students to compare differing viewpoints between a historical and a modern perspective, and the answer choices include plausible distractors that engage the student in multi-step reasoning. One way to improve this question further would be to enrich the passages with slightly more detail or nuance, thereby deepening the complexity without sacrificing clarity. Additionally, consider expanding the explanation to address why each distractor is less suitable, which can help guide struggling students more effectively."", ""difficulty_feedback"": ""The question is appropriately categorized as Medium difficulty. It challenges students to synthesize information from two distinct passages and distinguish between subtle differences in viewpoint, which meets the medium-level standards. To further fine-tune the difficulty level, you might consider lengthening the passage slightly or adding an extra layer of nuance that requires students to engage in more analytical reasoning.""}"
2025-03-14 02:23:08,"{""skill"": ""Two Passages"", ""difficulty"": ""Hard"", ""question"": ""Passage 1: A historian argues that folk music forms an essential bridge to the past, helping current generations experience local customs and storytelling traditions. According to this viewpoint, melodies and lyrics passed down orally preserve cultural values that might otherwise be overlooked.\\n\\nPassage 2: An ethnomusicologist suggests that modern technology can serve as a means to expand folk music’s influence without diluting its core traits. By promoting it online and integrating it into contemporary forms, this scholar believes people can safeguard the cultural roots of folk songs while making them accessible to young audiences.\\n\\nWhich choice best describes how Passage 2’s focus builds on the argument introduced in Passage 1?"", ""choices"": [""A. By positing that folk music is mostly incompatible with modern platforms"", ""B. By arguing that innovations reduce the authenticity of original folk music"", ""C. By claiming that folk music flourishes only when restricted to local audiences"", ""D. By showing how technologies can sustain important traditions while broadening their reach""], ""answer"": ""D"", ""explanation"": ""Passage 1 emphasizes the historical and cultural significance of folk music. Passage 2 extends this idea by explaining that modern tools can protect these traditions and share them with broader communities. Choices A and B suggest conflicts or incompatibilities with modern developments, which the second passage does not claim. Choice C overlooks the possibility of online exposure, which Passage 2 encourages. Therefore, choice D correctly reflects how Passage 2 expands on Passage 1’s argument that folk music can be preserved and shared through newer channels."", ""topic"": ""The importance of folk music in cultural preservation""}",Two Passages,Hard,"Passage 1: A historian argues that folk music forms an essential bridge to the past, helping current generations experience local customs and storytelling traditions. According to this viewpoint, melodies and lyrics passed down orally preserve cultural values that might otherwise be overlooked.\n\nPassage 2: An ethnomusicologist suggests that modern technology can serve as a means to expand folk music’s influence without diluting its core traits. By promoting it online and integrating it into contemporary forms, this scholar believes people can safeguard the cultural roots of folk songs while making them accessible to young audiences.\n\nWhich choice best describes how Passage 2’s focus builds on the argument introduced in Passage 1?","A. By positing that folk music is mostly incompatible with modern platforms
B. By arguing that innovations reduce the authenticity of original folk music
C. By claiming that folk music flourishes only when restricted to local audiences
D. By showing how technologies can sustain important traditions while broadening their reach",D,"Passage 1 emphasizes the historical and cultural significance of folk music. Passage 2 extends this idea by explaining that modern tools can protect these traditions and share them with broader communities. Choices A and B suggest conflicts or incompatibilities with modern developments, which the second passage does not claim. Choice C overlooks the possibility of online exposure, which Passage 2 encourages. Therefore, choice D correctly reflects how Passage 2 expands on Passage 1’s argument that folk music can be preserved and shared through newer channels.","Below are specific points for improvement:

1. Formatting of the Passages:  
 • The guidelines require that each passage begin with a bolded header (for example, “**Passage 1:**”) followed by a double line break (using “\n\n” with a single backslash before each n). In the current question the passages begin with “Passage 1:” and “Passage 2:” without bolding.  
  – Suggestion: Change  
   ""Passage 1: A historian argues that folk music forms an essential bridge to the past, helping current generations experience local customs and storytelling traditions. According to this viewpoint, melodies and lyrics passed down orally preserve cultural values that might otherwise be overlooked.\\n\\nPassage 2: An ethnomusicologist suggests that modern technology can serve as a means to expand folk music’s influence without diluting its core traits...""  
  to  
   ""**Passage 1:** A historian argues that folk music forms an essential bridge to the past, helping current generations experience local customs and storytelling traditions. According to this viewpoint, melodies and lyrics passed down orally preserve cultural values that might otherwise be overlooked.\\n\\n**Passage 2:** An ethnomusicologist suggests that modern technology can serve as a means to expand folk music’s influence without diluting its core traits...""  

2. Difficulty Level and Complexity:  
 • Although the question asks how Passage 2 builds on the argument of Passage 1—a clear Two Passages skill—the overall language and passage length are relatively brief. Hard questions should involve more complex, multi-step reasoning, use advanced vocabulary, and ideally present passages with more nuanced or abstract elements.  
  – Suggestion A: Either revise the “difficulty” label to “Medium” or expand each passage to include additional sentences that introduce more sophisticated ideas (for example, discussing potential trade-offs or subtle shifts in emphasis) so that the reasoning required is more layered.  
  – Suggestion B: Enhance one or two distractors so they include partially valid reasoning. For instance, one incorrect choice might include a statement like “By implying that modern platforms inherently compromise authenticity,” which is tempting but ultimately misses that the ethnomusicologist insists on safeguarding cultural roots.

3. Answer Choices and Explanation:  
 • The answer choices are clear and there is exactly one correct answer (D). However, in a high-difficulty question the distractors should be even more nuanced so that students must carefully dissect similarities and differences between the authorial perspectives.  
  – Suggestion: Revise distractors A–C to incorporate subtle errors (for example, referencing an unstated assumption or misattributing a nuance of “authenticity” vs. “reach”) to intensify the trap for partially correct responses.  
 • The explanation is educational and correctly shows why D is the best answer. You might simply add one additional sentence indicating that the other choices omit key aspects of how technology extends—not replaces—the traditional function, just as an extra clarity point.

Overall, while the question presents a clear context and one unambiguous correct answer along with plausible distractors, these changes in formatting and enhancements for complexity (or an adjustment of the difficulty label) are needed for the question to fully meet the highest SAT standards for Hard two-passage questions.","{""skill"": ""Two Passages"", ""difficulty"": ""Hard"", ""question"": ""**Passage 1:** A historian argues that folk music forms an essential bridge to the past, helping current generations experience local customs and storytelling traditions. According to this viewpoint, melodies and lyrics passed down orally preserve cultural values that might otherwise be overlooked.\n\n**Passage 2:** An ethnomusicologist suggests that modern technology can serve as a means to expand folk music's influence without diluting its core traits. By promoting it online and integrating it into contemporary forms, this scholar believes people can safeguard the cultural roots of folk songs while making them accessible to young audiences.\n\nWhich choice best describes how Passage 2's focus builds on the argument introduced in Passage 1?"", ""choices"": [""A. By positing that folk music is mostly incompatible with modern platforms"", ""B. By arguing that innovations reduce the authenticity of original folk music"", ""C. By claiming that folk music flourishes only when restricted to local audiences"", ""D. By showing how technologies can sustain important traditions while broadening their reach""], ""answer"": ""D"", ""explanation"": ""Passage 1 emphasizes the historical and cultural significance of folk music. Passage 2 extends this idea by explaining that modern tools can protect these traditions and share them with broader communities. The correct answer, choice D, captures this expanded perspective. Choices A and B suggest conflicts or incompatibilities with modern developments, but Passage 2 doesn't argue this. Choice C argues the opposite of what Passage 2 proposes, which encourages global exposure. Thus, choice D is the most accurate."", ""topic"": ""The importance of folk music in cultural preservation"", ""total_score"": 21, ""constructive_feedback"": ""The question is clearly written and follows the SAT Two Passages format, including distinct headers for both passages and appropriate answer choices with clear rationale in the explanation. The distractors are plausible yet distinct from the correct answer. However, since the question is labeled as Hard, the passages are relatively brief and straightforward. To elevate it, consider lengthening the passages or introducing more complex and nuanced language. Adding subtle elements that require multi-step reasoning or identification of implicit assumptions would challenge high-performing students more appropriately."", ""difficulty_feedback"": ""Although the question aligns well with SAT standards in terms of structure and clarity, its content and language are more in line with medium-level difficulty. To meet Hard difficulty guidelines, the passages could incorporate more sophisticated vocabulary, multi-layered arguments, and distractors that require deeper analysis and synthesis. This adjustment would ensure the exam challenges students in a manner consistent with the 'Hard' label.""}","**Passage 1:** A historian argues that folk music forms an essential bridge to the past, helping current generations experience local customs and storytelling traditions. According to this viewpoint, melodies and lyrics passed down orally preserve cultural values that might otherwise be overlooked.

**Passage 2:** An ethnomusicologist suggests that modern technology can serve as a means to expand folk music's influence without diluting its core traits. By promoting it online and integrating it into contemporary forms, this scholar believes people can safeguard the cultural roots of folk songs while making them accessible to young audiences.

Which choice best describes how Passage 2's focus builds on the argument introduced in Passage 1?","A. By positing that folk music is mostly incompatible with modern platforms
B. By arguing that innovations reduce the authenticity of original folk music
C. By claiming that folk music flourishes only when restricted to local audiences
D. By showing how technologies can sustain important traditions while broadening their reach",D,"Passage 1 emphasizes the historical and cultural significance of folk music. Passage 2 extends this idea by explaining that modern tools can protect these traditions and share them with broader communities. The correct answer, choice D, captures this expanded perspective. Choices A and B suggest conflicts or incompatibilities with modern developments, but Passage 2 doesn't argue this. Choice C argues the opposite of what Passage 2 proposes, which encourages global exposure. Thus, choice D is the most accurate.",,,8,8,"The question is clearly written and follows the SAT Two Passages format, including distinct headers for both passages and appropriate answer choices with clear rationale in the explanation. The distractors are plausible yet distinct from the correct answer. However, since the question is labeled as Hard, the passages are relatively brief and straightforward. To elevate it, consider lengthening the passages or introducing more complex and nuanced language. Adding subtle elements that require multi-step reasoning or identification of implicit assumptions would challenge high-performing students more appropriately.",5,21,"{""skill"": ""Two Passages"", ""difficulty"": ""Hard"", ""question"": ""**Passage 1:** A historian argues that folk music forms an essential bridge to the past, helping current generations experience local customs and storytelling traditions. According to this viewpoint, melodies and lyrics passed down orally preserve cultural values that might otherwise be overlooked.\n\n**Passage 2:** An ethnomusicologist suggests that modern technology can serve as a means to expand folk music's influence without diluting its core traits. By promoting it online and integrating it into contemporary forms, this scholar believes people can safeguard the cultural roots of folk songs while making them accessible to young audiences.\n\nWhich choice best describes how Passage 2's focus builds on the argument introduced in Passage 1?"", ""choices"": [""A. By positing that folk music is mostly incompatible with modern platforms"", ""B. By arguing that innovations reduce the authenticity of original folk music"", ""C. By claiming that folk music flourishes only when restricted to local audiences"", ""D. By showing how technologies can sustain important traditions while broadening their reach""], ""answer"": ""D"", ""explanation"": ""Passage 1 emphasizes the historical and cultural significance of folk music. Passage 2 extends this idea by explaining that modern tools can protect these traditions and share them with broader communities. The correct answer, choice D, captures this expanded perspective. Choices A and B suggest conflicts or incompatibilities with modern developments, but Passage 2 doesn't argue this. Choice C argues the opposite of what Passage 2 proposes, which encourages global exposure. Thus, choice D is the most accurate."", ""topic"": ""The importance of folk music in cultural preservation"", ""total_score"": 21, ""constructive_feedback"": ""The question is clearly written and follows the SAT Two Passages format, including distinct headers for both passages and appropriate answer choices with clear rationale in the explanation. The distractors are plausible yet distinct from the correct answer. However, since the question is labeled as Hard, the passages are relatively brief and straightforward. To elevate it, consider lengthening the passages or introducing more complex and nuanced language. Adding subtle elements that require multi-step reasoning or identification of implicit assumptions would challenge high-performing students more appropriately."", ""difficulty_feedback"": ""Although the question aligns well with SAT standards in terms of structure and clarity, its content and language are more in line with medium-level difficulty. To meet Hard difficulty guidelines, the passages could incorporate more sophisticated vocabulary, multi-layered arguments, and distractors that require deeper analysis and synthesis. This adjustment would ensure the exam challenges students in a manner consistent with the 'Hard' label.""}"
2025-03-14 02:24:21,"{""skill"": ""Word Choice"", ""difficulty"": ""Easy"", ""question"": ""Vincent van Gogh is often recognized for the emotional intensity of his artwork, which influenced countless painters who came after him.\n\nWhich choice best completes the sentence below?\n\nVan Gogh's ____ brushstrokes had a significant impact on modern art."", ""choices"": [""A) hesitant"", ""B) expressive"", ""C) reserved"", ""D) mechanical""], ""answer"": ""B"", ""explanation"": ""In this context, the word \""expressive\"" accurately shows how Van Gogh's brushstrokes conveyed emotion and energy, which greatly influenced future generations of artists. The other options suggest holding back or being uniform, which do not reflect Van Gogh's vivid style. Recognizing the intended tone and meaning in the sentence helps confirm that \""expressive\"" is the most fitting word."", ""topic"": ""The life and artistic influence of Vincent van Gogh""}",Word Choice,Easy,"Vincent van Gogh is often recognized for the emotional intensity of his artwork, which influenced countless painters who came after him.

Which choice best completes the sentence below?

Van Gogh's ____ brushstrokes had a significant impact on modern art.","A) hesitant
B) expressive
C) reserved
D) mechanical",B,"In this context, the word ""expressive"" accurately shows how Van Gogh's brushstrokes conveyed emotion and energy, which greatly influenced future generations of artists. The other options suggest holding back or being uniform, which do not reflect Van Gogh's vivid style. Recognizing the intended tone and meaning in the sentence helps confirm that ""expressive"" is the most fitting word.","The question is very strong overall: it provides clear context about van Gogh’s artwork, includes a logically constructed sentence with a blank, and presents one correct answer alongside three plausible distractors. The explanation is succinct and educational, guiding students through why “expressive” is best while ruling out the other options.

However, one small formatting detail must be adjusted. According to our standards for Digital SAT vocabulary questions, the blank should be represented as "" ________ "" (with exactly eight underscores and a single space on each side) rather than ""____"". This change will ensure full consistency with our formatting guidelines.

Specific change:
• Replace “Van Gogh's ____ brushstrokes had a significant impact on modern art.” 
with “Van Gogh's ________ brushstrokes had a significant impact on modern art.”

Once this blank-formatting change is made, the question meets all of our criteria.","{""skill"": ""Word Choice"", ""difficulty"": ""Easy"", ""question"": ""Vincent van Gogh is often recognized for the emotional intensity of his artwork, which influenced countless painters who came after him.\n\nWhich choice best completes the sentence below?\n\nVan Gogh's ________ brushstrokes had a significant impact on modern art."", ""choices"": [""A) hesitant"", ""B) expressive"", ""C) reserved"", ""D) mechanical""], ""answer"": ""B"", ""explanation"": ""In this context, the word \""expressive\"" accurately shows how Van Gogh's brushstrokes conveyed emotion and energy, which greatly influenced future generations of artists. The other options suggest holding back or being uniform, which do not reflect Van Gogh's vivid style. Recognizing the intended tone and meaning in the sentence helps confirm that \""expressive\"" is the most fitting word."", ""topic"": ""The life and artistic influence of Vincent van Gogh""}","Vincent van Gogh is often recognized for the emotional intensity of his artwork, which influenced countless painters who came after him.

Which choice best completes the sentence below?

Van Gogh's ________ brushstrokes had a significant impact on modern art.","A) hesitant
B) expressive
C) reserved
D) mechanical",B,"In this context, the word ""expressive"" accurately shows how Van Gogh's brushstrokes conveyed emotion and energy, which greatly influenced future generations of artists. The other options suggest holding back or being uniform, which do not reflect Van Gogh's vivid style. Recognizing the intended tone and meaning in the sentence helps confirm that ""expressive"" is the most fitting word.",,,8,8,"The question is well-constructed and clearly aligned with SAT Word Choice standards. The context appropriately cues the student to the emotional tone of van Gogh’s artwork, and the answer choices are sufficiently distinct so that 'expressive' stands out as the best fit. To improve further, consider enriching the context by adding an additional sentence that reinforces the emotional or dynamic nature of his style, which would deepen the analysis while still remaining accessible for an easy question.",9,25,"{""skill"": ""Word Choice"", ""difficulty"": ""Easy"", ""question"": ""Vincent van Gogh is often recognized for the emotional intensity of his artwork, which influenced countless painters who came after him. Among his techniques, Van Gogh is especially known for his energetic and textured painting style.\n\nWhich choice best completes the sentence below?\n\nVan Gogh's ________ brushstrokes had a significant impact on modern art."", ""choices"": [""A) hesitant"", ""B) expressive"", ""C) reserved"", ""D) mechanical""], ""answer"": ""B"", ""explanation"": ""Adding the new information about Van Gogh's dynamic painting technique reinforces the emotional aspects of his work. The word 'expressive' is consistent with Van Gogh's influence and the energy in his artwork. The incorrect choices ('hesitant', 'reserved', 'mechanical') fail to capture the vigor and emotion that characterized his distinctive style."", ""topic"": ""The life and artistic influence of Vincent van Gogh"", ""total_score"": 25, ""constructive_feedback"": ""The question is well-constructed and clearly aligned with SAT Word Choice standards. The context appropriately cues the student to the emotional tone of van Gogh’s artwork, and the answer choices are sufficiently distinct so that 'expressive' stands out as the best fit. To improve further, consider enriching the context by adding an additional sentence that reinforces the emotional or dynamic nature of his style, which would deepen the analysis while still remaining accessible for an easy question."", ""difficulty_feedback"": ""The question matches its labeled difficulty. The vocabulary and sentence structure are straightforward, and the context provides clear clues to eliminate the distractors, making it suitable for an easy-level SAT practice question. To maintain the balance, ensure that even easy questions encourage students to carefully consider each option, perhaps by slightly varying the distractors in future iterations.""}"
2025-03-14 02:25:31,"{""skill"": ""Word Choice"", ""difficulty"": ""Medium"", ""question"": ""In discussing the influence of cyberpunk themes on tech innovation and digital culture, some enthusiasts claim that these futuristic visions have ______ mainstream discourse by urging people to question the balance between technological progress and personal freedom.\n\nWhich choice best completes the sentence?"", ""choices"": [""A. diverted"", ""B. diminished"", ""C. galvanized"", ""D. restrained""], ""answer"": ""C"", ""explanation"": ""Cyberpunk narratives highlight futuristic landscapes and radical ideas about humanity’s technological evolution. Such depictions tend to generate excitement and provoke critical thinking, rather than reduce or redirect attention. For that reason, “galvanized” is the most appropriate choice because it conveys the idea of energizing or intensifying mainstream discourse. The other options imply reducing or diverting interest, which does not fit the intended meaning."", ""topic"": ""The influence of cyberpunk themes in tech innovation and digital culture""}",Word Choice,Medium,"In discussing the influence of cyberpunk themes on tech innovation and digital culture, some enthusiasts claim that these futuristic visions have ______ mainstream discourse by urging people to question the balance between technological progress and personal freedom.

Which choice best completes the sentence?","A. diverted
B. diminished
C. galvanized
D. restrained",C,"Cyberpunk narratives highlight futuristic landscapes and radical ideas about humanity’s technological evolution. Such depictions tend to generate excitement and provoke critical thinking, rather than reduce or redirect attention. For that reason, “galvanized” is the most appropriate choice because it conveys the idea of energizing or intensifying mainstream discourse. The other options imply reducing or diverting interest, which does not fit the intended meaning.",Previous input perfect; don't change anything.,"{""skill"": ""Word Choice"", ""difficulty"": ""Medium"", ""question"": ""In discussing the influence of cyberpunk themes on tech innovation and digital culture, some enthusiasts claim that these futuristic visions have ______ mainstream discourse by urging people to question the balance between technological progress and personal freedom.\n\nWhich choice best completes the sentence?"", ""choices"": [""A. diverted"", ""B. diminished"", ""C. galvanized"", ""D. restrained""], ""answer"": ""C"", ""explanation"": ""Cyberpunk narratives highlight futuristic landscapes and radical ideas about humanity’s technological evolution. Such depictions tend to generate excitement and provoke critical thinking, rather than reduce or redirect attention. For that reason, “galvanized” is the most appropriate choice because it conveys the idea of energizing or intensifying mainstream discourse. The other options imply reducing or diverting interest, which does not fit the intended meaning."", ""topic"": ""The influence of cyberpunk themes in tech innovation and digital culture""}","In discussing the influence of cyberpunk themes on tech innovation and digital culture, some enthusiasts claim that these futuristic visions have ______ mainstream discourse by urging people to question the balance between technological progress and personal freedom.

Which choice best completes the sentence?","A. diverted
B. diminished
C. galvanized
D. restrained",C,"Cyberpunk narratives highlight futuristic landscapes and radical ideas about humanity’s technological evolution. Such depictions tend to generate excitement and provoke critical thinking, rather than reduce or redirect attention. For that reason, “galvanized” is the most appropriate choice because it conveys the idea of energizing or intensifying mainstream discourse. The other options imply reducing or diverting interest, which does not fit the intended meaning.",,,8,8,"The question is well-constructed and aligns with the SAT word-choice format. It provides a clear context, with a topic that is both modern (cyberpunk themes) and sufficiently detailed to allow students to use context clues. The distractors are plausible yet distinct from the correct answer, and the explanation clearly outlines why 'galvanized' is the best choice against the other options. To further improve, consider increasing the contextual detail slightly to help lower-level students connect more readily with the passage, and expand the explanation by addressing how the incorrect options fail in nuance. This would enhance the learning value for students who might struggle with subtle vocabulary differences.",8,24,"{""skill"": ""Word Choice"", ""difficulty"": ""Medium"", ""question"": ""In discussing the influence of cyberpunk themes on tech innovation and digital culture, some enthusiasts claim that these futuristic visions, often featuring high-tech and low-life dichotomies, have ______ mainstream discourse by urging people to question the balance between technological progress and personal freedom.\n\nWhich choice best completes the sentence?"", ""choices"": [""A. diverted"", ""B. diminished"", ""C. galvanized"", ""D. restrained""], ""answer"": ""C"", ""explanation"": ""Cyberpunk narratives highlight futuristic landscapes and radical ideas about humanity's technological evolution, emphasizing themes of societal impact and personal freedom. Such depictions excite and provoke critical thinking, rather than reduce or redirect attention. \""Galvanized\"" aptly conveys the idea of energizing or intensifying mainstream discourse. By contrast, \""diverted\"" suggests a change of direction, \""diminished\"" implies a reduction, and \""restrained\"" denotes limitation—none of which align with the intended energizing effect of cyberpunk themes."", ""topic"": ""The influence of cyberpunk themes in tech innovation and digital culture"", ""total_score"": 24, ""constructive_feedback"": ""The question is well-constructed and aligns with the SAT word-choice format. It provides a clear context, with a topic that is both modern (cyberpunk themes) and sufficiently detailed to allow students to use context clues. The distractors are plausible yet distinct from the correct answer, and the explanation clearly outlines why 'galvanized' is the best choice against the other options. To further improve, consider increasing the contextual detail slightly to help lower-level students connect more readily with the passage, and expand the explanation by addressing how the incorrect options fail in nuance. This would enhance the learning value for students who might struggle with subtle vocabulary differences."", ""difficulty_feedback"": ""The question appropriately matches a medium difficulty level. It uses moderately advanced vocabulary and expects a nuanced understanding of the word meanings. The distractors are plausible and require careful thought, which is characteristic of medium-level SAT vocabulary questions. To further align with this difficulty, you might ensure the context is as rich as possible without being overwhelming, possibly by integrating a secondary sentence or a more explicit hint about the nature of the cyberpunk influence.""}"
2025-03-14 02:26:56,"{""skill"": ""Word Choice"", ""difficulty"": ""Hard"", ""question"": ""Janey Crawford’s determination for self-reliance in Their Eyes Were Watching God often drives her to make bold choices. In one early moment, she believes marriage will be the ______ that finally grants her true freedom.\n\nWhich choice best completes the sentence with a word that emphasizes how Janey views marriage as unlocking her independence?"", ""choices"": [""A. key"", ""B. limit"", ""C. chore"", ""D. advantage""], ""answer"": ""A"", ""explanation"": ""In this sentence, Janey thinks marriage will unlock her freedom, so \""key\"" is the most fitting word. Replacing the blank with \""limit\"" or \""chore\"" implies a negative or burdensome view, which does not convey her belief that marriage will open the door to independence. Although \""advantage\"" might suggest a benefit, it lacks the strong sense of something that grants access or opportunity. Therefore, \""key\"" correctly conveys the idea that she sees marriage as the means to unlock her autonomy."", ""topic"": ""Janey Crawford’s search for independence in Their Eyes Were Watching God""}",Word Choice,Hard,"Janey Crawford’s determination for self-reliance in Their Eyes Were Watching God often drives her to make bold choices. In one early moment, she believes marriage will be the ______ that finally grants her true freedom.

Which choice best completes the sentence with a word that emphasizes how Janey views marriage as unlocking her independence?","A. key
B. limit
C. chore
D. advantage",A,"In this sentence, Janey thinks marriage will unlock her freedom, so ""key"" is the most fitting word. Replacing the blank with ""limit"" or ""chore"" implies a negative or burdensome view, which does not convey her belief that marriage will open the door to independence. Although ""advantage"" might suggest a benefit, it lacks the strong sense of something that grants access or opportunity. Therefore, ""key"" correctly conveys the idea that she sees marriage as the means to unlock her autonomy.","Below is my detailed feedback:

• Context and Clarity: The question provides a clear context by referencing a key moment in Their Eyes Were Watching God and explaining that marriage is seen as unlocking true freedom. However, note that the protagonist’s name is generally spelled “Janie Crawford” (not “Janey Crawford”). Correcting the spelling will improve accuracy and alignment with the canonical text.

• Sufficient Information & Correct Answer: The sentence and follow-up prompt supply enough context for students to conclude that “key” (choice A) is the correct answer. The distractors (“limit,” “chore,” “advantage”) are plausible enough to require careful reasoning, with “advantage” being the only tempting option—but it does not capture the unlocking metaphor as precisely.

• Explanation: The explanation clearly states why “key” is best and why the other words do not convey the intended nuance. For enhanced clarity, you might add that “key” metaphorically suggests both access and the unlocking of opportunity—a nuance that “advantage” fails to capture.

• Formatting: The blank in the sentence should follow the prescribed format—a blank with eight underscores and a space on each side (i.e., “ ________ ”). Adjust the blank accordingly from “______” to “ ________ ” to adhere to the standard.

• Difficulty Level: Although the question is labeled as Hard, the vocabulary choices are relatively common. Hard-level vocabulary questions typically require an understanding of advanced or nuanced word meanings (such as distinguishing between “obfuscate” and “confound”). To align with a Hard difficulty, consider revising the answer choices to include more sophisticated vocabulary. For instance, you might replace “key” with a more challenging metaphor (e.g., “linchpin”) and adjust the other options to reflect advanced lexical nuances. If adjusting the vocabulary isn’t desirable, then updating the JSON output’s difficulty to “Medium” may be more appropriate.

Overall, the question is strong in its context and reasoning but needs adjustments in name accuracy, blank formatting, and vocabulary difficulty to fully meet the highest standards for a Hard-level SAT Word Choice question.

","{""skill"": ""Word Choice"", ""difficulty"": ""Hard"", ""question"": ""Janie Crawford’s determination for self-reliance in Their Eyes Were Watching God often drives her to make bold choices. In one early moment, she believes marriage will be the ________ that finally grants her true freedom.\n\nWhich choice best completes the sentence with a word that emphasizes how Janie views marriage as unlocking her independence?"", ""choices"": [""A. linchpin"", ""B. encumbrance"", ""C. revelation"", ""D. cornerstone""], ""answer"": ""A"", ""explanation"": ""In this context, Janie sees marriage as something that unlocks or facilitates her freedom. 'Linchpin' metaphorically suggests a critical component that holds or connects everything together, fitting the idea of marriage being central to attaining independence. 'Encumbrance' suggests a burden and does not align with Janie’s positive outlook. 'Revelation' indicates an enlightening or surprising insight but does not connect to the idea of unlocking. 'Cornerstone' implies a foundational role but lacks the unlocking metaphor inherent in 'linchpin.' Thus, 'linchpin' is the most appropriate choice."", ""topic"": ""Janie Crawford’s search for independence in Their Eyes Were Watching God""}","Janie Crawford’s determination for self-reliance in Their Eyes Were Watching God often drives her to make bold choices. In one early moment, she believes marriage will be the ________ that finally grants her true freedom.

Which choice best completes the sentence with a word that emphasizes how Janie views marriage as unlocking her independence?","A. linchpin
B. encumbrance
C. revelation
D. cornerstone",A,"In this context, Janie sees marriage as something that unlocks or facilitates her freedom. 'Linchpin' metaphorically suggests a critical component that holds or connects everything together, fitting the idea of marriage being central to attaining independence. 'Encumbrance' suggests a burden and does not align with Janie’s positive outlook. 'Revelation' indicates an enlightening or surprising insight but does not connect to the idea of unlocking. 'Cornerstone' implies a foundational role but lacks the unlocking metaphor inherent in 'linchpin.' Thus, 'linchpin' is the most appropriate choice.",,,8,8,"The question is well-crafted in that it situates an advanced vocabulary choice within a literary context, and the sentence clearly challenges students to discern a nuanced difference between similar words. However, the similarity between 'linchpin' and 'cornerstone' might be too subtle. Consider strengthening the sentence with an additional context clue—perhaps by emphasizing a dynamic quality such as the idea of initiating or unlocking change—to more clearly differentiate the intended nuance of 'linchpin' from the more static connotation of 'cornerstone'. This would help ensure that only one answer fits perfectly in context.",7,23,"{""skill"": ""Word Choice"", ""difficulty"": ""Hard"", ""question"": ""Janie Crawford’s determination for self-reliance in *Their Eyes Were Watching God* often drives her to make bold choices. In one early moment, she believes marriage will be the ________ that finally unlocks her path to true independence and self-expression.\n\nWhich choice best completes the sentence with a word that emphasizes how Janie views marriage as unlocking her independence?"", ""choices"": [""A. linchpin"", ""B. encumbrance"", ""C. revelation"", ""D. cornerstone""], ""answer"": ""A"", ""explanation"": ""In this context, the sentence describes Janie’s belief that marriage is key to unlocking her independence. The word 'linchpin' suggests a central element upon which everything else depends, fitting the metaphor of a critical component unlocking potential. 'Encumbrance' signifies a burden, conflicting with Janie's hopeful outlook. 'Revelation' would imply a sudden realization rather than a functional role. 'Cornerstone' implies a more static, foundational role without the dynamic quality of unlocking, whereas 'linchpin' encompasses both centrality and the enabling function appropriate here. Thus, 'A. linchpin' is the most fitting choice."", ""topic"": ""Janie Crawford’s search for independence in *Their Eyes Were Watching God*"", ""total_score"": 23, ""constructive_feedback"": ""The question is well-crafted in that it situates an advanced vocabulary choice within a literary context, and the sentence clearly challenges students to discern a nuanced difference between similar words. However, the similarity between 'linchpin' and 'cornerstone' might be too subtle. Consider strengthening the sentence with an additional context clue—perhaps by emphasizing a dynamic quality such as the idea of initiating or unlocking change—to more clearly differentiate the intended nuance of 'linchpin' from the more static connotation of 'cornerstone'. This would help ensure that only one answer fits perfectly in context."", ""difficulty_feedback"": ""Although the question is labeled as Hard and does involve advanced vocabulary and nuanced distinctions, the close similarity between two of the answer choices could potentially cause ambiguity. Adjusting the context to emphasize the dynamic, transformative role of marriage (rather than just its foundational quality) would better align the question with the high-level challenging criteria expected for Hard SAT word-choice questions.""}"
